split,index,bdmap_id
train,0,BDMAP_00006697
train,1,BDMAP_00004878
train,2,BDMAP_00003648
train,3,BDMAP_00008515
train,4,BDMAP_00005158
train,5,BDMAP_00005146
train,6,BDMAP_00002524
train,7,BDMAP_00006305
train,8,BDMAP_00004232
train,9,BDMAP_00003382
train,10,BDMAP_00001225
train,11,BDMAP_00007190
train,12,BDMAP_00007933
train,13,BDMAP_00002345
train,14,BDMAP_00000638
train,15,BDMAP_00000971
train,16,BDMAP_00005737
train,17,BDMAP_00005654
train,18,BDMAP_00002457
train,19,BDMAP_00007132
train,20,BDMAP_00001666
train,21,BDMAP_00002749
train,22,BDMAP_00005859
train,23,BDMAP_00007286
train,24,BDMAP_00000089
train,25,BDMAP_00001057
train,26,BDMAP_00001569
train,27,BDMAP_00007264
train,28,BDMAP_00008934
train,29,BDMAP_00003315
train,30,BDMAP_00001457
train,31,BDMAP_00008230
train,32,BDMAP_00001958
train,33,BDMAP_00000048
train,34,BDMAP_00003096
train,35,BDMAP_00001544
train,36,BDMAP_00008868
train,37,BDMAP_00007987
train,38,BDMAP_00002875
train,39,BDMAP_00008385
train,40,BDMAP_00003313
train,41,BDMAP_00008636
train,42,BDMAP_00008943
train,43,BDMAP_00000246
train,44,BDMAP_00004029
train,45,BDMAP_00002499
train,46,BDMAP_00002311
train,47,BDMAP_00005197
train,48,BDMAP_00000120
train,49,BDMAP_00007672
train,50,BDMAP_00009208
train,51,BDMAP_00004813
train,52,BDMAP_00003249
train,53,BDMAP_00001453
train,54,BDMAP_00003468
train,55,BDMAP_00003932
train,56,BDMAP_00007376
train,57,BDMAP_00001929
train,58,BDMAP_00006467
train,59,BDMAP_00006319
train,60,BDMAP_00000857
train,61,BDMAP_00006659
train,62,BDMAP_00004520
train,63,BDMAP_00003167
train,64,BDMAP_00002153
train,65,BDMAP_00007442
train,66,BDMAP_00000568
train,67,BDMAP_00006604
train,68,BDMAP_00002907
train,69,BDMAP_00002421
train,70,BDMAP_00003957
train,71,BDMAP_00007406
train,72,BDMAP_00007192
train,73,BDMAP_00003480
train,74,BDMAP_00004043
train,75,BDMAP_00004962
train,76,BDMAP_00002009
train,77,BDMAP_00002466
train,78,BDMAP_00008981
train,79,BDMAP_00005279
train,80,BDMAP_00009150
train,81,BDMAP_00008160
train,82,BDMAP_00008266
train,83,BDMAP_00008500
train,84,BDMAP_00000004
train,85,BDMAP_00006628
train,86,BDMAP_00001818
train,87,BDMAP_00008862
train,88,BDMAP_00008526
train,89,BDMAP_00008652
train,90,BDMAP_00007960
train,91,BDMAP_00006702
train,92,BDMAP_00002030
train,93,BDMAP_00005747
train,94,BDMAP_00005538
train,95,BDMAP_00006051
train,96,BDMAP_00009178
train,97,BDMAP_00001085
train,98,BDMAP_00007663
train,99,BDMAP_00005059
train,100,BDMAP_00004872
train,101,BDMAP_00001759
train,102,BDMAP_00008697
train,103,BDMAP_00009194
train,104,BDMAP_00009116
train,105,BDMAP_00000783
train,106,BDMAP_00004424
train,107,BDMAP_00005397
train,108,BDMAP_00005358
train,109,BDMAP_00007284
train,110,BDMAP_00008167
train,111,BDMAP_00009102
train,112,BDMAP_00004323
train,113,BDMAP_00004467
train,114,BDMAP_00002998
train,115,BDMAP_00000458
train,116,BDMAP_00004036
train,117,BDMAP_00006996
train,118,BDMAP_00003708
train,119,BDMAP_00006843
train,120,BDMAP_00001692
train,121,BDMAP_00001795
train,122,BDMAP_00005480
train,123,BDMAP_00008371
train,124,BDMAP_00000564
train,125,BDMAP_00003661
train,126,BDMAP_00007488
train,127,BDMAP_00003020
train,128,BDMAP_00005919
train,129,BDMAP_00005689
train,130,BDMAP_00000132
train,131,BDMAP_00000107
train,132,BDMAP_00001154
train,133,BDMAP_00008570
train,134,BDMAP_00000484
train,135,BDMAP_00001604
train,136,BDMAP_00002474
train,137,BDMAP_00000829
train,138,BDMAP_00005050
train,139,BDMAP_00008960
train,140,BDMAP_00001077
train,141,BDMAP_00001047
train,142,BDMAP_00005713
train,143,BDMAP_00000081
train,144,BDMAP_00002437
train,145,BDMAP_00000077
train,146,BDMAP_00004051
train,147,BDMAP_00008190
train,148,BDMAP_00005107
train,149,BDMAP_00000319
train,150,BDMAP_00000915
train,151,BDMAP_00006307
train,152,BDMAP_00003541
train,153,BDMAP_00008166
train,154,BDMAP_00006129
train,155,BDMAP_00002320
train,156,BDMAP_00005072
train,157,BDMAP_00003498
train,158,BDMAP_00002877
train,159,BDMAP_00004798
train,160,BDMAP_00004975
train,161,BDMAP_00003356
train,162,BDMAP_00005633
train,163,BDMAP_00001447
train,164,BDMAP_00008198
train,165,BDMAP_00007225
train,166,BDMAP_00008482
train,167,BDMAP_00000519
train,168,BDMAP_00006118
train,169,BDMAP_00005559
train,170,BDMAP_00000417
train,171,BDMAP_00005675
train,172,BDMAP_00001489
train,173,BDMAP_00007365
train,174,BDMAP_00002760
train,175,BDMAP_00007587
train,176,BDMAP_00000094
train,177,BDMAP_00004626
train,178,BDMAP_00006042
train,179,BDMAP_00008113
train,180,BDMAP_00006182
train,181,BDMAP_00003640
train,182,BDMAP_00002685
train,183,BDMAP_00001632
train,184,BDMAP_00008326
train,185,BDMAP_00000734
train,186,BDMAP_00003012
train,187,BDMAP_00005510
train,188,BDMAP_00004199
train,189,BDMAP_00007043
train,190,BDMAP_00002176
train,191,BDMAP_00002881
train,192,BDMAP_00009147
train,193,BDMAP_00005023
train,194,BDMAP_00004815
train,195,BDMAP_00002088
train,196,BDMAP_00005825
train,197,BDMAP_00008646
train,198,BDMAP_00000322
train,199,BDMAP_00004230
train,200,BDMAP_00004683
train,201,BDMAP_00002652
train,202,BDMAP_00007764
train,203,BDMAP_00004611
train,204,BDMAP_00007611
train,205,BDMAP_00002509
train,206,BDMAP_00000316
train,207,BDMAP_00003008
train,208,BDMAP_00002754
train,209,BDMAP_00003615
train,210,BDMAP_00006793
train,211,BDMAP_00001570
train,212,BDMAP_00003545
train,213,BDMAP_00000287
train,214,BDMAP_00007530
train,215,BDMAP_00005305
train,216,BDMAP_00004950
train,217,BDMAP_00007374
train,218,BDMAP_00001433
train,219,BDMAP_00000583
train,220,BDMAP_00005082
train,221,BDMAP_00005362
train,222,BDMAP_00002900
train,223,BDMAP_00003284
train,224,BDMAP_00005263
train,225,BDMAP_00005494
train,226,BDMAP_00003544
train,227,BDMAP_00002911
train,228,BDMAP_00009120
train,229,BDMAP_00001019
train,230,BDMAP_00008143
train,231,BDMAP_00004032
train,232,BDMAP_00002200
train,233,BDMAP_00005029
train,234,BDMAP_00002803
train,235,BDMAP_00005141
train,236,BDMAP_00005283
train,237,BDMAP_00002795
train,238,BDMAP_00001916
train,239,BDMAP_00006392
train,240,BDMAP_00009073
train,241,BDMAP_00000767
train,242,BDMAP_00001072
train,243,BDMAP_00000108
train,244,BDMAP_00001157
train,245,BDMAP_00006559
train,246,BDMAP_00000765
train,247,BDMAP_00005261
train,248,BDMAP_00003444
train,249,BDMAP_00003310
train,250,BDMAP_00001594
train,251,BDMAP_00008499
train,252,BDMAP_00006625
train,253,BDMAP_00001719
train,254,BDMAP_00000867
train,255,BDMAP_00002338
train,256,BDMAP_00000748
train,257,BDMAP_00001833
train,258,BDMAP_00006134
train,259,BDMAP_00007400
train,260,BDMAP_00005624
train,261,BDMAP_00004534
train,262,BDMAP_00001964
train,263,BDMAP_00000448
train,264,BDMAP_00003856
train,265,BDMAP_00002035
train,266,BDMAP_00001841
train,267,BDMAP_00006109
train,268,BDMAP_00002883
train,269,BDMAP_00003974
train,270,BDMAP_00000966
train,271,BDMAP_00007837
train,272,BDMAP_00007938
train,273,BDMAP_00008533
train,274,BDMAP_00005313
train,275,BDMAP_00008172
train,276,BDMAP_00002247
train,277,BDMAP_00001163
train,278,BDMAP_00002866
train,279,BDMAP_00005840
train,280,BDMAP_00002095
train,281,BDMAP_00006849
train,282,BDMAP_00007502
train,283,BDMAP_00005171
train,284,BDMAP_00000544
train,285,BDMAP_00000249
train,286,BDMAP_00004899
train,287,BDMAP_00002651
train,288,BDMAP_00002904
train,289,BDMAP_00002500
train,290,BDMAP_00000593
train,291,BDMAP_00003039
train,292,BDMAP_00007404
train,293,BDMAP_00000510
train,294,BDMAP_00004345
train,295,BDMAP_00005307
train,296,BDMAP_00000096
train,297,BDMAP_00003970
train,298,BDMAP_00008245
train,299,BDMAP_00002860
train,300,BDMAP_00005680
train,301,BDMAP_00004723
train,302,BDMAP_00003132
train,303,BDMAP_00003922
train,304,BDMAP_00008789
train,305,BDMAP_00008453
train,306,BDMAP_00000669
train,307,BDMAP_00003583
train,308,BDMAP_00007200
train,309,BDMAP_00003350
train,310,BDMAP_00003406
train,311,BDMAP_00007310
train,312,BDMAP_00004053
train,313,BDMAP_00002112
train,314,BDMAP_00007198
train,315,BDMAP_00003799
train,316,BDMAP_00000654
train,317,BDMAP_00005941
train,318,BDMAP_00001058
train,319,BDMAP_00001471
train,320,BDMAP_00001792
train,321,BDMAP_00001091
train,322,BDMAP_00006082
train,323,BDMAP_00001576
train,324,BDMAP_00002522
train,325,BDMAP_00003775
train,326,BDMAP_00005571
train,327,BDMAP_00007843
train,328,BDMAP_00001627
train,329,BDMAP_00001181
train,330,BDMAP_00008053
train,331,BDMAP_00000624
train,332,BDMAP_00002679
train,333,BDMAP_00005131
train,334,BDMAP_00007922
train,335,BDMAP_00000995
train,336,BDMAP_00005289
train,337,BDMAP_00000361
train,338,BDMAP_00000744
train,339,BDMAP_00001514
train,340,BDMAP_00008273
train,341,BDMAP_00003061
train,342,BDMAP_00005492
train,343,BDMAP_00005609
train,344,BDMAP_00003296
train,345,BDMAP_00003022
train,346,BDMAP_00007274
train,347,BDMAP_00003602
train,348,BDMAP_00006540
train,349,BDMAP_00005380
train,350,BDMAP_00002934
train,351,BDMAP_00000170
train,352,BDMAP_00002389
train,353,BDMAP_00005337
train,354,BDMAP_00004835
train,355,BDMAP_00000223
train,356,BDMAP_00007934
train,357,BDMAP_00006087
train,358,BDMAP_00001143
train,359,BDMAP_00009226
train,360,BDMAP_00007135
train,361,BDMAP_00002555
train,362,BDMAP_00008122
train,363,BDMAP_00004794
train,364,BDMAP_00005610
train,365,BDMAP_00003662
train,366,BDMAP_00006261
train,367,BDMAP_00001145
train,368,BDMAP_00000712
train,369,BDMAP_00009104
train,370,BDMAP_00002184
train,371,BDMAP_00003351
train,372,BDMAP_00004475
train,373,BDMAP_00001150
train,374,BDMAP_00008350
train,375,BDMAP_00005199
train,376,BDMAP_00003086
train,377,BDMAP_00007109
train,378,BDMAP_00001124
train,379,BDMAP_00000961
train,380,BDMAP_00000093
train,381,BDMAP_00004292
train,382,BDMAP_00002920
train,383,BDMAP_00000331
train,384,BDMAP_00006755
train,385,BDMAP_00008988
train,386,BDMAP_00007865
train,387,BDMAP_00007818
train,388,BDMAP_00002273
train,389,BDMAP_00002868
train,390,BDMAP_00004696
train,391,BDMAP_00001373
train,392,BDMAP_00006912
train,393,BDMAP_00007260
train,394,BDMAP_00002808
train,395,BDMAP_00000268
train,396,BDMAP_00005341
train,397,BDMAP_00006422
train,398,BDMAP_00004919
train,399,BDMAP_00007342
train,400,BDMAP_00003133
train,401,BDMAP_00008655
train,402,BDMAP_00004031
train,403,BDMAP_00007483
train,404,BDMAP_00007676
train,405,BDMAP_00004565
train,406,BDMAP_00004116
train,407,BDMAP_00004092
train,408,BDMAP_00008634
train,409,BDMAP_00000587
train,410,BDMAP_00007955
train,411,BDMAP_00005524
train,412,BDMAP_00008337
train,413,BDMAP_00006170
train,414,BDMAP_00004739
train,415,BDMAP_00003853
train,416,BDMAP_00000621
train,417,BDMAP_00002606
train,418,BDMAP_00003911
train,419,BDMAP_00004113
train,420,BDMAP_00007181
train,421,BDMAP_00002534
train,422,BDMAP_00003990
train,423,BDMAP_00004646
train,424,BDMAP_00003699
train,425,BDMAP_00003397
train,426,BDMAP_00004873
train,427,BDMAP_00008407
train,428,BDMAP_00002355
train,429,BDMAP_00003129
train,430,BDMAP_00008274
train,431,BDMAP_00003750
train,432,BDMAP_00005844
train,433,BDMAP_00000266
train,434,BDMAP_00008718
train,435,BDMAP_00004075
train,436,BDMAP_00003626
train,437,BDMAP_00007424
train,438,BDMAP_00007087
train,439,BDMAP_00005677
train,440,BDMAP_00002535
train,441,BDMAP_00007900
train,442,BDMAP_00003470
train,443,BDMAP_00002953
train,444,BDMAP_00004140
train,445,BDMAP_00000968
train,446,BDMAP_00008720
train,447,BDMAP_00001776
train,448,BDMAP_00004473
train,449,BDMAP_00005129
train,450,BDMAP_00007703
train,451,BDMAP_00003146
train,452,BDMAP_00004005
train,453,BDMAP_00008319
train,454,BDMAP_00003886
train,455,BDMAP_00007636
train,456,BDMAP_00005649
train,457,BDMAP_00007217
train,458,BDMAP_00006986
train,459,BDMAP_00003863
train,460,BDMAP_00004039
train,461,BDMAP_00007539
train,462,BDMAP_00004382
train,463,BDMAP_00003740
train,464,BDMAP_00000501
train,465,BDMAP_00004238
train,466,BDMAP_00008030
train,467,BDMAP_00007886
train,468,BDMAP_00002289
train,469,BDMAP_00002523
train,470,BDMAP_00000909
train,471,BDMAP_00001865
train,472,BDMAP_00009031
train,473,BDMAP_00005863
train,474,BDMAP_00003456
train,475,BDMAP_00001746
train,476,BDMAP_00002139
train,477,BDMAP_00003945
train,478,BDMAP_00004687
train,479,BDMAP_00003439
train,480,BDMAP_00005497
train,481,BDMAP_00004697
train,482,BDMAP_00007800
train,483,BDMAP_00004895
train,484,BDMAP_00008417
train,485,BDMAP_00004588
train,486,BDMAP_00005144
train,487,BDMAP_00006313
train,488,BDMAP_00007089
train,489,BDMAP_00006262
train,490,BDMAP_00003616
train,491,BDMAP_00003019
train,492,BDMAP_00003036
train,493,BDMAP_00001982
train,494,BDMAP_00008833
train,495,BDMAP_00002707
train,496,BDMAP_00004129
train,497,BDMAP_00002288
train,498,BDMAP_00002580
train,499,BDMAP_00006394
train,500,BDMAP_00001889
train,501,BDMAP_00006879
train,502,BDMAP_00009124
train,503,BDMAP_00008794
train,504,BDMAP_00000922
train,505,BDMAP_00008649
train,506,BDMAP_00005864
train,507,BDMAP_00005214
train,508,BDMAP_00001732
train,509,BDMAP_00008253
train,510,BDMAP_00008301
train,511,BDMAP_00004594
train,512,BDMAP_00002918
train,513,BDMAP_00005498
train,514,BDMAP_00005799
train,515,BDMAP_00009140
train,516,BDMAP_00007361
train,517,BDMAP_00004329
train,518,BDMAP_00001415
train,519,BDMAP_00001112
train,520,BDMAP_00003687
train,521,BDMAP_00002756
train,522,BDMAP_00001011
train,523,BDMAP_00003791
train,524,BDMAP_00004901
train,525,BDMAP_00001288
train,526,BDMAP_00003981
train,527,BDMAP_00008115
train,528,BDMAP_00009229
train,529,BDMAP_00000213
train,530,BDMAP_00007463
train,531,BDMAP_00005604
train,532,BDMAP_00004510
train,533,BDMAP_00004705
train,534,BDMAP_00001624
train,535,BDMAP_00003481
train,536,BDMAP_00003768
train,537,BDMAP_00006384
train,538,BDMAP_00003308
train,539,BDMAP_00009171
train,540,BDMAP_00005328
train,541,BDMAP_00003333
train,542,BDMAP_00002882
train,543,BDMAP_00001484
train,544,BDMAP_00001088
train,545,BDMAP_00009160
train,546,BDMAP_00008904
train,547,BDMAP_00002689
train,548,BDMAP_00006756
train,549,BDMAP_00004171
train,550,BDMAP_00006393
train,551,BDMAP_00002933
train,552,BDMAP_00002007
train,553,BDMAP_00003937
train,554,BDMAP_00000240
train,555,BDMAP_00004088
train,556,BDMAP_00003934
train,557,BDMAP_00008525
train,558,BDMAP_00005147
train,559,BDMAP_00001729
train,560,BDMAP_00003998
train,561,BDMAP_00006648
train,562,BDMAP_00003574
train,563,BDMAP_00004585
train,564,BDMAP_00006817
train,565,BDMAP_00001184
train,566,BDMAP_00001278
train,567,BDMAP_00003376
train,568,BDMAP_00006120
train,569,BDMAP_00009060
train,570,BDMAP_00001738
train,571,BDMAP_00003282
train,572,BDMAP_00005339
train,573,BDMAP_00002116
train,574,BDMAP_00007461
train,575,BDMAP_00003722
train,576,BDMAP_00005582
train,577,BDMAP_00001113
train,578,BDMAP_00000354
train,579,BDMAP_00001299
train,580,BDMAP_00003756
train,581,BDMAP_00009109
train,582,BDMAP_00000475
train,583,BDMAP_00007151
train,584,BDMAP_00002150
train,585,BDMAP_00005988
train,586,BDMAP_00001617
train,587,BDMAP_00005734
train,588,BDMAP_00006565
train,589,BDMAP_00001919
train,590,BDMAP_00004408
train,591,BDMAP_00007208
train,592,BDMAP_00008874
train,593,BDMAP_00005004
train,594,BDMAP_00007345
train,595,BDMAP_00007825
train,596,BDMAP_00006351
train,597,BDMAP_00003298
train,598,BDMAP_00005275
train,599,BDMAP_00007521
train,600,BDMAP_00000709
train,601,BDMAP_00000625
train,602,BDMAP_00007550
train,603,BDMAP_00005093
train,604,BDMAP_00006023
train,605,BDMAP_00005104
train,606,BDMAP_00005033
train,607,BDMAP_00003482
train,608,BDMAP_00002134
train,609,BDMAP_00004406
train,610,BDMAP_00000764
train,611,BDMAP_00003663
train,612,BDMAP_00005428
train,613,BDMAP_00005163
train,614,BDMAP_00007262
train,615,BDMAP_00008518
train,616,BDMAP_00003398
train,617,BDMAP_00006071
train,618,BDMAP_00006405
train,619,BDMAP_00003704
train,620,BDMAP_00005466
train,621,BDMAP_00004961
train,622,BDMAP_00006147
train,623,BDMAP_00005575
train,624,BDMAP_00005710
train,625,BDMAP_00006823
train,626,BDMAP_00003072
train,627,BDMAP_00005061
train,628,BDMAP_00000555
train,629,BDMAP_00000512
train,630,BDMAP_00008715
train,631,BDMAP_00008725
train,632,BDMAP_00004367
train,633,BDMAP_00003107
train,634,BDMAP_00005533
train,635,BDMAP_00003066
train,636,BDMAP_00001176
train,637,BDMAP_00006940
train,638,BDMAP_00004825
train,639,BDMAP_00006290
train,640,BDMAP_00007541
train,641,BDMAP_00001003
train,642,BDMAP_00002472
train,643,BDMAP_00001836
train,644,BDMAP_00005372
train,645,BDMAP_00001079
train,646,BDMAP_00000015
train,647,BDMAP_00008109
train,648,BDMAP_00007717
train,649,BDMAP_00008492
train,650,BDMAP_00008758
train,651,BDMAP_00006643
train,652,BDMAP_00007678
train,653,BDMAP_00003004
train,654,BDMAP_00003650
train,655,BDMAP_00003709
train,656,BDMAP_00004519
train,657,BDMAP_00007018
train,658,BDMAP_00005829
train,659,BDMAP_00004211
train,660,BDMAP_00003449
train,661,BDMAP_00004375
train,662,BDMAP_00007536
train,663,BDMAP_00000648
train,664,BDMAP_00001731
train,665,BDMAP_00005939
train,666,BDMAP_00003839
train,667,BDMAP_00008412
train,668,BDMAP_00005485
train,669,BDMAP_00002292
train,670,BDMAP_00008249
train,671,BDMAP_00003208
train,672,BDMAP_00007606
train,673,BDMAP_00008244
train,674,BDMAP_00005938
train,675,BDMAP_00002752
train,676,BDMAP_00005435
train,677,BDMAP_00006022
train,678,BDMAP_00006536
train,679,BDMAP_00005262
train,680,BDMAP_00001673
train,681,BDMAP_00000762
train,682,BDMAP_00005686
train,683,BDMAP_00004166
train,684,BDMAP_00003993
train,685,BDMAP_00001403
train,686,BDMAP_00000933
train,687,BDMAP_00001096
train,688,BDMAP_00007581
train,689,BDMAP_00007090
train,690,BDMAP_00008425
train,691,BDMAP_00006862
train,692,BDMAP_00009256
train,693,BDMAP_00008257
train,694,BDMAP_00006847
train,695,BDMAP_00002719
train,696,BDMAP_00007858
train,697,BDMAP_00003186
train,698,BDMAP_00003535
train,699,BDMAP_00009258
train,700,BDMAP_00007082
train,701,BDMAP_00007350
train,702,BDMAP_00008460
train,703,BDMAP_00008406
train,704,BDMAP_00004231
train,705,BDMAP_00003838
train,706,BDMAP_00003413
train,707,BDMAP_00005667
train,708,BDMAP_00005168
train,709,BDMAP_00007664
train,710,BDMAP_00001559
train,711,BDMAP_00002484
train,712,BDMAP_00005051
train,713,BDMAP_00008472
train,714,BDMAP_00005432
train,715,BDMAP_00008490
train,716,BDMAP_00008303
train,717,BDMAP_00003556
train,718,BDMAP_00002090
train,719,BDMAP_00003461
train,720,BDMAP_00004484
train,721,BDMAP_00008709
train,722,BDMAP_00007655
train,723,BDMAP_00004281
train,724,BDMAP_00001651
train,725,BDMAP_00001023
train,726,BDMAP_00008677
train,727,BDMAP_00000880
train,728,BDMAP_00005764
train,729,BDMAP_00004192
train,730,BDMAP_00004162
train,731,BDMAP_00004415
train,732,BDMAP_00007073
train,733,BDMAP_00003115
train,734,BDMAP_00006992
train,735,BDMAP_00001740
train,736,BDMAP_00001298
train,737,BDMAP_00000928
train,738,BDMAP_00004902
train,739,BDMAP_00003747
train,740,BDMAP_00008795
train,741,BDMAP_00001946
train,742,BDMAP_00008523
train,743,BDMAP_00006058
train,744,BDMAP_00004603
train,745,BDMAP_00006473
train,746,BDMAP_00004903
train,747,BDMAP_00009143
train,748,BDMAP_00002544
train,749,BDMAP_00007583
train,750,BDMAP_00008564
train,751,BDMAP_00000222
train,752,BDMAP_00007446
train,753,BDMAP_00001502
train,754,BDMAP_00006799
train,755,BDMAP_00002253
train,756,BDMAP_00001747
train,757,BDMAP_00004900
train,758,BDMAP_00002949
train,759,BDMAP_00008601
train,760,BDMAP_00003786
train,761,BDMAP_00006177
train,762,BDMAP_00005272
train,763,BDMAP_00004880
train,764,BDMAP_00000731
train,765,BDMAP_00008125
train,766,BDMAP_00003018
train,767,BDMAP_00000701
train,768,BDMAP_00008797
train,769,BDMAP_00007453
train,770,BDMAP_00000488
train,771,BDMAP_00001196
train,772,BDMAP_00001517
train,773,BDMAP_00001039
train,774,BDMAP_00004177
train,775,BDMAP_00000466
train,776,BDMAP_00002922
train,777,BDMAP_00005211
train,778,BDMAP_00005678
train,779,BDMAP_00002246
train,780,BDMAP_00006338
train,781,BDMAP_00002684
train,782,BDMAP_00002305
train,783,BDMAP_00001021
train,784,BDMAP_00002128
train,785,BDMAP_00005099
train,786,BDMAP_00008089
train,787,BDMAP_00008589
train,788,BDMAP_00006630
train,789,BDMAP_00008826
train,790,BDMAP_00006232
train,791,BDMAP_00004708
train,792,BDMAP_00002084
train,793,BDMAP_00004511
train,794,BDMAP_00006067
train,795,BDMAP_00002865
train,796,BDMAP_00006970
train,797,BDMAP_00001128
train,798,BDMAP_00003464
train,799,BDMAP_00002068
train,800,BDMAP_00002772
train,801,BDMAP_00004058
train,802,BDMAP_00000775
train,803,BDMAP_00005590
train,804,BDMAP_00000305
train,805,BDMAP_00008986
train,806,BDMAP_00007890
train,807,BDMAP_00001069
train,808,BDMAP_00003425
train,809,BDMAP_00001513
train,810,BDMAP_00001607
train,811,BDMAP_00005170
train,812,BDMAP_00006537
train,813,BDMAP_00003211
train,814,BDMAP_00006352
train,815,BDMAP_00006842
train,816,BDMAP_00003347
train,817,BDMAP_00002993
train,818,BDMAP_00001769
train,819,BDMAP_00004694
train,820,BDMAP_00001148
train,821,BDMAP_00003127
train,822,BDMAP_00008372
train,823,BDMAP_00006114
train,824,BDMAP_00000766
train,825,BDMAP_00008647
train,826,BDMAP_00002216
train,827,BDMAP_00007534
train,828,BDMAP_00008449
train,829,BDMAP_00003338
train,830,BDMAP_00007770
train,831,BDMAP_00002578
train,832,BDMAP_00002836
train,833,BDMAP_00000212
train,834,BDMAP_00001331
train,835,BDMAP_00002125
train,836,BDMAP_00001804
train,837,BDMAP_00009170
train,838,BDMAP_00000104
train,839,BDMAP_00005831
train,840,BDMAP_00006759
train,841,BDMAP_00002639
train,842,BDMAP_00005588
train,843,BDMAP_00004641
train,844,BDMAP_00001401
train,845,BDMAP_00007829
train,846,BDMAP_00004316
train,847,BDMAP_00004652
train,848,BDMAP_00000790
train,849,BDMAP_00008462
train,850,BDMAP_00005957
train,851,BDMAP_00008600
train,852,BDMAP_00006436
train,853,BDMAP_00005628
train,854,BDMAP_00004575
train,855,BDMAP_00008850
train,856,BDMAP_00000013
train,857,BDMAP_00007303
train,858,BDMAP_00005462
train,859,BDMAP_00006464
train,860,BDMAP_00000737
train,861,BDMAP_00002037
train,862,BDMAP_00006359
train,863,BDMAP_00000454
train,864,BDMAP_00005118
train,865,BDMAP_00006953
train,866,BDMAP_00007683
train,867,BDMAP_00007301
train,868,BDMAP_00006845
train,869,BDMAP_00000038
train,870,BDMAP_00007549
train,871,BDMAP_00006157
train,872,BDMAP_00000020
train,873,BDMAP_00009261
train,874,BDMAP_00003542
train,875,BDMAP_00005849
train,876,BDMAP_00008993
train,877,BDMAP_00002374
train,878,BDMAP_00009010
train,879,BDMAP_00003873
train,880,BDMAP_00006199
train,881,BDMAP_00002459
train,882,BDMAP_00004065
train,883,BDMAP_00000539
train,884,BDMAP_00006621
train,885,BDMAP_00007903
train,886,BDMAP_00007382
train,887,BDMAP_00009002
train,888,BDMAP_00007095
train,889,BDMAP_00004185
train,890,BDMAP_00006968
train,891,BDMAP_00001935
train,892,BDMAP_00000677
train,893,BDMAP_00003734
train,894,BDMAP_00001374
train,895,BDMAP_00003880
train,896,BDMAP_00001146
train,897,BDMAP_00008538
train,898,BDMAP_00000347
train,899,BDMAP_00008216
train,900,BDMAP_00008553
train,901,BDMAP_00005757
train,902,BDMAP_00004160
train,903,BDMAP_00008066
train,904,BDMAP_00005707
train,905,BDMAP_00001689
train,906,BDMAP_00006193
train,907,BDMAP_00004561
train,908,BDMAP_00006576
train,909,BDMAP_00002577
train,910,BDMAP_00004528
train,911,BDMAP_00003899
train,912,BDMAP_00005379
train,913,BDMAP_00008328
train,914,BDMAP_00008602
train,915,BDMAP_00005940
train,916,BDMAP_00004505
train,917,BDMAP_00002482
train,918,BDMAP_00003027
train,919,BDMAP_00007403
train,920,BDMAP_00001766
train,921,BDMAP_00008549
train,922,BDMAP_00007863
train,923,BDMAP_00004752
train,924,BDMAP_00005458
train,925,BDMAP_00001721
train,926,BDMAP_00007796
train,927,BDMAP_00005964
train,928,BDMAP_00002255
train,929,BDMAP_00000941
train,930,BDMAP_00002190
train,931,BDMAP_00006546
train,932,BDMAP_00008088
train,933,BDMAP_00006052
train,934,BDMAP_00008707
train,935,BDMAP_00004788
train,936,BDMAP_00006785
train,937,BDMAP_00001350
train,938,BDMAP_00005013
train,939,BDMAP_00005505
train,940,BDMAP_00008279
train,941,BDMAP_00003154
train,942,BDMAP_00006865
train,943,BDMAP_00003594
train,944,BDMAP_00000334
train,945,BDMAP_00005181
train,946,BDMAP_00004242
train,947,BDMAP_00001200
train,948,BDMAP_00008376
train,949,BDMAP_00006150
train,950,BDMAP_00005866
train,951,BDMAP_00007651
train,952,BDMAP_00007936
train,953,BDMAP_00001319
train,954,BDMAP_00004149
train,955,BDMAP_00007106
train,956,BDMAP_00005560
train,957,BDMAP_00008067
train,958,BDMAP_00001473
train,959,BDMAP_00006315
train,960,BDMAP_00004268
train,961,BDMAP_00008585
train,962,BDMAP_00008735
train,963,BDMAP_00002123
train,964,BDMAP_00003300
train,965,BDMAP_00001480
train,966,BDMAP_00002211
train,967,BDMAP_00008366
train,968,BDMAP_00004307
train,969,BDMAP_00002363
train,970,BDMAP_00006104
train,971,BDMAP_00001650
train,972,BDMAP_00007007
train,973,BDMAP_00009238
train,974,BDMAP_00008147
train,975,BDMAP_00002146
train,976,BDMAP_00005390
train,977,BDMAP_00004255
train,978,BDMAP_00005772
train,979,BDMAP_00000024
train,980,BDMAP_00001035
train,981,BDMAP_00003384
train,982,BDMAP_00001616
train,983,BDMAP_00000293
train,984,BDMAP_00007949
train,985,BDMAP_00001264
train,986,BDMAP_00009210
train,987,BDMAP_00007857
train,988,BDMAP_00003092
train,989,BDMAP_00008465
train,990,BDMAP_00001781
train,991,BDMAP_00008484
train,992,BDMAP_00006192
train,993,BDMAP_00003729
train,994,BDMAP_00008985
train,995,BDMAP_00009014
train,996,BDMAP_00003743
train,997,BDMAP_00006065
train,998,BDMAP_00004430
train,999,BDMAP_00001562
train,1000,BDMAP_00009131
train,1001,BDMAP_00002214
train,1002,BDMAP_00004907
train,1003,BDMAP_00008531
train,1004,BDMAP_00004563
train,1005,BDMAP_00004059
train,1006,BDMAP_00004743
train,1007,BDMAP_00001923
train,1008,BDMAP_00000497
train,1009,BDMAP_00007257
train,1010,BDMAP_00002927
train,1011,BDMAP_00000759
train,1012,BDMAP_00006248
train,1013,BDMAP_00005550
train,1014,BDMAP_00005153
train,1015,BDMAP_00004437
train,1016,BDMAP_00009007
train,1017,BDMAP_00006316
train,1018,BDMAP_00005508
train,1019,BDMAP_00000034
train,1020,BDMAP_00000186
train,1021,BDMAP_00000051
train,1022,BDMAP_00002983
train,1023,BDMAP_00008733
train,1024,BDMAP_00005816
train,1025,BDMAP_00007632
train,1026,BDMAP_00002612
train,1027,BDMAP_00006026
train,1028,BDMAP_00008760
train,1029,BDMAP_00001727
train,1030,BDMAP_00002767
train,1031,BDMAP_00008015
train,1032,BDMAP_00005884
train,1033,BDMAP_00007049
train,1034,BDMAP_00004372
train,1035,BDMAP_00005459
train,1036,BDMAP_00000150
train,1037,BDMAP_00005461
train,1038,BDMAP_00005805
train,1039,BDMAP_00001314
train,1040,BDMAP_00008495
train,1041,BDMAP_00002003
train,1042,BDMAP_00006046
train,1043,BDMAP_00001340
train,1044,BDMAP_00004920
train,1045,BDMAP_00005636
train,1046,BDMAP_00004686
train,1047,BDMAP_00006226
train,1048,BDMAP_00002616
train,1049,BDMAP_00008842
train,1050,BDMAP_00000551
train,1051,BDMAP_00001748
train,1052,BDMAP_00007894
train,1053,BDMAP_00000018
train,1054,BDMAP_00004817
train,1055,BDMAP_00005800
train,1056,BDMAP_00003951
train,1057,BDMAP_00004085
train,1058,BDMAP_00002151
train,1059,BDMAP_00002485
train,1060,BDMAP_00003411
train,1061,BDMAP_00002743
train,1062,BDMAP_00007124
train,1063,BDMAP_00002610
train,1064,BDMAP_00003528
train,1065,BDMAP_00006482
train,1066,BDMAP_00002971
train,1067,BDMAP_00003393
train,1068,BDMAP_00000169
train,1069,BDMAP_00004914
train,1070,BDMAP_00008827
train,1071,BDMAP_00005265
train,1072,BDMAP_00002627
train,1073,BDMAP_00002442
train,1074,BDMAP_00002232
train,1075,BDMAP_00008969
train,1076,BDMAP_00001316
train,1077,BDMAP_00002889
train,1078,BDMAP_00004824
train,1079,BDMAP_00008049
train,1080,BDMAP_00000719
train,1081,BDMAP_00007614
train,1082,BDMAP_00006660
train,1083,BDMAP_00001427
train,1084,BDMAP_00009192
train,1085,BDMAP_00002702
train,1086,BDMAP_00006904
train,1087,BDMAP_00007754
train,1088,BDMAP_00004618
train,1089,BDMAP_00002302
train,1090,BDMAP_00005663
train,1091,BDMAP_00005357
train,1092,BDMAP_00004128
train,1093,BDMAP_00001863
train,1094,BDMAP_00006253
train,1095,BDMAP_00001189
train,1096,BDMAP_00002956
train,1097,BDMAP_00008774
train,1098,BDMAP_00008560
train,1099,BDMAP_00004280
train,1100,BDMAP_00008208
train,1101,BDMAP_00007537
train,1102,BDMAP_00005841
train,1103,BDMAP_00006487
train,1104,BDMAP_00006692
train,1105,BDMAP_00008478
train,1106,BDMAP_00007965
train,1107,BDMAP_00002895
train,1108,BDMAP_00002447
train,1109,BDMAP_00003380
train,1110,BDMAP_00009193
train,1111,BDMAP_00005953
train,1112,BDMAP_00006018
train,1113,BDMAP_00004077
train,1114,BDMAP_00000683
train,1115,BDMAP_00004839
train,1116,BDMAP_00001431
train,1117,BDMAP_00008423
train,1118,BDMAP_00007756
train,1119,BDMAP_00002621
train,1120,BDMAP_00008908
train,1121,BDMAP_00001384
train,1122,BDMAP_00008219
train,1123,BDMAP_00005742
train,1124,BDMAP_00002664
train,1125,BDMAP_00001643
train,1126,BDMAP_00001560
train,1127,BDMAP_00004044
train,1128,BDMAP_00005370
train,1129,BDMAP_00008367
train,1130,BDMAP_00002549
train,1131,BDMAP_00000430
train,1132,BDMAP_00008288
train,1133,BDMAP_00005818
train,1134,BDMAP_00000386
train,1135,BDMAP_00007585
train,1136,BDMAP_00005205
train,1137,BDMAP_00006891
train,1138,BDMAP_00006907
train,1139,BDMAP_00007248
train,1140,BDMAP_00007827
train,1141,BDMAP_00007086
train,1142,BDMAP_00004448
train,1143,BDMAP_00008637
train,1144,BDMAP_00006356
train,1145,BDMAP_00001056
train,1146,BDMAP_00000234
train,1147,BDMAP_00004278
train,1148,BDMAP_00008811
train,1149,BDMAP_00001979
train,1150,BDMAP_00009181
train,1151,BDMAP_00004685
train,1152,BDMAP_00000812
train,1153,BDMAP_00003667
train,1154,BDMAP_00008327
train,1155,BDMAP_00004952
train,1156,BDMAP_00003543
train,1157,BDMAP_00005222
train,1158,BDMAP_00003210
train,1159,BDMAP_00008203
train,1160,BDMAP_00006662
train,1161,BDMAP_00000112
train,1162,BDMAP_00008297
train,1163,BDMAP_00001394
train,1164,BDMAP_00007360
train,1165,BDMAP_00005854
train,1166,BDMAP_00000102
train,1167,BDMAP_00000320
train,1168,BDMAP_00004462
train,1169,BDMAP_00002166
train,1170,BDMAP_00000626
train,1171,BDMAP_00006400
train,1172,BDMAP_00003264
train,1173,BDMAP_00004660
train,1174,BDMAP_00004540
train,1175,BDMAP_00006108
train,1176,BDMAP_00000335
train,1177,BDMAP_00007755
train,1178,BDMAP_00001497
train,1179,BDMAP_00007798
train,1180,BDMAP_00007841
train,1181,BDMAP_00005385
train,1182,BDMAP_00002604
train,1183,BDMAP_00000462
train,1184,BDMAP_00003458
train,1185,BDMAP_00001053
train,1186,BDMAP_00002698
train,1187,BDMAP_00000009
train,1188,BDMAP_00000100
train,1189,BDMAP_00005442
train,1190,BDMAP_00007647
train,1191,BDMAP_00006197
train,1192,BDMAP_00002593
train,1193,BDMAP_00005786
train,1194,BDMAP_00000032
train,1195,BDMAP_00007171
train,1196,BDMAP_00005673
train,1197,BDMAP_00005486
train,1198,BDMAP_00004270
train,1199,BDMAP_00000541
train,1200,BDMAP_00001663
train,1201,BDMAP_00003442
train,1202,BDMAP_00001794
train,1203,BDMAP_00007478
train,1204,BDMAP_00003400
train,1205,BDMAP_00007112
train,1206,BDMAP_00007564
train,1207,BDMAP_00008818
train,1208,BDMAP_00002681
train,1209,BDMAP_00006119
train,1210,BDMAP_00006504
train,1211,BDMAP_00004272
train,1212,BDMAP_00006744
train,1213,BDMAP_00005574
train,1214,BDMAP_00005804
train,1215,BDMAP_00005867
train,1216,BDMAP_00006111
train,1217,BDMAP_00001430
train,1218,BDMAP_00001329
train,1219,BDMAP_00008712
train,1220,BDMAP_00000602
train,1221,BDMAP_00004158
train,1222,BDMAP_00006585
train,1223,BDMAP_00002730
train,1224,BDMAP_00001045
train,1225,BDMAP_00001938
train,1226,BDMAP_00003705
train,1227,BDMAP_00006476
train,1228,BDMAP_00001615
train,1229,BDMAP_00002936
train,1230,BDMAP_00000292
train,1231,BDMAP_00003870
train,1232,BDMAP_00003843
train,1233,BDMAP_00002076
train,1234,BDMAP_00005970
train,1235,BDMAP_00000619
train,1236,BDMAP_00008139
train,1237,BDMAP_00000595
train,1238,BDMAP_00001963
train,1239,BDMAP_00005285
train,1240,BDMAP_00003095
train,1241,BDMAP_00007129
train,1242,BDMAP_00002408
train,1243,BDMAP_00001414
train,1244,BDMAP_00002615
train,1245,BDMAP_00006605
train,1246,BDMAP_00001323
train,1247,BDMAP_00002400
train,1248,BDMAP_00008678
train,1249,BDMAP_00003054
train,1250,BDMAP_00007220
train,1251,BDMAP_00008527
train,1252,BDMAP_00004837
train,1253,BDMAP_00007969
train,1254,BDMAP_00006269
train,1255,BDMAP_00008544
train,1256,BDMAP_00006952
train,1257,BDMAP_00002517
train,1258,BDMAP_00006070
train,1259,BDMAP_00002665
train,1260,BDMAP_00006138
train,1261,BDMAP_00004925
train,1262,BDMAP_00003782
train,1263,BDMAP_00002862
train,1264,BDMAP_00002376
train,1265,BDMAP_00005900
train,1266,BDMAP_00002880
train,1267,BDMAP_00003262
train,1268,BDMAP_00008192
train,1269,BDMAP_00004679
train,1270,BDMAP_00008924
train,1271,BDMAP_00004507
train,1272,BDMAP_00003519
train,1273,BDMAP_00002023
train,1274,BDMAP_00003321
train,1275,BDMAP_00003946
train,1276,BDMAP_00008017
train,1277,BDMAP_00005447
train,1278,BDMAP_00001296
train,1279,BDMAP_00004661
train,1280,BDMAP_00003496
train,1281,BDMAP_00007876
train,1282,BDMAP_00006922
train,1283,BDMAP_00007309
train,1284,BDMAP_00004767
train,1285,BDMAP_00003257
train,1286,BDMAP_00005961
train,1287,BDMAP_00005870
train,1288,BDMAP_00000749
train,1289,BDMAP_00008107
train,1290,BDMAP_00007609
train,1291,BDMAP_00001771
train,1292,BDMAP_00003982
train,1293,BDMAP_00000577
train,1294,BDMAP_00008014
train,1295,BDMAP_00004614
train,1296,BDMAP_00001127
train,1297,BDMAP_00004681
train,1298,BDMAP_00004386
train,1299,BDMAP_00004707
train,1300,BDMAP_00005352
train,1301,BDMAP_00002222
train,1302,BDMAP_00005991
train,1303,BDMAP_00003207
train,1304,BDMAP_00002532
train,1305,BDMAP_00003280
train,1306,BDMAP_00004082
train,1307,BDMAP_00005732
train,1308,BDMAP_00007147
train,1309,BDMAP_00003423
train,1310,BDMAP_00003847
train,1311,BDMAP_00000665
train,1312,BDMAP_00003209
train,1313,BDMAP_00000842
train,1314,BDMAP_00009248
train,1315,BDMAP_00004464
train,1316,BDMAP_00008867
train,1317,BDMAP_00004849
train,1318,BDMAP_00000834
train,1319,BDMAP_00007883
train,1320,BDMAP_00001784
train,1321,BDMAP_00000873
train,1322,BDMAP_00004973
train,1323,BDMAP_00005366
train,1324,BDMAP_00006561
train,1325,BDMAP_00009169
train,1326,BDMAP_00005857
train,1327,BDMAP_00004702
train,1328,BDMAP_00005040
train,1329,BDMAP_00003270
train,1330,BDMAP_00007255
train,1331,BDMAP_00004392
train,1332,BDMAP_00001700
train,1333,BDMAP_00007470
train,1334,BDMAP_00008578
train,1335,BDMAP_00009252
train,1336,BDMAP_00007937
train,1337,BDMAP_00005974
train,1338,BDMAP_00005273
train,1339,BDMAP_00001672
train,1340,BDMAP_00008565
train,1341,BDMAP_00000412
train,1342,BDMAP_00000614
train,1343,BDMAP_00009043
train,1344,BDMAP_00001619
train,1345,BDMAP_00006049
train,1346,BDMAP_00005160
train,1347,BDMAP_00005229
train,1348,BDMAP_00007897
train,1349,BDMAP_00001407
train,1350,BDMAP_00004296
train,1351,BDMAP_00000605
train,1352,BDMAP_00003510
train,1353,BDMAP_00000031
train,1354,BDMAP_00006598
train,1355,BDMAP_00005132
train,1356,BDMAP_00000264
train,1357,BDMAP_00002518
train,1358,BDMAP_00000248
train,1359,BDMAP_00000853
train,1360,BDMAP_00003785
train,1361,BDMAP_00006786
train,1362,BDMAP_00000200
train,1363,BDMAP_00000533
train,1364,BDMAP_00008436
train,1365,BDMAP_00003329
train,1366,BDMAP_00001223
train,1367,BDMAP_00005166
train,1368,BDMAP_00005398
train,1369,BDMAP_00000456
train,1370,BDMAP_00008150
train,1371,BDMAP_00001198
train,1372,BDMAP_00006554
train,1373,BDMAP_00004867
train,1374,BDMAP_00005255
train,1375,BDMAP_00008906
train,1376,BDMAP_00006932
train,1377,BDMAP_00003152
train,1378,BDMAP_00001671
train,1379,BDMAP_00004887
train,1380,BDMAP_00004922
train,1381,BDMAP_00008872
train,1382,BDMAP_00000863
train,1383,BDMAP_00008094
train,1384,BDMAP_00004086
train,1385,BDMAP_00006365
train,1386,BDMAP_00007364
train,1387,BDMAP_00007804
train,1388,BDMAP_00006720
train,1389,BDMAP_00007482
train,1390,BDMAP_00006527
train,1391,BDMAP_00006534
train,1392,BDMAP_00008448
train,1393,BDMAP_00003123
train,1394,BDMAP_00001254
train,1395,BDMAP_00001370
train,1396,BDMAP_00007431
train,1397,BDMAP_00000218
train,1398,BDMAP_00001006
train,1399,BDMAP_00001418
train,1400,BDMAP_00002628
train,1401,BDMAP_00005946
train,1402,BDMAP_00004718
train,1403,BDMAP_00004673
train,1404,BDMAP_00008513
train,1405,BDMAP_00001881
train,1406,BDMAP_00008607
train,1407,BDMAP_00000676
train,1408,BDMAP_00003058
train,1409,BDMAP_00006672
train,1410,BDMAP_00007079
train,1411,BDMAP_00003618
train,1412,BDMAP_00000230
train,1413,BDMAP_00002111
train,1414,BDMAP_00005228
train,1415,BDMAP_00004302
train,1416,BDMAP_00006651
train,1417,BDMAP_00001551
train,1418,BDMAP_00001685
train,1419,BDMAP_00007270
train,1420,BDMAP_00007307
train,1421,BDMAP_00000210
train,1422,BDMAP_00006342
train,1423,BDMAP_00001791
train,1424,BDMAP_00004774
train,1425,BDMAP_00007948
train,1426,BDMAP_00008699
train,1427,BDMAP_00001942
train,1428,BDMAP_00004615
train,1429,BDMAP_00009182
train,1430,BDMAP_00001315
train,1431,BDMAP_00008314
train,1432,BDMAP_00001528
train,1433,BDMAP_00006218
train,1434,BDMAP_00000338
train,1435,BDMAP_00009082
train,1436,BDMAP_00007613
train,1437,BDMAP_00004780
train,1438,BDMAP_00001571
train,1439,BDMAP_00008984
train,1440,BDMAP_00006158
train,1441,BDMAP_00002763
train,1442,BDMAP_00007156
train,1443,BDMAP_00002393
train,1444,BDMAP_00002514
train,1445,BDMAP_00001227
train,1446,BDMAP_00000097
train,1447,BDMAP_00006850
train,1448,BDMAP_00003401
train,1449,BDMAP_00006681
train,1450,BDMAP_00008251
train,1451,BDMAP_00007184
train,1452,BDMAP_00003318
train,1453,BDMAP_00003652
train,1454,BDMAP_00008522
train,1455,BDMAP_00005994
train,1456,BDMAP_00001018
train,1457,BDMAP_00006522
train,1458,BDMAP_00003821
train,1459,BDMAP_00006806
train,1460,BDMAP_00004126
train,1461,BDMAP_00000351
train,1462,BDMAP_00003828
train,1463,BDMAP_00005517
train,1464,BDMAP_00005556
train,1465,BDMAP_00006921
train,1466,BDMAP_00006728
train,1467,BDMAP_00006055
train,1468,BDMAP_00009130
train,1469,BDMAP_00002603
train,1470,BDMAP_00001211
train,1471,BDMAP_00000565
train,1472,BDMAP_00004554
train,1473,BDMAP_00004906
train,1474,BDMAP_00003459
train,1475,BDMAP_00001609
train,1476,BDMAP_00005174
train,1477,BDMAP_00006929
train,1478,BDMAP_00006030
train,1479,BDMAP_00007852
train,1480,BDMAP_00000743
train,1481,BDMAP_00000181
train,1482,BDMAP_00001116
train,1483,BDMAP_00004123
train,1484,BDMAP_00008971
train,1485,BDMAP_00000350
train,1486,BDMAP_00000514
train,1487,BDMAP_00008141
train,1488,BDMAP_00006276
train,1489,BDMAP_00002058
train,1490,BDMAP_00005034
train,1491,BDMAP_00003774
train,1492,BDMAP_00007604
train,1493,BDMAP_00000082
train,1494,BDMAP_00002486
train,1495,BDMAP_00006709
train,1496,BDMAP_00003025
train,1497,BDMAP_00005553
train,1498,BDMAP_00000832
train,1499,BDMAP_00002465
train,1500,BDMAP_00003287
train,1501,BDMAP_00007290
train,1502,BDMAP_00006456
train,1503,BDMAP_00005711
train,1504,BDMAP_00008466
train,1505,BDMAP_00007075
train,1506,BDMAP_00002940
train,1507,BDMAP_00004079
train,1508,BDMAP_00009088
train,1509,BDMAP_00001878
train,1510,BDMAP_00005706
train,1511,BDMAP_00001741
train,1512,BDMAP_00005418
train,1513,BDMAP_00002229
train,1514,BDMAP_00002693
train,1515,BDMAP_00009228
train,1516,BDMAP_00007498
train,1517,BDMAP_00008905
train,1518,BDMAP_00006885
train,1519,BDMAP_00007616
train,1520,BDMAP_00000711
train,1521,BDMAP_00001558
train,1522,BDMAP_00008711
train,1523,BDMAP_00003045
train,1524,BDMAP_00007034
train,1525,BDMAP_00008822
train,1526,BDMAP_00002099
train,1527,BDMAP_00002642
train,1528,BDMAP_00009152
train,1529,BDMAP_00002969
train,1530,BDMAP_00003721
train,1531,BDMAP_00002089
train,1532,BDMAP_00006839
train,1533,BDMAP_00005401
train,1534,BDMAP_00001140
train,1535,BDMAP_00008010
train,1536,BDMAP_00004376
train,1537,BDMAP_00006776
train,1538,BDMAP_00007388
train,1539,BDMAP_00002946
train,1540,BDMAP_00004924
train,1541,BDMAP_00001596
train,1542,BDMAP_00000173
train,1543,BDMAP_00006086
train,1544,BDMAP_00005121
train,1545,BDMAP_00000040
train,1546,BDMAP_00005024
train,1547,BDMAP_00007472
train,1548,BDMAP_00003654
train,1549,BDMAP_00006577
train,1550,BDMAP_00005827
train,1551,BDMAP_00009103
train,1552,BDMAP_00004023
train,1553,BDMAP_00003143
train,1554,BDMAP_00004344
train,1555,BDMAP_00005119
train,1556,BDMAP_00006217
train,1557,BDMAP_00008798
train,1558,BDMAP_00002589
train,1559,BDMAP_00005235
train,1560,BDMAP_00006444
train,1561,BDMAP_00004360
train,1562,BDMAP_00003804
train,1563,BDMAP_00008016
train,1564,BDMAP_00001966
train,1565,BDMAP_00000534
train,1566,BDMAP_00005906
train,1567,BDMAP_00007473
train,1568,BDMAP_00003534
train,1569,BDMAP_00002519
train,1570,BDMAP_00000066
train,1571,BDMAP_00002168
train,1572,BDMAP_00003108
train,1573,BDMAP_00000355
train,1574,BDMAP_00009207
train,1575,BDMAP_00007745
train,1576,BDMAP_00008182
train,1577,BDMAP_00007952
train,1578,BDMAP_00003002
train,1579,BDMAP_00006838
train,1580,BDMAP_00004236
train,1581,BDMAP_00007229
train,1582,BDMAP_00005338
train,1583,BDMAP_00002516
train,1584,BDMAP_00000473
train,1585,BDMAP_00002304
train,1586,BDMAP_00004623
train,1587,BDMAP_00004804
train,1588,BDMAP_00006915
train,1589,BDMAP_00005047
train,1590,BDMAP_00001618
train,1591,BDMAP_00008521
train,1592,BDMAP_00000869
train,1593,BDMAP_00007568
train,1594,BDMAP_00000324
train,1595,BDMAP_00006190
train,1596,BDMAP_00007690
train,1597,BDMAP_00004374
train,1598,BDMAP_00006812
train,1599,BDMAP_00003185
train,1600,BDMAP_00005696
train,1601,BDMAP_00002511
train,1602,BDMAP_00003017
train,1603,BDMAP_00006661
train,1604,BDMAP_00008639
train,1605,BDMAP_00003617
train,1606,BDMAP_00003261
train,1607,BDMAP_00001076
train,1608,BDMAP_00003950
train,1609,BDMAP_00007682
train,1610,BDMAP_00001255
train,1611,BDMAP_00006772
train,1612,BDMAP_00002073
train,1613,BDMAP_00005731
train,1614,BDMAP_00005091
train,1615,BDMAP_00009202
train,1616,BDMAP_00008341
train,1617,BDMAP_00006178
train,1618,BDMAP_00006978
train,1619,BDMAP_00005420
train,1620,BDMAP_00005635
train,1621,BDMAP_00007256
train,1622,BDMAP_00007421
train,1623,BDMAP_00000074
train,1624,BDMAP_00002725
train,1625,BDMAP_00004442
train,1626,BDMAP_00005688
train,1627,BDMAP_00002859
train,1628,BDMAP_00003366
train,1629,BDMAP_00006202
train,1630,BDMAP_00002300
train,1631,BDMAP_00008835
train,1632,BDMAP_00008013
train,1633,BDMAP_00006502
train,1634,BDMAP_00004657
train,1635,BDMAP_00001510
train,1636,BDMAP_00002863
train,1637,BDMAP_00003405
train,1638,BDMAP_00000119
train,1639,BDMAP_00007177
train,1640,BDMAP_00007854
train,1641,BDMAP_00006518
train,1642,BDMAP_00003796
train,1643,BDMAP_00009239
train,1644,BDMAP_00006539
train,1645,BDMAP_00001220
train,1646,BDMAP_00008644
train,1647,BDMAP_00004095
train,1648,BDMAP_00008229
train,1649,BDMAP_00008837
train,1650,BDMAP_00003881
train,1651,BDMAP_00004787
train,1652,BDMAP_00000450
train,1653,BDMAP_00003460
train,1654,BDMAP_00005616
train,1655,BDMAP_00005668
train,1656,BDMAP_00004334
train,1657,BDMAP_00003718
train,1658,BDMAP_00000178
train,1659,BDMAP_00001852
train,1660,BDMAP_00000133
train,1661,BDMAP_00003579
train,1662,BDMAP_00004928
train,1663,BDMAP_00001375
train,1664,BDMAP_00002885
train,1665,BDMAP_00000001
train,1666,BDMAP_00002727
train,1667,BDMAP_00000088
train,1668,BDMAP_00006556
train,1669,BDMAP_00003935
train,1670,BDMAP_00006673
train,1671,BDMAP_00003980
train,1672,BDMAP_00008626
train,1673,BDMAP_00007462
train,1674,BDMAP_00007842
train,1675,BDMAP_00004998
train,1676,BDMAP_00004562
train,1677,BDMAP_00007236
train,1678,BDMAP_00004886
train,1679,BDMAP_00005387
train,1680,BDMAP_00006991
train,1681,BDMAP_00002115
train,1682,BDMAP_00005528
train,1683,BDMAP_00000409
train,1684,BDMAP_00007763
train,1685,BDMAP_00007928
train,1686,BDMAP_00007486
train,1687,BDMAP_00001028
train,1688,BDMAP_00000158
train,1689,BDMAP_00001422
train,1690,BDMAP_00000389
train,1691,BDMAP_00008503
train,1692,BDMAP_00003858
train,1693,BDMAP_00008408
train,1694,BDMAP_00002026
train,1695,BDMAP_00003015
train,1696,BDMAP_00006926
train,1697,BDMAP_00000713
train,1698,BDMAP_00005304
train,1699,BDMAP_00000511
train,1700,BDMAP_00001062
train,1701,BDMAP_00006028
train,1702,BDMAP_00001920
train,1703,BDMAP_00005098
train,1704,BDMAP_00005943
train,1705,BDMAP_00001503
train,1706,BDMAP_00007214
train,1707,BDMAP_00007661
train,1708,BDMAP_00004923
train,1709,BDMAP_00004727
train,1710,BDMAP_00009223
train,1711,BDMAP_00000679
train,1712,BDMAP_00002158
train,1713,BDMAP_00008865
train,1714,BDMAP_00007353
train,1715,BDMAP_00007392
train,1716,BDMAP_00006557
train,1717,BDMAP_00008217
train,1718,BDMAP_00000958
train,1719,BDMAP_00008548
train,1720,BDMAP_00002674
train,1721,BDMAP_00006498
train,1722,BDMAP_00008810
train,1723,BDMAP_00001742
train,1724,BDMAP_00001808
train,1725,BDMAP_00001993
train,1726,BDMAP_00000725
train,1727,BDMAP_00006040
train,1728,BDMAP_00006638
train,1729,BDMAP_00004994
train,1730,BDMAP_00006433
train,1731,BDMAP_00004285
train,1732,BDMAP_00000795
train,1733,BDMAP_00002919
train,1734,BDMAP_00006175
train,1735,BDMAP_00002192
train,1736,BDMAP_00009040
train,1737,BDMAP_00008739
train,1738,BDMAP_00000252
train,1739,BDMAP_00007506
train,1740,BDMAP_00007235
train,1741,BDMAP_00003502
train,1742,BDMAP_00006015
train,1743,BDMAP_00002841
train,1744,BDMAP_00002771
train,1745,BDMAP_00005077
train,1746,BDMAP_00006752
train,1747,BDMAP_00007069
train,1748,BDMAP_00003972
train,1749,BDMAP_00001234
train,1750,BDMAP_00008910
train,1751,BDMAP_00005412
train,1752,BDMAP_00004416
train,1753,BDMAP_00006425
train,1754,BDMAP_00007402
train,1755,BDMAP_00006654
train,1756,BDMAP_00004048
train,1757,BDMAP_00007595
train,1758,BDMAP_00007650
train,1759,BDMAP_00004693
train,1760,BDMAP_00004731
train,1761,BDMAP_00005622
train,1762,BDMAP_00005993
train,1763,BDMAP_00001733
train,1764,BDMAP_00007580
train,1765,BDMAP_00003126
train,1766,BDMAP_00007612
train,1767,BDMAP_00004717
train,1768,BDMAP_00006341
train,1769,BDMAP_00002228
train,1770,BDMAP_00004750
train,1771,BDMAP_00008962
train,1772,BDMAP_00001397
train,1773,BDMAP_00007188
train,1774,BDMAP_00003837
train,1775,BDMAP_00005763
train,1776,BDMAP_00002359
train,1777,BDMAP_00001043
train,1778,BDMAP_00000612
train,1779,BDMAP_00002405
train,1780,BDMAP_00003681
train,1781,BDMAP_00000258
train,1782,BDMAP_00002143
train,1783,BDMAP_00006189
train,1784,BDMAP_00007752
train,1785,BDMAP_00007910
train,1786,BDMAP_00004512
train,1787,BDMAP_00004221
train,1788,BDMAP_00001898
train,1789,BDMAP_00006211
train,1790,BDMAP_00008364
train,1791,BDMAP_00008132
train,1792,BDMAP_00000504
train,1793,BDMAP_00004862
train,1794,BDMAP_00000275
train,1795,BDMAP_00001346
train,1796,BDMAP_00005010
train,1797,BDMAP_00005741
train,1798,BDMAP_00003915
train,1799,BDMAP_00007444
train,1800,BDMAP_00004217
train,1801,BDMAP_00005465
train,1802,BDMAP_00007133
train,1803,BDMAP_00007436
train,1804,BDMAP_00004130
train,1805,BDMAP_00007808
train,1806,BDMAP_00006081
train,1807,BDMAP_00000109
train,1808,BDMAP_00000684
train,1809,BDMAP_00006452
train,1810,BDMAP_00008351
train,1811,BDMAP_00000998
train,1812,BDMAP_00007848
train,1813,BDMAP_00007849
train,1814,BDMAP_00001177
train,1815,BDMAP_00001347
train,1816,BDMAP_00008098
train,1817,BDMAP_00000745
train,1818,BDMAP_00008184
train,1819,BDMAP_00005817
train,1820,BDMAP_00002575
train,1821,BDMAP_00009041
train,1822,BDMAP_00006943
train,1823,BDMAP_00007055
train,1824,BDMAP_00007452
train,1825,BDMAP_00006205
train,1826,BDMAP_00005815
train,1827,BDMAP_00006469
train,1828,BDMAP_00006404
train,1829,BDMAP_00002129
train,1830,BDMAP_00007781
train,1831,BDMAP_00006339
train,1832,BDMAP_00002108
train,1833,BDMAP_00004216
train,1834,BDMAP_00006401
train,1835,BDMAP_00000694
train,1836,BDMAP_00000486
train,1837,BDMAP_00003591
train,1838,BDMAP_00006142
train,1839,BDMAP_00000983
train,1840,BDMAP_00001262
train,1841,BDMAP_00000080
train,1842,BDMAP_00007615
train,1843,BDMAP_00008349
train,1844,BDMAP_00005503
train,1845,BDMAP_00004057
train,1846,BDMAP_00002649
train,1847,BDMAP_00002479
train,1848,BDMAP_00008377
train,1849,BDMAP_00006861
train,1850,BDMAP_00004314
train,1851,BDMAP_00001644
train,1852,BDMAP_00005359
train,1853,BDMAP_00007432
train,1854,BDMAP_00001579
train,1855,BDMAP_00007475
train,1856,BDMAP_00000446
train,1857,BDMAP_00007834
train,1858,BDMAP_00005016
train,1859,BDMAP_00004229
train,1860,BDMAP_00005266
train,1861,BDMAP_00005325
train,1862,BDMAP_00007477
train,1863,BDMAP_00004672
train,1864,BDMAP_00007451
train,1865,BDMAP_00003520
train,1866,BDMAP_00001702
train,1867,BDMAP_00006889
train,1868,BDMAP_00005378
train,1869,BDMAP_00008659
train,1870,BDMAP_00006463
train,1871,BDMAP_00001598
train,1872,BDMAP_00009056
train,1873,BDMAP_00008891
train,1874,BDMAP_00000069
train,1875,BDMAP_00008375
train,1876,BDMAP_00005897
train,1877,BDMAP_00000049
train,1878,BDMAP_00004170
train,1879,BDMAP_00001054
train,1880,BDMAP_00002909
train,1881,BDMAP_00003455
train,1882,BDMAP_00006927
train,1883,BDMAP_00003091
train,1884,BDMAP_00000604
train,1885,BDMAP_00003788
train,1886,BDMAP_00002390
train,1887,BDMAP_00006516
train,1888,BDMAP_00008566
train,1889,BDMAP_00003438
train,1890,BDMAP_00001468
train,1891,BDMAP_00005541
train,1892,BDMAP_00004756
train,1893,BDMAP_00000394
train,1894,BDMAP_00005643
train,1895,BDMAP_00000231
train,1896,BDMAP_00001321
train,1897,BDMAP_00000042
train,1898,BDMAP_00007114
train,1899,BDMAP_00005749
train,1900,BDMAP_00008282
train,1901,BDMAP_00007912
train,1902,BDMAP_00001730
train,1903,BDMAP_00002133
train,1904,BDMAP_00001531
train,1905,BDMAP_00003429
train,1906,BDMAP_00008608
train,1907,BDMAP_00007553
train,1908,BDMAP_00002961
train,1909,BDMAP_00002708
train,1910,BDMAP_00001324
train,1911,BDMAP_00006623
train,1912,BDMAP_00009084
train,1913,BDMAP_00003291
train,1914,BDMAP_00001492
train,1915,BDMAP_00006434
train,1916,BDMAP_00007810
train,1917,BDMAP_00000062
train,1918,BDMAP_00004583
train,1919,BDMAP_00002821
train,1920,BDMAP_00002819
train,1921,BDMAP_00006760
train,1922,BDMAP_00000403
train,1923,BDMAP_00000333
train,1924,BDMAP_00007862
train,1925,BDMAP_00001010
train,1926,BDMAP_00001169
train,1927,BDMAP_00005573
train,1928,BDMAP_00000165
train,1929,BDMAP_00002827
train,1930,BDMAP_00003379
train,1931,BDMAP_00004809
train,1932,BDMAP_00004395
train,1933,BDMAP_00007531
train,1934,BDMAP_00009024
train,1935,BDMAP_00008189
train,1936,BDMAP_00001722
train,1937,BDMAP_00001439
train,1938,BDMAP_00006743
train,1939,BDMAP_00003078
train,1940,BDMAP_00006815
train,1941,BDMAP_00008614
train,1942,BDMAP_00006995
train,1943,BDMAP_00001335
train,1944,BDMAP_00002019
train,1945,BDMAP_00008705
train,1946,BDMAP_00001660
train,1947,BDMAP_00009156
train,1948,BDMAP_00009055
train,1949,BDMAP_00005529
train,1950,BDMAP_00004419
train,1951,BDMAP_00006736
train,1952,BDMAP_00003275
train,1953,BDMAP_00005665
train,1954,BDMAP_00000707
train,1955,BDMAP_00002378
train,1956,BDMAP_00003657
train,1957,BDMAP_00003910
train,1958,BDMAP_00005501
train,1959,BDMAP_00007119
train,1960,BDMAP_00005049
train,1961,BDMAP_00005877
train,1962,BDMAP_00001563
train,1963,BDMAP_00005954
train,1964,BDMAP_00009146
train,1965,BDMAP_00006461
train,1966,BDMAP_00000697
train,1967,BDMAP_00001104
train,1968,BDMAP_00000474
train,1969,BDMAP_00000380
train,1970,BDMAP_00008901
train,1971,BDMAP_00006324
train,1972,BDMAP_00009128
train,1973,BDMAP_00007046
train,1974,BDMAP_00008662
train,1975,BDMAP_00009221
train,1976,BDMAP_00002796
train,1977,BDMAP_00009163
train,1978,BDMAP_00006144
train,1979,BDMAP_00007098
train,1980,BDMAP_00004305
train,1981,BDMAP_00000382
train,1982,BDMAP_00006154
train,1983,BDMAP_00007399
train,1984,BDMAP_00002250
train,1985,BDMAP_00002303
train,1986,BDMAP_00004576
train,1987,BDMAP_00005653
train,1988,BDMAP_00004831
train,1989,BDMAP_00000836
train,1990,BDMAP_00008028
train,1991,BDMAP_00000059
train,1992,BDMAP_00003071
train,1993,BDMAP_00001156
train,1994,BDMAP_00002454
train,1995,BDMAP_00007762
train,1996,BDMAP_00005042
train,1997,BDMAP_00006580
train,1998,BDMAP_00004995
train,1999,BDMAP_00003134
train,2000,BDMAP_00004439
train,2001,BDMAP_00002233
train,2002,BDMAP_00001194
train,2003,BDMAP_00007559
train,2004,BDMAP_00004751
train,2005,BDMAP_00006471
train,2006,BDMAP_00000859
train,2007,BDMAP_00004636
train,2008,BDMAP_00000368
train,2009,BDMAP_00007037
train,2010,BDMAP_00008161
train,2011,BDMAP_00009144
train,2012,BDMAP_00007012
train,2013,BDMAP_00001537
train,2014,BDMAP_00000746
train,2015,BDMAP_00002226
train,2016,BDMAP_00005318
train,2017,BDMAP_00006423
train,2018,BDMAP_00002964
train,2019,BDMAP_00002317
train,2020,BDMAP_00002886
train,2021,BDMAP_00004148
train,2022,BDMAP_00008355
train,2023,BDMAP_00000434
train,2024,BDMAP_00004964
train,2025,BDMAP_00001279
train,2026,BDMAP_00004412
train,2027,BDMAP_00005966
train,2028,BDMAP_00008897
train,2029,BDMAP_00008414
train,2030,BDMAP_00000105
train,2031,BDMAP_00002418
train,2032,BDMAP_00001657
train,2033,BDMAP_00004101
train,2034,BDMAP_00001534
train,2035,BDMAP_00001955
train,2036,BDMAP_00004846
train,2037,BDMAP_00009159
train,2038,BDMAP_00007505
train,2039,BDMAP_00007266
train,2040,BDMAP_00001545
train,2041,BDMAP_00006085
train,2042,BDMAP_00002871
train,2043,BDMAP_00003430
train,2044,BDMAP_00008077
train,2045,BDMAP_00000972
train,2046,BDMAP_00000215
train,2047,BDMAP_00005767
train,2048,BDMAP_00006227
train,2049,BDMAP_00002813
train,2050,BDMAP_00002717
train,2051,BDMAP_00003943
train,2052,BDMAP_00007489
train,2053,BDMAP_00000182
train,2054,BDMAP_00007166
train,2055,BDMAP_00007926
train,2056,BDMAP_00004042
train,2057,BDMAP_00005823
train,2058,BDMAP_00006782
train,2059,BDMAP_00002869
train,2060,BDMAP_00000071
train,2061,BDMAP_00000545
train,2062,BDMAP_00003530
train,2063,BDMAP_00002252
train,2064,BDMAP_00003285
train,2065,BDMAP_00008966
train,2066,BDMAP_00007218
train,2067,BDMAP_00006962
train,2068,BDMAP_00000878
train,2069,BDMAP_00000197
train,2070,BDMAP_00009025
train,2071,BDMAP_00003890
train,2072,BDMAP_00006530
train,2073,BDMAP_00008272
train,2074,BDMAP_00008675
train,2075,BDMAP_00006533
train,2076,BDMAP_00008343
train,2077,BDMAP_00002215
train,2078,BDMAP_00006010
train,2079,BDMAP_00006674
train,2080,BDMAP_00006391
train,2081,BDMAP_00006308
train,2082,BDMAP_00002945
train,2083,BDMAP_00007801
train,2084,BDMAP_00002987
train,2085,BDMAP_00002755
train,2086,BDMAP_00000219
train,2087,BDMAP_00004054
train,2088,BDMAP_00003488
train,2089,BDMAP_00008622
train,2090,BDMAP_00001245
train,2091,BDMAP_00004348
train,2092,BDMAP_00008457
train,2093,BDMAP_00008191
train,2094,BDMAP_00007522
train,2095,BDMAP_00003568
train,2096,BDMAP_00001167
train,2097,BDMAP_00006318
train,2098,BDMAP_00000416
train,2099,BDMAP_00008488
train,2100,BDMAP_00008967
train,2101,BDMAP_00000760
train,2102,BDMAP_00001386
train,2103,BDMAP_00005130
train,2104,BDMAP_00001202
train,2105,BDMAP_00002261
train,2106,BDMAP_00006183
train,2107,BDMAP_00004487
train,2108,BDMAP_00007815
train,2109,BDMAP_00000329
train,2110,BDMAP_00008231
train,2111,BDMAP_00005251
train,2112,BDMAP_00003371
train,2113,BDMAP_00002064
train,2114,BDMAP_00009254
train,2115,BDMAP_00007328
train,2116,BDMAP_00009205
train,2117,BDMAP_00002349
train,2118,BDMAP_00001282
train,2119,BDMAP_00005467
train,2120,BDMAP_00003525
train,2121,BDMAP_00004120
train,2122,BDMAP_00001283
train,2123,BDMAP_00002520
train,2124,BDMAP_00003056
train,2125,BDMAP_00001438
train,2126,BDMAP_00008916
train,2127,BDMAP_00000057
train,2128,BDMAP_00003003
train,2129,BDMAP_00008749
train,2130,BDMAP_00006225
train,2131,BDMAP_00001845
train,2132,BDMAP_00004662
train,2133,BDMAP_00003862
train,2134,BDMAP_00004383
train,2135,BDMAP_00007337
train,2136,BDMAP_00006966
train,2137,BDMAP_00003069
train,2138,BDMAP_00002583
train,2139,BDMAP_00000741
train,2140,BDMAP_00007212
train,2141,BDMAP_00000525
train,2142,BDMAP_00005595
train,2143,BDMAP_00007844
train,2144,BDMAP_00004605
train,2145,BDMAP_00007930
train,2146,BDMAP_00004604
train,2147,BDMAP_00000436
train,2148,BDMAP_00002165
train,2149,BDMAP_00000309
train,2150,BDMAP_00003124
train,2151,BDMAP_00008091
train,2152,BDMAP_00000402
train,2153,BDMAP_00002761
train,2154,BDMAP_00000882
train,2155,BDMAP_00002887
train,2156,BDMAP_00006596
train,2157,BDMAP_00004068
train,2158,BDMAP_00007760
train,2159,BDMAP_00000289
train,2160,BDMAP_00006745
train,2161,BDMAP_00007213
train,2162,BDMAP_00005041
train,2163,BDMAP_00000477
train,2164,BDMAP_00005969
train,2165,BDMAP_00008468
train,2166,BDMAP_00002716
train,2167,BDMAP_00002276
train,2168,BDMAP_00008773
train,2169,BDMAP_00000738
train,2170,BDMAP_00005367
train,2171,BDMAP_00006322
train,2172,BDMAP_00004587
train,2173,BDMAP_00004133
train,2174,BDMAP_00003033
train,2175,BDMAP_00004650
train,2176,BDMAP_00007167
train,2177,BDMAP_00005838
train,2178,BDMAP_00001840
train,2179,BDMAP_00001996
train,2180,BDMAP_00003170
train,2181,BDMAP_00009177
train,2182,BDMAP_00006584
train,2183,BDMAP_00000801
train,2184,BDMAP_00007579
train,2185,BDMAP_00007737
train,2186,BDMAP_00001406
train,2187,BDMAP_00004610
train,2188,BDMAP_00000070
train,2189,BDMAP_00008178
train,2190,BDMAP_00001587
train,2191,BDMAP_00003173
train,2192,BDMAP_00004735
train,2193,BDMAP_00001075
train,2194,BDMAP_00002240
train,2195,BDMAP_00005837
train,2196,BDMAP_00009220
train,2197,BDMAP_00008391
train,2198,BDMAP_00005203
train,2199,BDMAP_00003396
train,2200,BDMAP_00002274
train,2201,BDMAP_00008920
train,2202,BDMAP_00002570
train,2203,BDMAP_00007518
train,2204,BDMAP_00004351
train,2205,BDMAP_00008736
train,2206,BDMAP_00000478
train,2207,BDMAP_00001330
train,2208,BDMAP_00008930
train,2209,BDMAP_00001778
train,2210,BDMAP_00005876
train,2211,BDMAP_00000752
train,2212,BDMAP_00004908
train,2213,BDMAP_00006074
train,2214,BDMAP_00005120
train,2215,BDMAP_00002778
train,2216,BDMAP_00003685
train,2217,BDMAP_00000469
train,2218,BDMAP_00001546
train,2219,BDMAP_00005360
train,2220,BDMAP_00008784
train,2221,BDMAP_00001026
train,2222,BDMAP_00004333
train,2223,BDMAP_00008103
train,2224,BDMAP_00000774
train,2225,BDMAP_00002234
train,2226,BDMAP_00007836
train,2227,BDMAP_00002456
train,2228,BDMAP_00000642
train,2229,BDMAP_00003128
train,2230,BDMAP_00007592
train,2231,BDMAP_00001109
train,2232,BDMAP_00004864
train,2233,BDMAP_00008034
train,2234,BDMAP_00001421
train,2235,BDMAP_00002955
train,2236,BDMAP_00003446
train,2237,BDMAP_00008716
train,2238,BDMAP_00007300
train,2239,BDMAP_00001681
train,2240,BDMAP_00008633
train,2241,BDMAP_00000634
train,2242,BDMAP_00008852
train,2243,BDMAP_00002167
train,2244,BDMAP_00006935
train,2245,BDMAP_00008404
train,2246,BDMAP_00004248
train,2247,BDMAP_00008494
train,2248,BDMAP_00006378
train,2249,BDMAP_00005755
train,2250,BDMAP_00002527
train,2251,BDMAP_00003099
train,2252,BDMAP_00008594
train,2253,BDMAP_00001173
train,2254,BDMAP_00003131
train,2255,BDMAP_00008524
train,2256,BDMAP_00007958
train,2257,BDMAP_00007146
train,2258,BDMAP_00002729
train,2259,BDMAP_00005377
train,2260,BDMAP_00004984
train,2261,BDMAP_00008087
train,2262,BDMAP_00006632
train,2263,BDMAP_00006827
train,2264,BDMAP_00004049
train,2265,BDMAP_00004421
train,2266,BDMAP_00006606
train,2267,BDMAP_00000816
train,2268,BDMAP_00002132
train,2269,BDMAP_00007440
train,2270,BDMAP_00004937
train,2271,BDMAP_00008571
train,2272,BDMAP_00005607
train,2273,BDMAP_00008105
train,2274,BDMAP_00003414
train,2275,BDMAP_00000180
train,2276,BDMAP_00008561
train,2277,BDMAP_00004327
train,2278,BDMAP_00008849
train,2279,BDMAP_00008142
train,2280,BDMAP_00001158
train,2281,BDMAP_00006856
train,2282,BDMAP_00001533
train,2283,BDMAP_00008431
train,2284,BDMAP_00001536
train,2285,BDMAP_00006427
train,2286,BDMAP_00005565
train,2287,BDMAP_00008975
train,2288,BDMAP_00005982
train,2289,BDMAP_00002178
train,2290,BDMAP_00008611
train,2291,BDMAP_00005020
train,2292,BDMAP_00007507
train,2293,BDMAP_00001481
train,2294,BDMAP_00004100
train,2295,BDMAP_00009057
train,2296,BDMAP_00009201
train,2297,BDMAP_00004523
train,2298,BDMAP_00001953
train,2299,BDMAP_00008440
train,2300,BDMAP_00007050
train,2301,BDMAP_00001164
train,2302,BDMAP_00007052
train,2303,BDMAP_00005226
train,2304,BDMAP_00008949
train,2305,BDMAP_00004033
train,2306,BDMAP_00007128
train,2307,BDMAP_00005134
train,2308,BDMAP_00001599
train,2309,BDMAP_00006102
train,2310,BDMAP_00000301
train,2311,BDMAP_00005308
train,2312,BDMAP_00004197
train,2313,BDMAP_00003147
train,2314,BDMAP_00005008
train,2315,BDMAP_00007325
train,2316,BDMAP_00001360
train,2317,BDMAP_00002974
train,2318,BDMAP_00005355
train,2319,BDMAP_00009222
train,2320,BDMAP_00000487
train,2321,BDMAP_00004440
train,2322,BDMAP_00004551
train,2323,BDMAP_00001153
train,2324,BDMAP_00008056
train,2325,BDMAP_00002692
train,2326,BDMAP_00006680
train,2327,BDMAP_00008987
train,2328,BDMAP_00007097
train,2329,BDMAP_00006344
train,2330,BDMAP_00000666
train,2331,BDMAP_00002440
train,2332,BDMAP_00006683
train,2333,BDMAP_00000643
train,2334,BDMAP_00000177
train,2335,BDMAP_00009179
train,2336,BDMAP_00002493
train,2337,BDMAP_00000787
train,2338,BDMAP_00007253
train,2339,BDMAP_00009048
train,2340,BDMAP_00003246
train,2341,BDMAP_00000092
train,2342,BDMAP_00004884
train,2343,BDMAP_00008262
train,2344,BDMAP_00007599
train,2345,BDMAP_00001972
train,2346,BDMAP_00000531
train,2347,BDMAP_00002629
train,2348,BDMAP_00000997
train,2349,BDMAP_00003762
train,2350,BDMAP_00002313
train,2351,BDMAP_00002155
train,2352,BDMAP_00003205
train,2353,BDMAP_00001428
train,2354,BDMAP_00005122
train,2355,BDMAP_00007062
train,2356,BDMAP_00006089
train,2357,BDMAP_00008866
train,2358,BDMAP_00003155
train,2359,BDMAP_00006769
train,2360,BDMAP_00003038
train,2361,BDMAP_00009020
train,2362,BDMAP_00003965
train,2363,BDMAP_00007809
train,2364,BDMAP_00002322
train,2365,BDMAP_00005096
train,2366,BDMAP_00005264
train,2367,BDMAP_00000152
train,2368,BDMAP_00008258
train,2369,BDMAP_00000695
train,2370,BDMAP_00004829
train,2371,BDMAP_00001739
train,2372,BDMAP_00000168
train,2373,BDMAP_00004203
train,2374,BDMAP_00007620
train,2375,BDMAP_00006088
train,2376,BDMAP_00004897
train,2377,BDMAP_00007597
train,2378,BDMAP_00007194
train,2379,BDMAP_00002901
train,2380,BDMAP_00005083
train,2381,BDMAP_00002277
train,2382,BDMAP_00005973
train,2383,BDMAP_00006798
train,2384,BDMAP_00009133
train,2385,BDMAP_00006254
train,2386,BDMAP_00006408
train,2387,BDMAP_00006007
train,2388,BDMAP_00003182
train,2389,BDMAP_00002224
train,2390,BDMAP_00000101
train,2391,BDMAP_00002413
train,2392,BDMAP_00009161
train,2393,BDMAP_00006930
train,2394,BDMAP_00007161
train,2395,BDMAP_00005489
train,2396,BDMAP_00008546
train,2397,BDMAP_00002587
train,2398,BDMAP_00001466
train,2399,BDMAP_00004225
train,2400,BDMAP_00007968
train,2401,BDMAP_00001745
train,2402,BDMAP_00004848
train,2403,BDMAP_00007279
train,2404,BDMAP_00009197
train,2405,BDMAP_00004818
train,2406,BDMAP_00005929
train,2407,BDMAP_00008545
train,2408,BDMAP_00002847
train,2409,BDMAP_00005830
train,2410,BDMAP_00005925
train,2411,BDMAP_00008728
train,2412,BDMAP_00002122
train,2413,BDMAP_00004882
train,2414,BDMAP_00007205
train,2415,BDMAP_00007628
train,2416,BDMAP_00006162
train,2417,BDMAP_00003028
train,2418,BDMAP_00007509
train,2419,BDMAP_00001204
train,2420,BDMAP_00006524
train,2421,BDMAP_00004819
train,2422,BDMAP_00001927
train,2423,BDMAP_00009067
train,2424,BDMAP_00006244
train,2425,BDMAP_00006634
train,2426,BDMAP_00003046
train,2427,BDMAP_00006501
train,2428,BDMAP_00007162
train,2429,BDMAP_00007302
train,2430,BDMAP_00006309
train,2431,BDMAP_00000806
train,2432,BDMAP_00008689
train,2433,BDMAP_00005618
train,2434,BDMAP_00003816
train,2435,BDMAP_00003081
train,2436,BDMAP_00004451
train,2437,BDMAP_00001243
train,2438,BDMAP_00005901
train,2439,BDMAP_00004719
train,2440,BDMAP_00000548
train,2441,BDMAP_00000027
train,2442,BDMAP_00004190
train,2443,BDMAP_00007258
train,2444,BDMAP_00003539
train,2445,BDMAP_00001303
train,2446,BDMAP_00009115
train,2447,BDMAP_00008871
train,2448,BDMAP_00003306
train,2449,BDMAP_00001222
train,2450,BDMAP_00008171
train,2451,BDMAP_00000438
train,2452,BDMAP_00004535
train,2453,BDMAP_00003435
train,2454,BDMAP_00007908
train,2455,BDMAP_00005021
train,2456,BDMAP_00005814
train,2457,BDMAP_00004240
train,2458,BDMAP_00007414
train,2459,BDMAP_00003354
train,2460,BDMAP_00000327
train,2461,BDMAP_00001040
train,2462,BDMAP_00004251
train,2463,BDMAP_00007157
train,2464,BDMAP_00001871
train,2465,BDMAP_00009186
train,2466,BDMAP_00000535
train,2467,BDMAP_00003007
train,2468,BDMAP_00006249
train,2469,BDMAP_00000586
train,2470,BDMAP_00009183
train,2471,BDMAP_00001704
train,2472,BDMAP_00007232
train,2473,BDMAP_00004724
train,2474,BDMAP_00000492
train,2475,BDMAP_00005439
train,2476,BDMAP_00003754
train,2477,BDMAP_00002267
train,2478,BDMAP_00005314
train,2479,BDMAP_00007747
train,2480,BDMAP_00005506
train,2481,BDMAP_00004380
train,2482,BDMAP_00007992
train,2483,BDMAP_00001917
train,2484,BDMAP_00005097
train,2485,BDMAP_00003835
train,2486,BDMAP_00003150
train,2487,BDMAP_00003551
train,2488,BDMAP_00003938
train,2489,BDMAP_00007914
train,2490,BDMAP_00000398
train,2491,BDMAP_00001318
train,2492,BDMAP_00008057
train,2493,BDMAP_00000122
train,2494,BDMAP_00002450
train,2495,BDMAP_00004595
train,2496,BDMAP_00001567
train,2497,BDMAP_00001985
train,2498,BDMAP_00004624
train,2499,BDMAP_00002826
train,2500,BDMAP_00002174
train,2501,BDMAP_00007525
train,2502,BDMAP_00007689
train,2503,BDMAP_00002334
train,2504,BDMAP_00000574
train,2505,BDMAP_00006325
train,2506,BDMAP_00008397
train,2507,BDMAP_00003942
train,2508,BDMAP_00005426
train,2509,BDMAP_00001408
train,2510,BDMAP_00000536
train,2511,BDMAP_00006153
train,2512,BDMAP_00006056
train,2513,BDMAP_00001435
train,2514,BDMAP_00003088
train,2515,BDMAP_00001868
train,2516,BDMAP_00001455
train,2517,BDMAP_00003080
train,2518,BDMAP_00003001
train,2519,BDMAP_00001821
train,2520,BDMAP_00005282
train,2521,BDMAP_00000052
train,2522,BDMAP_00004845
train,2523,BDMAP_00004640
train,2524,BDMAP_00000470
train,2525,BDMAP_00004394
train,2526,BDMAP_00006195
train,2527,BDMAP_00002848
train,2528,BDMAP_00005267
train,2529,BDMAP_00007691
train,2530,BDMAP_00001859
train,2531,BDMAP_00007812
train,2532,BDMAP_00000866
train,2533,BDMAP_00006126
train,2534,BDMAP_00004163
train,2535,BDMAP_00007882
train,2536,BDMAP_00005309
train,2537,BDMAP_00005036
train,2538,BDMAP_00000426
train,2539,BDMAP_00000189
train,2540,BDMAP_00004773
train,2541,BDMAP_00003317
train,2542,BDMAP_00000229
train,2543,BDMAP_00003026
train,2544,BDMAP_00001042
train,2545,BDMAP_00008169
train,2546,BDMAP_00003334
train,2547,BDMAP_00000472
train,2548,BDMAP_00001906
train,2549,BDMAP_00008214
train,2550,BDMAP_00000802
train,2551,BDMAP_00001488
train,2552,BDMAP_00007407
train,2553,BDMAP_00004748
train,2554,BDMAP_00001129
train,2555,BDMAP_00004297
train,2556,BDMAP_00008250
train,2557,BDMAP_00002209
train,2558,BDMAP_00003166
train,2559,BDMAP_00008236
train,2560,BDMAP_00003101
train,2561,BDMAP_00009006
train,2562,BDMAP_00005468
train,2563,BDMAP_00008890
train,2564,BDMAP_00002145
train,2565,BDMAP_00006287
train,2566,BDMAP_00003032
train,2567,BDMAP_00001633
train,2568,BDMAP_00007418
train,2569,BDMAP_00008487
train,2570,BDMAP_00000157
train,2571,BDMAP_00002699
train,2572,BDMAP_00006146
train,2573,BDMAP_00008060
train,2574,BDMAP_00003083
train,2575,BDMAP_00006376
train,2576,BDMAP_00004581
train,2577,BDMAP_00006635
train,2578,BDMAP_00006520
train,2579,BDMAP_00002496
train,2580,BDMAP_00002373
train,2581,BDMAP_00002958
train,2582,BDMAP_00005606
train,2583,BDMAP_00006127
train,2584,BDMAP_00003353
train,2585,BDMAP_00003533
train,2586,BDMAP_00007476
train,2587,BDMAP_00004114
train,2588,BDMAP_00008815
train,2589,BDMAP_00000848
train,2590,BDMAP_00007963
train,2591,BDMAP_00007742
train,2592,BDMAP_00008354
train,2593,BDMAP_00009005
train,2594,BDMAP_00000757
train,2595,BDMAP_00003044
train,2596,BDMAP_00005514
train,2597,BDMAP_00007250
train,2598,BDMAP_00004529
train,2599,BDMAP_00002923
train,2600,BDMAP_00009174
train,2601,BDMAP_00002062
train,2602,BDMAP_00000550
train,2603,BDMAP_00008693
train,2604,BDMAP_00008330
train,2605,BDMAP_00008324
train,2606,BDMAP_00002550
train,2607,BDMAP_00005152
train,2608,BDMAP_00006124
train,2609,BDMAP_00003034
train,2610,BDMAP_00001260
train,2611,BDMAP_00006696
train,2612,BDMAP_00002645
train,2613,BDMAP_00006734
train,2614,BDMAP_00001025
train,2615,BDMAP_00000753
train,2616,BDMAP_00003647
train,2617,BDMAP_00008180
train,2618,BDMAP_00001952
train,2619,BDMAP_00005354
train,2620,BDMAP_00000352
train,2621,BDMAP_00001512
train,2622,BDMAP_00004081
train,2623,BDMAP_00006724
train,2624,BDMAP_00004202
train,2625,BDMAP_00005745
train,2626,BDMAP_00000702
train,2627,BDMAP_00004076
train,2628,BDMAP_00004402
train,2629,BDMAP_00000562
train,2630,BDMAP_00002319
train,2631,BDMAP_00007311
train,2632,BDMAP_00008420
train,2633,BDMAP_00004142
train,2634,BDMAP_00002884
train,2635,BDMAP_00002944
train,2636,BDMAP_00001048
train,2637,BDMAP_00004078
train,2638,BDMAP_00000415
train,2639,BDMAP_00008221
train,2640,BDMAP_00008643
train,2641,BDMAP_00004008
train,2642,BDMAP_00005577
train,2643,BDMAP_00006250
train,2644,BDMAP_00001470
train,2645,BDMAP_00001711
train,2646,BDMAP_00009173
train,2647,BDMAP_00007989
train,2648,BDMAP_00002272
train,2649,BDMAP_00001584
train,2650,BDMAP_00001413
train,2651,BDMAP_00006499
train,2652,BDMAP_00006757
train,2653,BDMAP_00001723
train,2654,BDMAP_00003239
train,2655,BDMAP_00005585
train,2656,BDMAP_00001508
train,2657,BDMAP_00002623
train,2658,BDMAP_00004483
train,2659,BDMAP_00008447
train,2660,BDMAP_00001322
train,2661,BDMAP_00000843
train,2662,BDMAP_00001147
train,2663,BDMAP_00004921
train,2664,BDMAP_00008315
train,2665,BDMAP_00000464
train,2666,BDMAP_00001755
train,2667,BDMAP_00006363
train,2668,BDMAP_00004690
train,2669,BDMAP_00008761
train,2670,BDMAP_00009259
train,2671,BDMAP_00007183
train,2672,BDMAP_00005369
train,2673,BDMAP_00000379
train,2674,BDMAP_00008619
train,2675,BDMAP_00001336
train,2676,BDMAP_00001224
train,2677,BDMAP_00004349
train,2678,BDMAP_00003326
train,2679,BDMAP_00001351
train,2680,BDMAP_00007481
train,2681,BDMAP_00001812
train,2682,BDMAP_00002996
train,2683,BDMAP_00001352
train,2684,BDMAP_00003689
train,2685,BDMAP_00001895
train,2686,BDMAP_00005639
train,2687,BDMAP_00007021
train,2688,BDMAP_00004763
train,2689,BDMAP_00004300
train,2690,BDMAP_00006402
train,2691,BDMAP_00004004
train,2692,BDMAP_00001190
train,2693,BDMAP_00002856
train,2694,BDMAP_00000899
train,2695,BDMAP_00007479
train,2696,BDMAP_00007640
train,2697,BDMAP_00003203
train,2698,BDMAP_00004012
train,2699,BDMAP_00002908
train,2700,BDMAP_00002333
train,2701,BDMAP_00005928
train,2702,BDMAP_00002263
train,2703,BDMAP_00006496
train,2704,BDMAP_00005545
train,2705,BDMAP_00002596
train,2706,BDMAP_00006115
train,2707,BDMAP_00001031
train,2708,BDMAP_00003783
train,2709,BDMAP_00006122
train,2710,BDMAP_00005598
train,2711,BDMAP_00003064
train,2712,BDMAP_00009190
train,2713,BDMAP_00001756
train,2714,BDMAP_00008762
train,2715,BDMAP_00000232
train,2716,BDMAP_00006481
train,2717,BDMAP_00002992
train,2718,BDMAP_00004632
train,2719,BDMAP_00003245
train,2720,BDMAP_00007775
train,2721,BDMAP_00003904
train,2722,BDMAP_00008963
train,2723,BDMAP_00002318
train,2724,BDMAP_00004104
train,2725,BDMAP_00001516
train,2726,BDMAP_00000217
train,2727,BDMAP_00008383
train,2728,BDMAP_00002264
train,2729,BDMAP_00003571
train,2730,BDMAP_00003079
train,2731,BDMAP_00003609
train,2732,BDMAP_00000894
train,2733,BDMAP_00006884
train,2734,BDMAP_00001851
train,2735,BDMAP_00007291
train,2736,BDMAP_00003795
train,2737,BDMAP_00000325
train,2738,BDMAP_00001216
train,2739,BDMAP_00005846
train,2740,BDMAP_00006415
train,2741,BDMAP_00001130
train,2742,BDMAP_00006994
train,2743,BDMAP_00002817
train,2744,BDMAP_00008418
train,2745,BDMAP_00004732
train,2746,BDMAP_00000209
train,2747,BDMAP_00006413
train,2748,BDMAP_00000799
train,2749,BDMAP_00008426
train,2750,BDMAP_00000735
train,2751,BDMAP_00003065
train,2752,BDMAP_00004191
train,2753,BDMAP_00001175
train,2754,BDMAP_00003106
train,2755,BDMAP_00005156
train,2756,BDMAP_00001832
train,2757,BDMAP_00006796
train,2758,BDMAP_00005699
train,2759,BDMAP_00006711
train,2760,BDMAP_00005875
train,2761,BDMAP_00000199
train,2762,BDMAP_00006740
train,2763,BDMAP_00008072
train,2764,BDMAP_00001098
train,2765,BDMAP_00000549
train,2766,BDMAP_00003316
train,2767,BDMAP_00003956
train,2768,BDMAP_00008225
train,2769,BDMAP_00007322
train,2770,BDMAP_00009093
train,2771,BDMAP_00002315
train,2772,BDMAP_00005651
train,2773,BDMAP_00005850
train,2774,BDMAP_00008120
train,2775,BDMAP_00004122
train,2776,BDMAP_00006983
train,2777,BDMAP_00006688
train,2778,BDMAP_00000617
train,2779,BDMAP_00001119
train,2780,BDMAP_00000938
train,2781,BDMAP_00002573
train,2782,BDMAP_00000623
train,2783,BDMAP_00007121
train,2784,BDMAP_00006863
train,2785,BDMAP_00003466
train,2786,BDMAP_00004254
train,2787,BDMAP_00007591
train,2788,BDMAP_00005364
train,2789,BDMAP_00007596
train,2790,BDMAP_00006877
train,2791,BDMAP_00003800
train,2792,BDMAP_00002202
train,2793,BDMAP_00001161
train,2794,BDMAP_00006367
train,2795,BDMAP_00003283
train,2796,BDMAP_00008977
train,2797,BDMAP_00008775
train,2798,BDMAP_00005322
train,2799,BDMAP_00000479
train,2800,BDMAP_00001353
train,2801,BDMAP_00003195
train,2802,BDMAP_00004830
train,2803,BDMAP_00002648
train,2804,BDMAP_00007455
train,2805,BDMAP_00004293
train,2806,BDMAP_00005334
train,2807,BDMAP_00008084
train,2808,BDMAP_00003151
train,2809,BDMAP_00001034
train,2810,BDMAP_00008082
train,2811,BDMAP_00004241
train,2812,BDMAP_00002599
train,2813,BDMAP_00004388
train,2814,BDMAP_00003735
train,2815,BDMAP_00006579
train,2816,BDMAP_00008024
train,2817,BDMAP_00009009
train,2818,BDMAP_00003621
train,2819,BDMAP_00002834
train,2820,BDMAP_00001426
train,2821,BDMAP_00002914
train,2822,BDMAP_00001872
train,2823,BDMAP_00000481
train,2824,BDMAP_00008892
train,2825,BDMAP_00006331
train,2826,BDMAP_00000528
train,2827,BDMAP_00000723
train,2828,BDMAP_00004342
train,2829,BDMAP_00005389
train,2830,BDMAP_00000221
train,2831,BDMAP_00008501
train,2832,BDMAP_00007273
train,2833,BDMAP_00004056
train,2834,BDMAP_00005762
train,2835,BDMAP_00003162
train,2836,BDMAP_00008037
train,2837,BDMAP_00005028
train,2838,BDMAP_00006976
train,2839,BDMAP_00008917
train,2840,BDMAP_00008832
train,2841,BDMAP_00008321
train,2842,BDMAP_00005638
train,2843,BDMAP_00002392
train,2844,BDMAP_00005310
train,2845,BDMAP_00005479
train,2846,BDMAP_00001984
train,2847,BDMAP_00007059
train,2848,BDMAP_00001555
train,2849,BDMAP_00008665
train,2850,BDMAP_00003378
train,2851,BDMAP_00004295
train,2852,BDMAP_00006149
train,2853,BDMAP_00003882
train,2854,BDMAP_00001678
train,2855,BDMAP_00003659
train,2856,BDMAP_00006033
train,2857,BDMAP_00000902
train,2858,BDMAP_00007195
train,2859,BDMAP_00002297
train,2860,BDMAP_00006500
train,2861,BDMAP_00000297
train,2862,BDMAP_00008074
train,2863,BDMAP_00000058
train,2864,BDMAP_00006152
train,2865,BDMAP_00006965
train,2866,BDMAP_00007390
train,2867,BDMAP_00005690
train,2868,BDMAP_00002677
train,2869,BDMAP_00004330
train,2870,BDMAP_00008918
train,2871,BDMAP_00008433
train,2872,BDMAP_00007779
train,2873,BDMAP_00000296
train,2874,BDMAP_00002581
train,2875,BDMAP_00007532
train,2876,BDMAP_00003549
train,2877,BDMAP_00000649
train,2878,BDMAP_00001371
train,2879,BDMAP_00009127
train,2880,BDMAP_00008199
train,2881,BDMAP_00004378
train,2882,BDMAP_00005917
train,2883,BDMAP_00003892
train,2884,BDMAP_00003622
train,2885,BDMAP_00000682
train,2886,BDMAP_00000435
train,2887,BDMAP_00004757
train,2888,BDMAP_00004072
train,2889,BDMAP_00001490
train,2890,BDMAP_00000813
train,2891,BDMAP_00001883
train,2892,BDMAP_00007726
train,2893,BDMAP_00004175
train,2894,BDMAP_00007673
train,2895,BDMAP_00001941
train,2896,BDMAP_00004111
train,2897,BDMAP_00004634
train,2898,BDMAP_00001613
train,2899,BDMAP_00001182
train,2900,BDMAP_00001376
train,2901,BDMAP_00007297
train,2902,BDMAP_00006490
train,2903,BDMAP_00000627
train,2904,BDMAP_00005730
train,2905,BDMAP_00001670
train,2906,BDMAP_00002113
train,2907,BDMAP_00009013
train,2908,BDMAP_00009062
train,2909,BDMAP_00005557
train,2910,BDMAP_00005270
train,2911,BDMAP_00000085
train,2912,BDMAP_00005936
train,2913,BDMAP_00003996
train,2914,BDMAP_00002284
train,2915,BDMAP_00002888
train,2916,BDMAP_00003625
train,2917,BDMAP_00005248
train,2918,BDMAP_00000419
train,2919,BDMAP_00004429
train,2920,BDMAP_00003690
train,2921,BDMAP_00002710
train,2922,BDMAP_00002358
train,2923,BDMAP_00006416
train,2924,BDMAP_00001367
train,2925,BDMAP_00000294
train,2926,BDMAP_00007371
train,2927,BDMAP_00008759
train,2928,BDMAP_00001507
train,2929,BDMAP_00008360
train,2930,BDMAP_00006274
train,2931,BDMAP_00001635
train,2932,BDMAP_00003523
train,2933,BDMAP_00004716
train,2934,BDMAP_00003140
train,2935,BDMAP_00007719
train,2936,BDMAP_00001564
train,2937,BDMAP_00008450
train,2938,BDMAP_00004247
train,2939,BDMAP_00001980
train,2940,BDMAP_00001884
train,2941,BDMAP_00000439
train,2942,BDMAP_00003777
train,2943,BDMAP_00003593
train,2944,BDMAP_00005340
train,2945,BDMAP_00007819
train,2946,BDMAP_00006664
train,2947,BDMAP_00007977
train,2948,BDMAP_00002281
train,2949,BDMAP_00008246
train,2950,BDMAP_00003845
train,2951,BDMAP_00008009
train,2952,BDMAP_00000374
train,2953,BDMAP_00004422
train,2954,BDMAP_00008535
train,2955,BDMAP_00002586
train,2956,BDMAP_00001333
train,2957,BDMAP_00005661
train,2958,BDMAP_00003051
train,2959,BDMAP_00003575
train,2960,BDMAP_00001785
train,2961,BDMAP_00005591
train,2962,BDMAP_00006428
train,2963,BDMAP_00008597
train,2964,BDMAP_00006247
train,2965,BDMAP_00006746
train,2966,BDMAP_00002861
train,2967,BDMAP_00005126
train,2968,BDMAP_00003299
train,2969,BDMAP_00002898
train,2970,BDMAP_00000367
train,2971,BDMAP_00007911
train,2972,BDMAP_00004393
train,2973,BDMAP_00003419
train,2974,BDMAP_00006969
train,2975,BDMAP_00002654
train,2976,BDMAP_00006224
train,2977,BDMAP_00005580
train,2978,BDMAP_00001542
train,2979,BDMAP_00003693
train,2980,BDMAP_00008206
train,2981,BDMAP_00000323
train,2982,BDMAP_00002032
train,2983,BDMAP_00000994
train,2984,BDMAP_00004966
train,2985,BDMAP_00008769
train,2986,BDMAP_00006426
train,2987,BDMAP_00007459
train,2988,BDMAP_00007268
train,2989,BDMAP_00006704
train,2990,BDMAP_00002185
train,2991,BDMAP_00000111
train,2992,BDMAP_00004265
train,2993,BDMAP_00005726
train,2994,BDMAP_00001080
train,2995,BDMAP_00002227
train,2996,BDMAP_00006908
train,2997,BDMAP_00008455
train,2998,BDMAP_00002706
train,2999,BDMAP_00005795
train,3000,BDMAP_00004150
train,3001,BDMAP_00001165
train,3002,BDMAP_00003144
train,3003,BDMAP_00001451
train,3004,BDMAP_00007901
train,3005,BDMAP_00006880
train,3006,BDMAP_00005194
train,3007,BDMAP_00007665
train,3008,BDMAP_00005847
train,3009,BDMAP_00002985
train,3010,BDMAP_00005113
train,3011,BDMAP_00004513
train,3012,BDMAP_00006902
train,3013,BDMAP_00004030
train,3014,BDMAP_00004399
train,3015,BDMAP_00006562
train,3016,BDMAP_00003000
train,3017,BDMAP_00006872
train,3018,BDMAP_00008348
train,3019,BDMAP_00005400
train,3020,BDMAP_00001515
train,3021,BDMAP_00002314
train,3022,BDMAP_00008471
train,3023,BDMAP_00001452
train,3024,BDMAP_00002021
train,3025,BDMAP_00003772
train,3026,BDMAP_00004853
train,3027,BDMAP_00004303
train,3028,BDMAP_00004741
train,3029,BDMAP_00000839
train,3030,BDMAP_00009184
train,3031,BDMAP_00002375
train,3032,BDMAP_00003746
train,3033,BDMAP_00004418
train,3034,BDMAP_00007545
train,3035,BDMAP_00006652
train,3036,BDMAP_00005909
train,3037,BDMAP_00007813
train,3038,BDMAP_00000451
train,3039,BDMAP_00006283
train,3040,BDMAP_00001715
train,3041,BDMAP_00003694
train,3042,BDMAP_00008284
train,3043,BDMAP_00000340
train,3044,BDMAP_00004801
train,3045,BDMAP_00008373
train,3046,BDMAP_00004339
train,3047,BDMAP_00007797
train,3048,BDMAP_00002671
train,3049,BDMAP_00001420
train,3050,BDMAP_00000035
train,3051,BDMAP_00007326
train,3052,BDMAP_00007729
train,3053,BDMAP_00005951
train,3054,BDMAP_00008403
train,3055,BDMAP_00008638
train,3056,BDMAP_00001411
train,3057,BDMAP_00004249
train,3058,BDMAP_00002171
train,3059,BDMAP_00009157
train,3060,BDMAP_00000890
train,3061,BDMAP_00008702
train,3062,BDMAP_00004413
train,3063,BDMAP_00006220
train,3064,BDMAP_00002245
train,3065,BDMAP_00004939
train,3066,BDMAP_00005934
train,3067,BDMAP_00003871
train,3068,BDMAP_00008764
train,3069,BDMAP_00008289
train,3070,BDMAP_00000433
train,3071,BDMAP_00001655
train,3072,BDMAP_00000179
train,3073,BDMAP_00006374
train,3074,BDMAP_00008776
train,3075,BDMAP_00007767
train,3076,BDMAP_00003323
train,3077,BDMAP_00001887
train,3078,BDMAP_00004093
train,3079,BDMAP_00001787
train,3080,BDMAP_00001591
train,3081,BDMAP_00006840
train,3082,BDMAP_00003985
train,3083,BDMAP_00002182
train,3084,BDMAP_00005683
train,3085,BDMAP_00004157
train,3086,BDMAP_00002070
train,3087,BDMAP_00007343
train,3088,BDMAP_00005172
train,3089,BDMAP_00001122
train,3090,BDMAP_00000881
train,3091,BDMAP_00004210
train,3092,BDMAP_00004020
train,3093,BDMAP_00006841
train,3094,BDMAP_00007077
train,3095,BDMAP_00004354
train,3096,BDMAP_00001210
train,3097,BDMAP_00003258
train,3098,BDMAP_00003206
train,3099,BDMAP_00007150
train,3100,BDMAP_00001707
train,3101,BDMAP_00001159
train,3102,BDMAP_00002307
train,3103,BDMAP_00007610
train,3104,BDMAP_00008138
train,3105,BDMAP_00005642
train,3106,BDMAP_00006116
train,3107,BDMAP_00006622
train,3108,BDMAP_00004206
train,3109,BDMAP_00006903
train,3110,BDMAP_00003888
train,3111,BDMAP_00006742
train,3112,BDMAP_00001565
train,3113,BDMAP_00001783
train,3114,BDMAP_00007381
train,3115,BDMAP_00006493
train,3116,BDMAP_00005796
train,3117,BDMAP_00000905
train,3118,BDMAP_00008956
train,3119,BDMAP_00009137
train,3120,BDMAP_00007795
train,3121,BDMAP_00007237
train,3122,BDMAP_00002081
train,3123,BDMAP_00001566
train,3124,BDMAP_00007078
train,3125,BDMAP_00003536
train,3126,BDMAP_00005431
train,3127,BDMAP_00008844
train,3128,BDMAP_00005256
train,3129,BDMAP_00006985
train,3130,BDMAP_00006300
train,3131,BDMAP_00008708
train,3132,BDMAP_00006430
train,3133,BDMAP_00001114
train,3134,BDMAP_00002647
train,3135,BDMAP_00008044
train,3136,BDMAP_00007962
train,3137,BDMAP_00004324
train,3138,BDMAP_00005552
train,3139,BDMAP_00002301
train,3140,BDMAP_00008439
train,3141,BDMAP_00000255
train,3142,BDMAP_00005154
train,3143,BDMAP_00005332
train,3144,BDMAP_00003669
train,3145,BDMAP_00006761
train,3146,BDMAP_00005992
train,3147,BDMAP_00004025
train,3148,BDMAP_00006099
train,3149,BDMAP_00005702
train,3150,BDMAP_00002590
train,3151,BDMAP_00003465
train,3152,BDMAP_00006069
train,3153,BDMAP_00000304
train,3154,BDMAP_00005293
train,3155,BDMAP_00005007
train,3156,BDMAP_00005488
train,3157,BDMAP_00003103
train,3158,BDMAP_00008338
train,3159,BDMAP_00004470
train,3160,BDMAP_00001437
train,3161,BDMAP_00007677
train,3162,BDMAP_00006804
train,3163,BDMAP_00000377
train,3164,BDMAP_00001870
train,3165,BDMAP_00006725
train,3166,BDMAP_00003483
train,3167,BDMAP_00001835
train,3168,BDMAP_00001659
train,3169,BDMAP_00000756
train,3170,BDMAP_00007289
train,3171,BDMAP_00004598
train,3172,BDMAP_00007468
train,3173,BDMAP_00000291
train,3174,BDMAP_00002237
train,3175,BDMAP_00003814
train,3176,BDMAP_00008322
train,3177,BDMAP_00002119
train,3178,BDMAP_00005227
train,3179,BDMAP_00005930
train,3180,BDMAP_00000502
train,3181,BDMAP_00003281
train,3182,BDMAP_00005317
train,3183,BDMAP_00007384
train,3184,BDMAP_00001540
train,3185,BDMAP_00005217
train,3186,BDMAP_00001212
train,3187,BDMAP_00002997
train,3188,BDMAP_00008000
train,3189,BDMAP_00008442
train,3190,BDMAP_00000673
train,3191,BDMAP_00006789
train,3192,BDMAP_00008596
train,3193,BDMAP_00005472
train,3194,BDMAP_00004935
train,3195,BDMAP_00007552
train,3196,BDMAP_00008796
train,3197,BDMAP_00001465
train,3198,BDMAP_00004336
train,3199,BDMAP_00008124
train,3200,BDMAP_00001193
train,3201,BDMAP_00008829
train,3202,BDMAP_00005868
train,3203,BDMAP_00002265
train,3204,BDMAP_00005712
train,3205,BDMAP_00000422
train,3206,BDMAP_00000506
train,3207,BDMAP_00006914
train,3208,BDMAP_00002624
train,3209,BDMAP_00001583
train,3210,BDMAP_00000507
train,3211,BDMAP_00003529
train,3212,BDMAP_00002406
train,3213,BDMAP_00007947
train,3214,BDMAP_00003434
train,3215,BDMAP_00000622
train,3216,BDMAP_00002127
train,3217,BDMAP_00004828
train,3218,BDMAP_00005611
train,3219,BDMAP_00004234
train,3220,BDMAP_00001774
train,3221,BDMAP_00003255
train,3222,BDMAP_00004802
train,3223,BDMAP_00004152
train,3224,BDMAP_00000348
train,3225,BDMAP_00000798
train,3226,BDMAP_00006009
train,3227,BDMAP_00002830
train,3228,BDMAP_00004971
train,3229,BDMAP_00001491
train,3230,BDMAP_00008629
train,3231,BDMAP_00009110
train,3232,BDMAP_00008946
train,3233,BDMAP_00000313
train,3234,BDMAP_00009191
train,3235,BDMAP_00000747
train,3236,BDMAP_00000791
train,3237,BDMAP_00002477
train,3238,BDMAP_00002025
train,3239,BDMAP_00004014
train,3240,BDMAP_00002571
train,3241,BDMAP_00003827
train,3242,BDMAP_00004479
train,3243,BDMAP_00007526
train,3244,BDMAP_00005698
train,3245,BDMAP_00006196
train,3246,BDMAP_00004417
train,3247,BDMAP_00000260
train,3248,BDMAP_00002164
train,3249,BDMAP_00008481
train,3250,BDMAP_00000381
train,3251,BDMAP_00005502
train,3252,BDMAP_00001293
train,3253,BDMAP_00001913
train,3254,BDMAP_00004954
train,3255,BDMAP_00000600
train,3256,BDMAP_00000046
train,3257,BDMAP_00001445
train,3258,BDMAP_00001653
train,3259,BDMAP_00002700
train,3260,BDMAP_00001902
train,3261,BDMAP_00001894
train,3262,BDMAP_00001945
train,3263,BDMAP_00002407
train,3264,BDMAP_00005650
train,3265,BDMAP_00009046
train,3266,BDMAP_00007363
train,3267,BDMAP_00001967
train,3268,BDMAP_00005905
train,3269,BDMAP_00006063
train,3270,BDMAP_00004223
train,3271,BDMAP_00004609
train,3272,BDMAP_00001601
train,3273,BDMAP_00008159
train,3274,BDMAP_00001393
train,3275,BDMAP_00006573
train,3276,BDMAP_00007029
train,3277,BDMAP_00004377
train,3278,BDMAP_00004481
train,3279,BDMAP_00003724
train,3280,BDMAP_00000427
train,3281,BDMAP_00005311
train,3282,BDMAP_00002854
train,3283,BDMAP_00000411
train,3284,BDMAP_00008427
train,3285,BDMAP_00008317
train,3286,BDMAP_00006721
train,3287,BDMAP_00002487
train,3288,BDMAP_00004363
train,3289,BDMAP_00000780
train,3290,BDMAP_00004608
train,3291,BDMAP_00005361
train,3292,BDMAP_00007144
train,3293,BDMAP_00000211
train,3294,BDMAP_00002488
train,3295,BDMAP_00006483
train,3296,BDMAP_00006251
train,3297,BDMAP_00006159
train,3298,BDMAP_00003149
train,3299,BDMAP_00004468
train,3300,BDMAP_00001050
train,3301,BDMAP_00008378
train,3302,BDMAP_00004517
train,3303,BDMAP_00006686
train,3304,BDMAP_00002036
train,3305,BDMAP_00006460
train,3306,BDMAP_00008843
train,3307,BDMAP_00004369
train,3308,BDMAP_00001973
train,3309,BDMAP_00003992
train,3310,BDMAP_00002100
train,3311,BDMAP_00001500
train,3312,BDMAP_00001110
train,3313,BDMAP_00007851
train,3314,BDMAP_00004276
train,3315,BDMAP_00000653
train,3316,BDMAP_00003834
train,3317,BDMAP_00002733
train,3318,BDMAP_00003035
train,3319,BDMAP_00005278
train,3320,BDMAP_00000243
train,3321,BDMAP_00001796
train,3322,BDMAP_00001703
train,3323,BDMAP_00003474
train,3324,BDMAP_00007277
train,3325,BDMAP_00007356
train,3326,BDMAP_00004368
train,3327,BDMAP_00004891
train,3328,BDMAP_00001499
train,3329,BDMAP_00002757
train,3330,BDMAP_00007768
train,3331,BDMAP_00005555
train,3332,BDMAP_00002179
train,3333,BDMAP_00007366
train,3334,BDMAP_00004398
train,3335,BDMAP_00002077
train,3336,BDMAP_00005213
train,3337,BDMAP_00008855
train,3338,BDMAP_00000706
train,3339,BDMAP_00001873
train,3340,BDMAP_00004103
train,3341,BDMAP_00003183
train,3342,BDMAP_00004141
train,3343,BDMAP_00005921
train,3344,BDMAP_00007306
train,3345,BDMAP_00008680
train,3346,BDMAP_00008215
train,3347,BDMAP_00004533
train,3348,BDMAP_00006297
train,3349,BDMAP_00003716
train,3350,BDMAP_00007924
train,3351,BDMAP_00000566
train,3352,BDMAP_00006093
train,3353,BDMAP_00007396
train,3354,BDMAP_00003590
train,3355,BDMAP_00002988
train,3356,BDMAP_00000641
train,3357,BDMAP_00004002
train,3358,BDMAP_00003686
train,3359,BDMAP_00002779
train,3360,BDMAP_00000508
train,3361,BDMAP_00006396
train,3362,BDMAP_00001965
train,3363,BDMAP_00006866
train,3364,BDMAP_00001535
train,3365,BDMAP_00000326
train,3366,BDMAP_00003273
train,3367,BDMAP_00006677
train,3368,BDMAP_00002339
train,3369,BDMAP_00007785
train,3370,BDMAP_00005843
train,3371,BDMAP_00003940
train,3372,BDMAP_00002238
train,3373,BDMAP_00006859
train,3374,BDMAP_00004843
train,3375,BDMAP_00007921
train,3376,BDMAP_00008954
train,3377,BDMAP_00009198
train,3378,BDMAP_00004124
train,3379,BDMAP_00008898
train,3380,BDMAP_00000865
train,3381,BDMAP_00004979
train,3382,BDMAP_00008477
train,3383,BDMAP_00007497
train,3384,BDMAP_00005015
train,3385,BDMAP_00002816
train,3386,BDMAP_00004405
train,3387,BDMAP_00008081
train,3388,BDMAP_00000372
train,3389,BDMAP_00004709
train,3390,BDMAP_00007437
train,3391,BDMAP_00003917
train,3392,BDMAP_00002543
train,3393,BDMAP_00008183
train,3394,BDMAP_00006795
train,3395,BDMAP_00008951
train,3396,BDMAP_00006054
train,3397,BDMAP_00009061
train,3398,BDMAP_00002365
train,3399,BDMAP_00003214
train,3400,BDMAP_00005858
train,3401,BDMAP_00001361
train,3402,BDMAP_00000912
train,3403,BDMAP_00008370
train,3404,BDMAP_00006014
train,3405,BDMAP_00008753
train,3406,BDMAP_00009039
train,3407,BDMAP_00003711
train,3408,BDMAP_00005548
train,3409,BDMAP_00005046
train,3410,BDMAP_00000965
train,3411,BDMAP_00004218
train,3412,BDMAP_00001424
train,3413,BDMAP_00000123
train,3414,BDMAP_00000480
train,3415,BDMAP_00000663
train,3416,BDMAP_00003515
train,3417,BDMAP_00008128
train,3418,BDMAP_00006168
train,3419,BDMAP_00006748
train,3420,BDMAP_00002989
train,3421,BDMAP_00003644
train,3422,BDMAP_00002777
train,3423,BDMAP_00000440
train,3424,BDMAP_00001380
train,3425,BDMAP_00004713
train,3426,BDMAP_00005956
train,3427,BDMAP_00005564
train,3428,BDMAP_00005363
train,3429,BDMAP_00001444
train,3430,BDMAP_00005648
train,3431,BDMAP_00007101
train,3432,BDMAP_00001478
train,3433,BDMAP_00002040
train,3434,BDMAP_00001174
train,3435,BDMAP_00005839
train,3436,BDMAP_00006302
train,3437,BDMAP_00003885
train,3438,BDMAP_00004003
train,3439,BDMAP_00005399
train,3440,BDMAP_00004568
train,3441,BDMAP_00002894
train,3442,BDMAP_00002670
train,3443,BDMAP_00004455
train,3444,BDMAP_00000280
train,3445,BDMAP_00006980
train,3446,BDMAP_00005715
train,3447,BDMAP_00003412
train,3448,BDMAP_00007771
train,3449,BDMAP_00006021
train,3450,BDMAP_00002572
train,3451,BDMAP_00005965
train,3452,BDMAP_00008679
train,3453,BDMAP_00003266
train,3454,BDMAP_00001102
train,3455,BDMAP_00000569
train,3456,BDMAP_00001695
train,3457,BDMAP_00007773
train,3458,BDMAP_00004320
train,3459,BDMAP_00004099
train,3460,BDMAP_00008137
train,3461,BDMAP_00008365
train,3462,BDMAP_00000578
train,3463,BDMAP_00000060
train,3464,BDMAP_00003111
train,3465,BDMAP_00000788
train,3466,BDMAP_00004105
train,3467,BDMAP_00004514
train,3468,BDMAP_00008277
train,3469,BDMAP_00006693
train,3470,BDMAP_00007574
train,3471,BDMAP_00006353
train,3472,BDMAP_00006128
train,3473,BDMAP_00006729
train,3474,BDMAP_00004620
train,3475,BDMAP_00003678
train,3476,BDMAP_00003394
train,3477,BDMAP_00004986
train,3478,BDMAP_00003232
train,3479,BDMAP_00002210
train,3480,BDMAP_00000336
train,3481,BDMAP_00007589
train,3482,BDMAP_00004871
train,3483,BDMAP_00003893
train,3484,BDMAP_00005842
train,3485,BDMAP_00000468
train,3486,BDMAP_00000185
train,3487,BDMAP_00004040
train,3488,BDMAP_00004102
train,3489,BDMAP_00000421
train,3490,BDMAP_00002351
train,3491,BDMAP_00000554
train,3492,BDMAP_00001398
train,3493,BDMAP_00001385
train,3494,BDMAP_00003947
train,3495,BDMAP_00004289
train,3496,BDMAP_00001761
train,3497,BDMAP_00004515
train,3498,BDMAP_00000298
train,3499,BDMAP_00000444
train,3500,BDMAP_00000778
train,3501,BDMAP_00008254
train,3502,BDMAP_00001120
train,3503,BDMAP_00008507
train,3504,BDMAP_00004772
train,3505,BDMAP_00003986
train,3506,BDMAP_00003778
train,3507,BDMAP_00001922
train,3508,BDMAP_00000656
train,3509,BDMAP_00006642
train,3510,BDMAP_00002230
train,3511,BDMAP_00008767
train,3512,BDMAP_00002843
train,3513,BDMAP_00002538
train,3514,BDMAP_00006113
train,3515,BDMAP_00007173
train,3516,BDMAP_00008575
train,3517,BDMAP_00002541
train,3518,BDMAP_00005297
train,3519,BDMAP_00001195
train,3520,BDMAP_00005471
train,3521,BDMAP_00003368
train,3522,BDMAP_00002458
train,3523,BDMAP_00002579
train,3524,BDMAP_00008029
train,3525,BDMAP_00008587
train,3526,BDMAP_00008247
train,3527,BDMAP_00002759
train,3528,BDMAP_00006956
train,3529,BDMAP_00007535
train,3530,BDMAP_00000559
train,3531,BDMAP_00000321
train,3532,BDMAP_00003040
train,3533,BDMAP_00001372
train,3534,BDMAP_00003297
train,3535,BDMAP_00006868
train,3536,BDMAP_00000908
train,3537,BDMAP_00005060
train,3538,BDMAP_00001434
train,3539,BDMAP_00005493
train,3540,BDMAP_00008222
train,3541,BDMAP_00005685
train,3542,BDMAP_00008335
train,3543,BDMAP_00007728
train,3544,BDMAP_00006459
train,3545,BDMAP_00003160
train,3546,BDMAP_00007352
train,3547,BDMAP_00000927
train,3548,BDMAP_00008812
train,3549,BDMAP_00002471
train,3550,BDMAP_00004589
train,3551,BDMAP_00000016
train,3552,BDMAP_00000144
train,3553,BDMAP_00007758
train,3554,BDMAP_00002364
train,3555,BDMAP_00006886
train,3556,BDMAP_00007397
train,3557,BDMAP_00001162
train,3558,BDMAP_00004978
train,3559,BDMAP_00003707
train,3560,BDMAP_00004387
train,3561,BDMAP_00003820
train,3562,BDMAP_00001205
train,3563,BDMAP_00003578
train,3564,BDMAP_00001363
train,3565,BDMAP_00003949
train,3566,BDMAP_00001213
train,3567,BDMAP_00001877
train,3568,BDMAP_00008529
train,3569,BDMAP_00003961
train,3570,BDMAP_00005066
train,3571,BDMAP_00008058
train,3572,BDMAP_00005212
train,3573,BDMAP_00004542
train,3574,BDMAP_00001171
train,3575,BDMAP_00000580
train,3576,BDMAP_00002183
train,3577,BDMAP_00006750
train,3578,BDMAP_00008129
train,3579,BDMAP_00004193
train,3580,BDMAP_00001834
train,3581,BDMAP_00007189
train,3582,BDMAP_00001826
train,3583,BDMAP_00007168
train,3584,BDMAP_00008170
train,3585,BDMAP_00001860
train,3586,BDMAP_00008032
train,3587,BDMAP_00003995
train,3588,BDMAP_00002686
train,3589,BDMAP_00005404
train,3590,BDMAP_00005572
train,3591,BDMAP_00006267
train,3592,BDMAP_00004766
train,3593,BDMAP_00003122
train,3594,BDMAP_00000388
train,3595,BDMAP_00008932
train,3596,BDMAP_00001033
train,3597,BDMAP_00008961
train,3598,BDMAP_00002489
train,3599,BDMAP_00006057
train,3600,BDMAP_00002287
train,3601,BDMAP_00003188
train,3602,BDMAP_00002630
train,3603,BDMAP_00008931
train,3604,BDMAP_00003906
train,3605,BDMAP_00003059
train,3606,BDMAP_00003769
train,3607,BDMAP_00000932
train,3608,BDMAP_00007447
train,3609,BDMAP_00000692
train,3610,BDMAP_00004490
train,3611,BDMAP_00001892
train,3612,BDMAP_00002269
train,3613,BDMAP_00005655
train,3614,BDMAP_00000830
train,3615,BDMAP_00003499
train,3616,BDMAP_00004695
train,3617,BDMAP_00002082
train,3618,BDMAP_00008883
train,3619,BDMAP_00008743
train,3620,BDMAP_00000045
train,3621,BDMAP_00003102
train,3622,BDMAP_00004454
train,3623,BDMAP_00003013
train,3624,BDMAP_00003818
train,3625,BDMAP_00009166
train,3626,BDMAP_00000224
train,3627,BDMAP_00002966
train,3628,BDMAP_00001188
train,3629,BDMAP_00006424
train,3630,BDMAP_00000838
train,3631,BDMAP_00005534
train,3632,BDMAP_00001684
train,3633,BDMAP_00007738
train,3634,BDMAP_00003060
train,3635,BDMAP_00003383
train,3636,BDMAP_00008211
train,3637,BDMAP_00007348
train,3638,BDMAP_00000064
train,3639,BDMAP_00003093
train,3640,BDMAP_00000618
train,3641,BDMAP_00005287
train,3642,BDMAP_00006726
train,3643,BDMAP_00003503
train,3644,BDMAP_00000228
train,3645,BDMAP_00005315
train,3646,BDMAP_00008389
train,3647,BDMAP_00007170
train,3648,BDMAP_00008869
train,3649,BDMAP_00003196
train,3650,BDMAP_00004055
train,3651,BDMAP_00003978
train,3652,BDMAP_00004355
train,3653,BDMAP_00000970
train,3654,BDMAP_00001806
train,3655,BDMAP_00002448
train,3656,BDMAP_00000926
train,3657,BDMAP_00008255
train,3658,BDMAP_00009107
train,3659,BDMAP_00007278
train,3660,BDMAP_00007373
train,3661,BDMAP_00009076
train,3662,BDMAP_00002852
train,3663,BDMAP_00006988
train,3664,BDMAP_00009080
train,3665,BDMAP_00001861
train,3666,BDMAP_00005216
train,3667,BDMAP_00008205
train,3668,BDMAP_00006753
train,3669,BDMAP_00007986
train,3670,BDMAP_00006161
train,3671,BDMAP_00000253
train,3672,BDMAP_00006449
train,3673,BDMAP_00006716
train,3674,BDMAP_00003627
train,3675,BDMAP_00001790
train,3676,BDMAP_00007140
train,3677,BDMAP_00002060
train,3678,BDMAP_00007503
train,3679,BDMAP_00003048
train,3680,BDMAP_00003913
train,3681,BDMAP_00006301
train,3682,BDMAP_00001903
train,3683,BDMAP_00002751
train,3684,BDMAP_00003335
train,3685,BDMAP_00002120
train,3686,BDMAP_00007653
train,3687,BDMAP_00008424
train,3688,BDMAP_00004246
train,3689,BDMAP_00007269
train,3690,BDMAP_00002690
train,3691,BDMAP_00006174
train,3692,BDMAP_00004503
train,3693,BDMAP_00001924
train,3694,BDMAP_00005881
train,3695,BDMAP_00000076
train,3696,BDMAP_00002346
train,3697,BDMAP_00002352
train,3698,BDMAP_00009225
train,3699,BDMAP_00000431
train,3700,BDMAP_00005280
train,3701,BDMAP_00006462
train,3702,BDMAP_00000953
train,3703,BDMAP_00005721
train,3704,BDMAP_00008706
train,3705,BDMAP_00004271
train,3706,BDMAP_00008362
train,3707,BDMAP_00006924
train,3708,BDMAP_00007051
train,3709,BDMAP_00003773
train,3710,BDMAP_00006492
train,3711,BDMAP_00000241
train,3712,BDMAP_00000784
train,3713,BDMAP_00001355
train,3714,BDMAP_00003067
train,3715,BDMAP_00004833
train,3716,BDMAP_00000978
train,3717,BDMAP_00000810
train,3718,BDMAP_00002169
train,3719,BDMAP_00004538
train,3720,BDMAP_00004863
train,3721,BDMAP_00001600
train,3722,BDMAP_00002942
train,3723,BDMAP_00004721
train,3724,BDMAP_00004052
train,3725,BDMAP_00003919
train,3726,BDMAP_00000685
train,3727,BDMAP_00005319
train,3728,BDMAP_00006474
train,3729,BDMAP_00001621
train,3730,BDMAP_00004356
train,3731,BDMAP_00001483
train,3732,BDMAP_00002147
train,3733,BDMAP_00001802
train,3734,BDMAP_00002096
train,3735,BDMAP_00005157
train,3736,BDMAP_00004443
train,3737,BDMAP_00001358
train,3738,BDMAP_00006851
train,3739,BDMAP_00005139
train,3740,BDMAP_00004658
train,3741,BDMAP_00004396
train,3742,BDMAP_00004011
train,3743,BDMAP_00009176
train,3744,BDMAP_00005108
train,3745,BDMAP_00006959
train,3746,BDMAP_00006572
train,3747,BDMAP_00004619
train,3748,BDMAP_00001610
train,3749,BDMAP_00006417
train,3750,BDMAP_00000495
train,3751,BDMAP_00002416
train,3752,BDMAP_00003320
train,3753,BDMAP_00006135
train,3754,BDMAP_00002018
train,3755,BDMAP_00006164
train,3756,BDMAP_00002329
train,3757,BDMAP_00000030
train,3758,BDMAP_00006044
train,3759,BDMAP_00008745
train,3760,BDMAP_00009077
train,3761,BDMAP_00003119
train,3762,BDMAP_00001093
train,3763,BDMAP_00003247
train,3764,BDMAP_00000125
train,3765,BDMAP_00005460
train,3766,BDMAP_00008430
train,3767,BDMAP_00007904
train,3768,BDMAP_00006330
train,3769,BDMAP_00009108
train,3770,BDMAP_00002299
train,3771,BDMAP_00006591
train,3772,BDMAP_00001554
train,3773,BDMAP_00008474
train,3774,BDMAP_00003342
train,3775,BDMAP_00000599
train,3776,BDMAP_00002124
train,3777,BDMAP_00008777
train,3778,BDMAP_00001417
train,3779,BDMAP_00004997
train,3780,BDMAP_00008732
train,3781,BDMAP_00008579
train,3782,BDMAP_00005329
train,3783,BDMAP_00008651
train,3784,BDMAP_00008947
train,3785,BDMAP_00004993
train,3786,BDMAP_00002198
train,3787,BDMAP_00005490
train,3788,BDMAP_00003606
train,3789,BDMAP_00003363
train,3790,BDMAP_00005819
train,3791,BDMAP_00005365
train,3792,BDMAP_00000726
train,3793,BDMAP_00004476
train,3794,BDMAP_00000979
train,3795,BDMAP_00000809
train,3796,BDMAP_00006271
train,3797,BDMAP_00009066
train,3798,BDMAP_00000959
train,3799,BDMAP_00004186
train,3800,BDMAP_00008218
train,3801,BDMAP_00008290
train,3802,BDMAP_00000811
train,3803,BDMAP_00005035
train,3804,BDMAP_00008359
train,3805,BDMAP_00000835
train,3806,BDMAP_00004989
train,3807,BDMAP_00002424
train,3808,BDMAP_00005457
train,3809,BDMAP_00008181
train,3810,BDMAP_00001236
train,3811,BDMAP_00001226
train,3812,BDMAP_00007448
train,3813,BDMAP_00006811
train,3814,BDMAP_00005885
train,3815,BDMAP_00004047
train,3816,BDMAP_00006633
train,3817,BDMAP_00003218
train,3818,BDMAP_00006334
train,3819,BDMAP_00000288
train,3820,BDMAP_00004669
train,3821,BDMAP_00002967
train,3822,BDMAP_00003165
train,3823,BDMAP_00007022
train,3824,BDMAP_00005631
train,3825,BDMAP_00007131
train,3826,BDMAP_00001658
train,3827,BDMAP_00001976
train,3828,BDMAP_00002398
train,3829,BDMAP_00000453
train,3830,BDMAP_00006825
train,3831,BDMAP_00006034
train,3832,BDMAP_00006278
train,3833,BDMAP_00003860
train,3834,BDMAP_00007228
train,3835,BDMAP_00002620
train,3836,BDMAP_00000423
train,3837,BDMAP_00005138
train,3838,BDMAP_00001221
train,3839,BDMAP_00002930
train,3840,BDMAP_00000658
train,3841,BDMAP_00003302
train,3842,BDMAP_00004953
train,3843,BDMAP_00002846
train,3844,BDMAP_00003024
train,3845,BDMAP_00006362
train,3846,BDMAP_00008926
train,3847,BDMAP_00001002
train,3848,BDMAP_00000103
train,3849,BDMAP_00002419
train,3850,BDMAP_00006349
train,3851,BDMAP_00004478
train,3852,BDMAP_00006465
train,3853,BDMAP_00003848
train,3854,BDMAP_00008298
train,3855,BDMAP_00001581
train,3856,BDMAP_00007557
train,3857,BDMAP_00002249
train,3858,BDMAP_00002207
train,3859,BDMAP_00000171
train,3860,BDMAP_00004985
train,3861,BDMAP_00007667
train,3862,BDMAP_00000136
train,3863,BDMAP_00000758
train,3864,BDMAP_00005821
train,3865,BDMAP_00001311
train,3866,BDMAP_00001218
train,3867,BDMAP_00002285
train,3868,BDMAP_00008213
train,3869,BDMAP_00002906
train,3870,BDMAP_00003963
train,3871,BDMAP_00004869
train,3872,BDMAP_00005910
train,3873,BDMAP_00001936
train,3874,BDMAP_00004013
train,3875,BDMAP_00001744
train,3876,BDMAP_00006429
train,3877,BDMAP_00000808
train,3878,BDMAP_00002046
train,3879,BDMAP_00006595
train,3880,BDMAP_00000463
train,3881,BDMAP_00002928
train,3882,BDMAP_00001957
train,3883,BDMAP_00002446
train,3884,BDMAP_00004982
train,3885,BDMAP_00009022
train,3886,BDMAP_00005215
train,3887,BDMAP_00003236
train,3888,BDMAP_00000800
train,3889,BDMAP_00002403
train,3890,BDMAP_00004861
train,3891,BDMAP_00001074
train,3892,BDMAP_00004668
train,3893,BDMAP_00005567
train,3894,BDMAP_00000145
train,3895,BDMAP_00007319
train,3896,BDMAP_00001341
train,3897,BDMAP_00004909
train,3898,BDMAP_00007551
train,3899,BDMAP_00002092
train,3900,BDMAP_00007013
train,3901,BDMAP_00005716
train,3902,BDMAP_00006751
train,3903,BDMAP_00008086
train,3904,BDMAP_00006148
train,3905,BDMAP_00007294
train,3906,BDMAP_00008311
train,3907,BDMAP_00004996
train,3908,BDMAP_00006156
train,3909,BDMAP_00001004
train,3910,BDMAP_00004599
train,3911,BDMAP_00006519
train,3912,BDMAP_00006265
train,3913,BDMAP_00008210
train,3914,BDMAP_00003471
train,3915,BDMAP_00008064
train,3916,BDMAP_00000556
train,3917,BDMAP_00004195
train,3918,BDMAP_00004504
train,3919,BDMAP_00008458
train,3920,BDMAP_00001486
train,3921,BDMAP_00007416
train,3922,BDMAP_00001273
train,3923,BDMAP_00008723
train,3924,BDMAP_00001412
train,3925,BDMAP_00008666
train,3926,BDMAP_00000754
train,3927,BDMAP_00001472
train,3928,BDMAP_00004557
train,3929,BDMAP_00008106
train,3930,BDMAP_00005630
train,3931,BDMAP_00006837
train,3932,BDMAP_00006385
train,3933,BDMAP_00003077
train,3934,BDMAP_00003887
train,3935,BDMAP_00005962
train,3936,BDMAP_00006821
train,3937,BDMAP_00003289
train,3938,BDMAP_00005012
train,3939,BDMAP_00008079
train,3940,BDMAP_00004353
train,3941,BDMAP_00000982
train,3942,BDMAP_00003781
train,3943,BDMAP_00008485
train,3944,BDMAP_00004337
train,3945,BDMAP_00002723
train,3946,BDMAP_00009241
train,3947,BDMAP_00001269
train,3948,BDMAP_00002463
train,3949,BDMAP_00004639
train,3950,BDMAP_00000269
train,3951,BDMAP_00006131
train,3952,BDMAP_00003581
train,3953,BDMAP_00004631
train,3954,BDMAP_00000655
train,3955,BDMAP_00004536
train,3956,BDMAP_00004181
train,3957,BDMAP_00004373
train,3958,BDMAP_00003598
train,3959,BDMAP_00002414
train,3960,BDMAP_00007648
train,3961,BDMAP_00002822
train,3962,BDMAP_00000429
train,3963,BDMAP_00000590
train,3964,BDMAP_00000496
train,3965,BDMAP_00004274
train,3966,BDMAP_00007820
train,3967,BDMAP_00008095
train,3968,BDMAP_00007954
train,3969,BDMAP_00006503
train,3970,BDMAP_00006658
train,3971,BDMAP_00000529
train,3972,BDMAP_00001809
train,3973,BDMAP_00005351
train,3974,BDMAP_00005058
train,3975,BDMAP_00002056
train,3976,BDMAP_00001232
train,3977,BDMAP_00002029
train,3978,BDMAP_00006881
train,3979,BDMAP_00000678
train,3980,BDMAP_00007519
train,3981,BDMAP_00006973
train,3982,BDMAP_00004754
train,3983,BDMAP_00008654
train,3984,BDMAP_00006038
train,3985,BDMAP_00002742
train,3986,BDMAP_00008062
train,3987,BDMAP_00004263
train,3988,BDMAP_00008584
train,3989,BDMAP_00004627
train,3990,BDMAP_00002433
train,3991,BDMAP_00006936
train,3992,BDMAP_00005198
train,3993,BDMAP_00000552
train,3994,BDMAP_00005295
train,3995,BDMAP_00007056
train,3996,BDMAP_00000897
train,3997,BDMAP_00001612
train,3998,BDMAP_00005415
train,3999,BDMAP_00007976
train,4000,BDMAP_00008489
train,4001,BDMAP_00001271
train,4002,BDMAP_00000674
train,4003,BDMAP_00007605
train,4004,BDMAP_00006327
train,4005,BDMAP_00002005
train,4006,BDMAP_00007734
train,4007,BDMAP_00003807
train,4008,BDMAP_00007622
train,4009,BDMAP_00004699
train,4010,BDMAP_00000606
train,4011,BDMAP_00003962
train,4012,BDMAP_00007395
train,4013,BDMAP_00008899
train,4014,BDMAP_00006101
train,4015,BDMAP_00001469
train,4016,BDMAP_00007645
train,4017,BDMAP_00001983
train,4018,BDMAP_00005045
train,4019,BDMAP_00000891
train,4020,BDMAP_00005811
train,4021,BDMAP_00007572
train,4022,BDMAP_00005836
train,4023,BDMAP_00000844
train,4024,BDMAP_00002156
train,4025,BDMAP_00004318
train,4026,BDMAP_00009052
train,4027,BDMAP_00002078
train,4028,BDMAP_00005890
train,4029,BDMAP_00005776
train,4030,BDMAP_00005771
train,4031,BDMAP_00003521
train,4032,BDMAP_00004948
train,4033,BDMAP_00002800
train,4034,BDMAP_00007601
train,4035,BDMAP_00000585
train,4036,BDMAP_00003269
train,4037,BDMAP_00003933
train,4038,BDMAP_00004783
train,4039,BDMAP_00001261
train,4040,BDMAP_00005729
train,4041,BDMAP_00004343
train,4042,BDMAP_00004768
train,4043,BDMAP_00008026
train,4044,BDMAP_00006619
train,4045,BDMAP_00006684
train,4046,BDMAP_00004722
train,4047,BDMAP_00005268
train,4048,BDMAP_00004061
train,4049,BDMAP_00008700
train,4050,BDMAP_00009083
train,4051,BDMAP_00002551
train,4052,BDMAP_00003784
train,4053,BDMAP_00007317
train,4054,BDMAP_00003252
train,4055,BDMAP_00000345
train,4056,BDMAP_00002186
train,4057,BDMAP_00005271
train,4058,BDMAP_00007428
train,4059,BDMAP_00007533
train,4060,BDMAP_00005701
train,4061,BDMAP_00009081
train,4062,BDMAP_00000872
train,4063,BDMAP_00005613
train,4064,BDMAP_00008025
train,4065,BDMAP_00007699
train,4066,BDMAP_00005419
train,4067,BDMAP_00004299
train,4068,BDMAP_00000091
train,4069,BDMAP_00005071
train,4070,BDMAP_00007136
train,4071,BDMAP_00006418
train,4072,BDMAP_00004865
train,4073,BDMAP_00004310
train,4074,BDMAP_00006323
train,4075,BDMAP_00006719
train,4076,BDMAP_00002118
train,4077,BDMAP_00007867
train,4078,BDMAP_00002938
train,4079,BDMAP_00006513
train,4080,BDMAP_00007873
train,4081,BDMAP_00002837
train,4082,BDMAP_00003097
train,4083,BDMAP_00005912
train,4084,BDMAP_00006443
train,4085,BDMAP_00000948
train,4086,BDMAP_00002926
train,4087,BDMAP_00004569
train,4088,BDMAP_00003215
train,4089,BDMAP_00004635
train,4090,BDMAP_00005474
train,4091,BDMAP_00000884
train,4092,BDMAP_00004881
train,4093,BDMAP_00006624
train,4094,BDMAP_00005232
train,4095,BDMAP_00008240
train,4096,BDMAP_00005207
train,4097,BDMAP_00000628
train,4098,BDMAP_00008021
train,4099,BDMAP_00006913
train,4100,BDMAP_00008886
train,4101,BDMAP_00007434
train,4102,BDMAP_00007282
train,4103,BDMAP_00004990
train,4104,BDMAP_00007860
train,4105,BDMAP_00002399
train,4106,BDMAP_00007460
train,4107,BDMAP_00001187
train,4108,BDMAP_00008814
train,4109,BDMAP_00009069
train,4110,BDMAP_00005101
train,4111,BDMAP_00007465
train,4112,BDMAP_00009158
train,4113,BDMAP_00006517
train,4114,BDMAP_00000916
train,4115,BDMAP_00001306
train,4116,BDMAP_00004630
train,4117,BDMAP_00003050
train,4118,BDMAP_00008820
train,4119,BDMAP_00007449
train,4120,BDMAP_00006846
train,4121,BDMAP_00002797
train,4122,BDMAP_00001399
train,4123,BDMAP_00003359
train,4124,BDMAP_00000184
train,4125,BDMAP_00007435
train,4126,BDMAP_00004506
train,4127,BDMAP_00009262
train,4128,BDMAP_00005937
train,4129,BDMAP_00006833
train,4130,BDMAP_00002657
train,4131,BDMAP_00007508
train,4132,BDMAP_00001962
train,4133,BDMAP_00005427
train,4134,BDMAP_00005883
train,4135,BDMAP_00009237
train,4136,BDMAP_00001252
train,4137,BDMAP_00003177
train,4138,BDMAP_00006691
train,4139,BDMAP_00008256
train,4140,BDMAP_00008519
train,4141,BDMAP_00005551
train,4142,BDMAP_00003290
train,4143,BDMAP_00005475
train,4144,BDMAP_00006466
train,4145,BDMAP_00004790
train,4146,BDMAP_00005852
train,4147,BDMAP_00001052
train,4148,BDMAP_00007905
train,4149,BDMAP_00005112
train,4150,BDMAP_00004710
train,4151,BDMAP_00000273
train,4152,BDMAP_00002043
train,4153,BDMAP_00007529
train,4154,BDMAP_00006900
train,4155,BDMAP_00001087
train,4156,BDMAP_00004915
train,4157,BDMAP_00006741
train,4158,BDMAP_00004642
train,4159,BDMAP_00005670
train,4160,BDMAP_00006860
train,4161,BDMAP_00006582
train,4162,BDMAP_00007772
train,4163,BDMAP_00004340
train,4164,BDMAP_00005247
train,4165,BDMAP_00005759
train,4166,BDMAP_00003479
train,4167,BDMAP_00006047
train,4168,BDMAP_00003925
train,4169,BDMAP_00001749
train,4170,BDMAP_00000733
train,4171,BDMAP_00007931
train,4172,BDMAP_00008516
train,4173,BDMAP_00006553
train,4174,BDMAP_00002663
train,4175,BDMAP_00005899
train,4176,BDMAP_00003114
train,4177,BDMAP_00003304
train,4178,BDMAP_00001345
train,4179,BDMAP_00007789
train,4180,BDMAP_00004253
train,4181,BDMAP_00005516
train,4182,BDMAP_00003309
train,4183,BDMAP_00001505
train,4184,BDMAP_00001807
train,4185,BDMAP_00007866
train,4186,BDMAP_00004555
train,4187,BDMAP_00003792
train,4188,BDMAP_00008819
train,4189,BDMAP_00006221
train,4190,BDMAP_00005014
train,4191,BDMAP_00007048
train,4192,BDMAP_00006171
train,4193,BDMAP_00001849
train,4194,BDMAP_00002432
train,4195,BDMAP_00005781
train,4196,BDMAP_00006364
train,4197,BDMAP_00000143
train,4198,BDMAP_00008048
train,4199,BDMAP_00005932
train,4200,BDMAP_00004760
train,4201,BDMAP_00003410
train,4202,BDMAP_00001118
train,4203,BDMAP_00001757
train,4204,BDMAP_00000498
train,4205,BDMAP_00007980
train,4206,BDMAP_00000871
train,4207,BDMAP_00003358
train,4208,BDMAP_00000913
train,4209,BDMAP_00000722
train,4210,BDMAP_00002806
train,4211,BDMAP_00009209
train,4212,BDMAP_00007554
train,4213,BDMAP_00008884
train,4214,BDMAP_00005594
train,4215,BDMAP_00007975
train,4216,BDMAP_00001521
train,4217,BDMAP_00002747
train,4218,BDMAP_00004808
train,4219,BDMAP_00009164
train,4220,BDMAP_00000315
train,4221,BDMAP_00007280
train,4222,BDMAP_00000328
train,4223,BDMAP_00008233
train,4224,BDMAP_00004205
train,4225,BDMAP_00003130
train,4226,BDMAP_00006006
train,4227,BDMAP_00005720
train,4228,BDMAP_00003969
train,4229,BDMAP_00005448
train,4230,BDMAP_00001974
train,4231,BDMAP_00000337
train,4232,BDMAP_00002765
train,4233,BDMAP_00006506
train,4234,BDMAP_00008299
train,4235,BDMAP_00002986
train,4236,BDMAP_00008483
train,4237,BDMAP_00003478
train,4238,BDMAP_00003559
train,4239,BDMAP_00002810
train,4240,BDMAP_00007201
train,4241,BDMAP_00007230
train,4242,BDMAP_00000308
train,4243,BDMAP_00003909
train,4244,BDMAP_00000349
train,4245,BDMAP_00008073
train,4246,BDMAP_00008800
train,4247,BDMAP_00005584
train,4248,BDMAP_00003683
train,4249,BDMAP_00004983
train,4250,BDMAP_00007500
train,4251,BDMAP_00002054
train,4252,BDMAP_00000072
train,4253,BDMAP_00008618
train,4254,BDMAP_00008361
train,4255,BDMAP_00006667
train,4256,BDMAP_00006920
train,4257,BDMAP_00001667
train,4258,BDMAP_00006484
train,4259,BDMAP_00008195
train,4260,BDMAP_00005326
train,4261,BDMAP_00001446
train,4262,BDMAP_00004428
train,4263,BDMAP_00004764
train,4264,BDMAP_00001696
train,4265,BDMAP_00002893
train,4266,BDMAP_00007802
train,4267,BDMAP_00003204
train,4268,BDMAP_00001631
train,4269,BDMAP_00006340
train,4270,BDMAP_00001882
train,4271,BDMAP_00007387
train,4272,BDMAP_00006819
train,4273,BDMAP_00000849
train,4274,BDMAP_00008978
train,4275,BDMAP_00005254
train,4276,BDMAP_00004976
train,4277,BDMAP_00002878
train,4278,BDMAP_00008187
train,4279,BDMAP_00003780
train,4280,BDMAP_00001831
train,4281,BDMAP_00006951
train,4282,BDMAP_00008552
train,4283,BDMAP_00007582
train,4284,BDMAP_00001235
train,4285,BDMAP_00005068
train,4286,BDMAP_00003916
train,4287,BDMAP_00000447
train,4288,BDMAP_00000845
train,4289,BDMAP_00004892
train,4290,BDMAP_00004582
train,4291,BDMAP_00002441
train,4292,BDMAP_00003104
train,4293,BDMAP_00007693
train,4294,BDMAP_00008846
train,4295,BDMAP_00001295
train,4296,BDMAP_00004304
train,4297,BDMAP_00003443
train,4298,BDMAP_00007877
train,4299,BDMAP_00006179
train,4300,BDMAP_00005187
train,4301,BDMAP_00000777
train,4302,BDMAP_00008998
train,4303,BDMAP_00002154
train,4304,BDMAP_00004688
train,4305,BDMAP_00008791
train,4306,BDMAP_00004943
train,4307,BDMAP_00005971
train,4308,BDMAP_00007874
train,4309,BDMAP_00003184
train,4310,BDMAP_00005765
train,4311,BDMAP_00003200
train,4312,BDMAP_00005968
train,4313,BDMAP_00001290
train,4314,BDMAP_00005258
train,4315,BDMAP_00008268
train,4316,BDMAP_00006075
train,4317,BDMAP_00007566
train,4318,BDMAP_00004107
train,4319,BDMAP_00004127
train,4320,BDMAP_00006993
train,4321,BDMAP_00003967
train,4322,BDMAP_00001880
train,4323,BDMAP_00007542
train,4324,BDMAP_00008609
train,4325,BDMAP_00005808
train,4326,BDMAP_00008287
train,4327,BDMAP_00006256
train,4328,BDMAP_00007182
train,4329,BDMAP_00006689
train,4330,BDMAP_00007009
train,4331,BDMAP_00001037
train,4332,BDMAP_00000637
train,4333,BDMAP_00005236
train,4334,BDMAP_00004135
train,4335,BDMAP_00004526
train,4336,BDMAP_00001084
train,4337,BDMAP_00000862
train,4338,BDMAP_00000904
train,4339,BDMAP_00000192
train,4340,BDMAP_00000110
train,4341,BDMAP_00001943
train,4342,BDMAP_00006291
train,4343,BDMAP_00004332
train,4344,BDMAP_00007617
train,4345,BDMAP_00008369
train,4346,BDMAP_00006235
train,4347,BDMAP_00005820
train,4348,BDMAP_00002776
train,4349,BDMAP_00007065
train,4350,BDMAP_00002324
train,4351,BDMAP_00009230
train,4352,BDMAP_00002618
train,4353,BDMAP_00007160
train,4354,BDMAP_00001095
train,4355,BDMAP_00008555
train,4356,BDMAP_00004826
train,4357,BDMAP_00003136
train,4358,BDMAP_00004820
train,4359,BDMAP_00003806
train,4360,BDMAP_00008591
train,4361,BDMAP_00002655
train,4362,BDMAP_00005124
train,4363,BDMAP_00007172
train,4364,BDMAP_00006747
train,4365,BDMAP_00005724
train,4366,BDMAP_00006479
train,4367,BDMAP_00004814
train,4368,BDMAP_00008278
train,4369,BDMAP_00008972
train,4370,BDMAP_00002203
train,4371,BDMAP_00005284
train,4372,BDMAP_00007999
train,4373,BDMAP_00006214
train,4374,BDMAP_00000976
train,4375,BDMAP_00006602
train,4376,BDMAP_00000942
train,4377,BDMAP_00002388
train,4378,BDMAP_00003222
train,4379,BDMAP_00003883
train,4380,BDMAP_00008741
train,4381,BDMAP_00008941
train,4382,BDMAP_00005022
train,4383,BDMAP_00002790
train,4384,BDMAP_00000945
train,4385,BDMAP_00008243
train,4386,BDMAP_00001858
train,4387,BDMAP_00009145
train,4388,BDMAP_00004109
train,4389,BDMAP_00007560
train,4390,BDMAP_00003256
train,4391,BDMAP_00002691
train,4392,BDMAP_00005769
train,4393,BDMAP_00001320
train,4394,BDMAP_00009151
train,4395,BDMAP_00006389
train,4396,BDMAP_00008409
train,4397,BDMAP_00006245
train,4398,BDMAP_00003476
train,4399,BDMAP_00003506
train,4400,BDMAP_00002478
train,4401,BDMAP_00006201
train,4402,BDMAP_00008704
train,4403,BDMAP_00008470
train,4404,BDMAP_00006259
train,4405,BDMAP_00009134
train,4406,BDMAP_00001875
train,4407,BDMAP_00008035
train,4408,BDMAP_00004465
train,4409,BDMAP_00002905
train,4410,BDMAP_00000571
train,4411,BDMAP_00001449
train,4412,BDMAP_00009091
train,4413,BDMAP_00006358
train,4414,BDMAP_00005396
train,4415,BDMAP_00005794
train,4416,BDMAP_00007123
train,4417,BDMAP_00003227
train,4418,BDMAP_00009023
train,4419,BDMAP_00003979
train,4420,BDMAP_00004384
train,4421,BDMAP_00008583
train,4422,BDMAP_00003540
train,4423,BDMAP_00007071
train,4424,BDMAP_00002828
train,4425,BDMAP_00005723
train,4426,BDMAP_00001339
train,4427,BDMAP_00003263
train,4428,BDMAP_00005429
train,4429,BDMAP_00000651
train,4430,BDMAP_00002903
train,4431,BDMAP_00002259
train,4432,BDMAP_00006399
train,4433,BDMAP_00008027
train,4434,BDMAP_00002731
train,4435,BDMAP_00008342
train,4436,BDMAP_00007916
train,4437,BDMAP_00006005
train,4438,BDMAP_00002585
train,4439,BDMAP_00007081
train,4440,BDMAP_00003197
train,4441,BDMAP_00006818
train,4442,BDMAP_00004933
train,4443,BDMAP_00001259
train,4444,BDMAP_00004472
train,4445,BDMAP_00000992
train,4446,BDMAP_00003505
train,4447,BDMAP_00000114
train,4448,BDMAP_00000920
train,4449,BDMAP_00002510
train,4450,BDMAP_00008710
train,4451,BDMAP_00007603
train,4452,BDMAP_00006080
train,4453,BDMAP_00000950
train,4454,BDMAP_00008569
train,4455,BDMAP_00003771
train,4456,BDMAP_00009148
train,4457,BDMAP_00002851
train,4458,BDMAP_00005504
train,4459,BDMAP_00008265
train,4460,BDMAP_00006312
train,4461,BDMAP_00004447
train,4462,BDMAP_00008162
train,4463,BDMAP_00005791
train,4464,BDMAP_00002506
train,4465,BDMAP_00001115
train,4466,BDMAP_00007336
train,4467,BDMAP_00000299
train,4468,BDMAP_00001676
train,4469,BDMAP_00003348
train,4470,BDMAP_00002736
train,4471,BDMAP_00008294
train,4472,BDMAP_00008325
train,4473,BDMAP_00004930
train,4474,BDMAP_00004326
train,4475,BDMAP_00005708
train,4476,BDMAP_00008562
train,4477,BDMAP_00006366
train,4478,BDMAP_00006671
train,4479,BDMAP_00002104
train,4480,BDMAP_00004926
train,4481,BDMAP_00006326
train,4482,BDMAP_00008970
train,4483,BDMAP_00001838
train,4484,BDMAP_00007830
train,4485,BDMAP_00007203
train,4486,BDMAP_00008660
train,4487,BDMAP_00000608
train,4488,BDMAP_00001094
train,4489,BDMAP_00004602
train,4490,BDMAP_00005376
train,4491,BDMAP_00008296
train,4492,BDMAP_00004488
train,4493,BDMAP_00000161
train,4494,BDMAP_00000204
train,4495,BDMAP_00005981
train,4496,BDMAP_00005000
train,4497,BDMAP_00002935
train,4498,BDMAP_00006216
train,4499,BDMAP_00002436
train,4500,BDMAP_00001231
train,4501,BDMAP_00007871
train,4502,BDMAP_00006998
train,4503,BDMAP_00008940
train,4504,BDMAP_00004852
train,4505,BDMAP_00006511
train,4506,BDMAP_00005445
train,4507,BDMAP_00004252
train,4508,BDMAP_00003294
train,4509,BDMAP_00004035
train,4510,BDMAP_00007263
train,4511,BDMAP_00004291
train,4512,BDMAP_00004335
train,4513,BDMAP_00005031
train,4514,BDMAP_00003878
train,4515,BDMAP_00004607
train,4516,BDMAP_00000858
train,4517,BDMAP_00008925
train,4518,BDMAP_00007298
train,4519,BDMAP_00002562
train,4520,BDMAP_00003802
train,4521,BDMAP_00002641
train,4522,BDMAP_00004746
train,4523,BDMAP_00004491
train,4524,BDMAP_00002348
train,4525,BDMAP_00007039
train,4526,BDMAP_00002782
train,4527,BDMAP_00004795
train,4528,BDMAP_00007619
train,4529,BDMAP_00007875
train,4530,BDMAP_00000616
train,4531,BDMAP_00007423
train,4532,BDMAP_00002576
train,4533,BDMAP_00007925
train,4534,BDMAP_00003341
train,4535,BDMAP_00008738
train,4536,BDMAP_00001706
train,4537,BDMAP_00007367
train,4538,BDMAP_00006002
train,4539,BDMAP_00001494
train,4540,BDMAP_00009227
train,4541,BDMAP_00004776
train,4542,BDMAP_00000804
train,4543,BDMAP_00006390
train,4544,BDMAP_00008461
train,4545,BDMAP_00000991
train,4546,BDMAP_00006977
train,4547,BDMAP_00006337
train,4548,BDMAP_00005455
train,4549,BDMAP_00003514
train,4550,BDMAP_00008568
train,4551,BDMAP_00007339
train,4552,BDMAP_00000220
train,4553,BDMAP_00004701
train,4554,BDMAP_00001289
train,4555,BDMAP_00003164
train,4556,BDMAP_00002619
train,4557,BDMAP_00003613
train,4558,BDMAP_00000044
train,4559,BDMAP_00005539
train,4560,BDMAP_00003793
train,4561,BDMAP_00003572
train,4562,BDMAP_00007520
train,4563,BDMAP_00001504
train,4564,BDMAP_00007154
train,4565,BDMAP_00009105
train,4566,BDMAP_00003440
train,4567,BDMAP_00001893
train,4568,BDMAP_00008632
train,4569,BDMAP_00001956
train,4570,BDMAP_00009187
train,4571,BDMAP_00001506
train,4572,BDMAP_00000671
train,4573,BDMAP_00008242
train,4574,BDMAP_00005995
train,4575,BDMAP_00000898
train,4576,BDMAP_00005246
train,4577,BDMAP_00002667
train,4578,BDMAP_00003194
train,4579,BDMAP_00002891
train,4580,BDMAP_00002622
train,4581,BDMAP_00005682
train,4582,BDMAP_00005835
train,4583,BDMAP_00007907
train,4584,BDMAP_00002371
train,4585,BDMAP_00006727
train,4586,BDMAP_00001770
train,4587,BDMAP_00008432
train,4588,BDMAP_00005115
train,4589,BDMAP_00000532
train,4590,BDMAP_00007443
train,4591,BDMAP_00007824
train,4592,BDMAP_00005614
train,4593,BDMAP_00003121
train,4594,BDMAP_00008346
train,4595,BDMAP_00000732
train,4596,BDMAP_00003407
train,4597,BDMAP_00002340
train,4598,BDMAP_00005065
train,4599,BDMAP_00005862
train,4600,BDMAP_00002566
train,4601,BDMAP_00008664
train,4602,BDMAP_00006647
train,4603,BDMAP_00005703
train,4604,BDMAP_00005945
train,4605,BDMAP_00005958
train,4606,BDMAP_00005073
train,4607,BDMAP_00008305
train,4608,BDMAP_00001256
train,4609,BDMAP_00002105
train,4610,BDMAP_00007233
train,4611,BDMAP_00005286
train,4612,BDMAP_00008467
train,4613,BDMAP_00008300
train,4614,BDMAP_00005810
train,4615,BDMAP_00004956
train,4616,BDMAP_00004435
train,4617,BDMAP_00003485
train,4618,BDMAP_00008792
train,4619,BDMAP_00003817
train,4620,BDMAP_00004857
train,4621,BDMAP_00007458
train,4622,BDMAP_00006665
train,4623,BDMAP_00004706
train,4624,BDMAP_00001622
train,4625,BDMAP_00008729
train,4626,BDMAP_00005423
train,4627,BDMAP_00005301
train,4628,BDMAP_00008237
train,4629,BDMAP_00001097
train,4630,BDMAP_00005518
train,4631,BDMAP_00008780
train,4632,BDMAP_00002464
train,4633,BDMAP_00006077
train,4634,BDMAP_00001789
train,4635,BDMAP_00007528
train,4636,BDMAP_00006275
train,4637,BDMAP_00008445
train,4638,BDMAP_00005269
train,4639,BDMAP_00000193
train,4640,BDMAP_00000821
train,4641,BDMAP_00008004
train,4642,BDMAP_00007199
train,4643,BDMAP_00005984
train,4644,BDMAP_00004167
train,4645,BDMAP_00002688
train,4646,BDMAP_00007439
train,4647,BDMAP_00006475
train,4648,BDMAP_00005075
train,4649,BDMAP_00008669
train,4650,BDMAP_00002608
train,4651,BDMAP_00006333
train,4652,BDMAP_00000239
train,4653,BDMAP_00004016
train,4654,BDMAP_00008573
train,4655,BDMAP_00002978
train,4656,BDMAP_00008248
train,4657,BDMAP_00005793
train,4658,BDMAP_00000946
train,4659,BDMAP_00005453
train,4660,BDMAP_00006855
train,4661,BDMAP_00007710
train,4662,BDMAP_00006766
train,4663,BDMAP_00003553
train,4664,BDMAP_00009233
train,4665,BDMAP_00003361
train,4666,BDMAP_00004711
train,4667,BDMAP_00002411
train,4668,BDMAP_00004508
train,4669,BDMAP_00007457
train,4670,BDMAP_00003983
train,4671,BDMAP_00000147
train,4672,BDMAP_00005647
train,4673,BDMAP_00002295
train,4674,BDMAP_00007634
train,4675,BDMAP_00003612
train,4676,BDMAP_00001737
train,4677,BDMAP_00006505
train,4678,BDMAP_00000115
train,4679,BDMAP_00008200
train,4680,BDMAP_00004792
train,4681,BDMAP_00000499
train,4682,BDMAP_00000721
train,4683,BDMAP_00007720
train,4684,BDMAP_00003090
train,4685,BDMAP_00006139
train,4686,BDMAP_00006203
train,4687,BDMAP_00005523
train,4688,BDMAP_00000597
train,4689,BDMAP_00008413
train,4690,BDMAP_00006264
train,4691,BDMAP_00001648
train,4692,BDMAP_00007238
train,4693,BDMAP_00008857
train,4694,BDMAP_00002701
train,4695,BDMAP_00006298
train,4696,BDMAP_00001701
train,4697,BDMAP_00008276
train,4698,BDMAP_00008684
train,4699,BDMAP_00008340
train,4700,BDMAP_00002943
train,4701,BDMAP_00005350
train,4702,BDMAP_00000087
train,4703,BDMAP_00002309
train,4704,BDMAP_00002678
train,4705,BDMAP_00006999
train,4706,BDMAP_00006567
train,4707,BDMAP_00002595
train,4708,BDMAP_00005019
train,4709,BDMAP_00001030
train,4710,BDMAP_00000137
train,4711,BDMAP_00008948
train,4712,BDMAP_00008052
train,4713,BDMAP_00008186
train,4714,BDMAP_00004410
train,4715,BDMAP_00001201
train,4716,BDMAP_00009044
train,4717,BDMAP_00005600
train,4718,BDMAP_00000567
train,4719,BDMAP_00006532
train,4720,BDMAP_00003928
train,4721,BDMAP_00008421
train,4722,BDMAP_00006514
train,4723,BDMAP_00004803
train,4724,BDMAP_00005581
train,4725,BDMAP_00005750
train,4726,BDMAP_00007105
train,4727,BDMAP_00002331
train,4728,BDMAP_00003516
train,4729,BDMAP_00002188
train,4730,BDMAP_00000196
train,4731,BDMAP_00007961
train,4732,BDMAP_00000803
train,4733,BDMAP_00005405
train,4734,BDMAP_00006707
train,4735,BDMAP_00002069
train,4736,BDMAP_00004904
train,4737,BDMAP_00008075
train,4738,BDMAP_00000645
train,4739,BDMAP_00009059
train,4740,BDMAP_00007224
train,4741,BDMAP_00000121
train,4742,BDMAP_00002982
train,4743,BDMAP_00003075
train,4744,BDMAP_00008261
train,4745,BDMAP_00003279
train,4746,BDMAP_00002136
train,4747,BDMAP_00005260
train,4748,BDMAP_00000135
train,4749,BDMAP_00006569
train,4750,BDMAP_00008928
train,4751,BDMAP_00002560
train,4752,BDMAP_00000063
train,4753,BDMAP_00001359
train,4754,BDMAP_00004938
train,4755,BDMAP_00002468
train,4756,BDMAP_00000680
train,4757,BDMAP_00005770
train,4758,BDMAP_00000742
train,4759,BDMAP_00008226
train,4760,BDMAP_00003642
train,4761,BDMAP_00007104
train,4762,BDMAP_00006910
train,4763,BDMAP_00003259
train,4764,BDMAP_00004664
train,4765,BDMAP_00001874
train,4766,BDMAP_00005413
train,4767,BDMAP_00002597
train,4768,BDMAP_00001718
train,4769,BDMAP_00002913
train,4770,BDMAP_00002844
train,4771,BDMAP_00004028
train,4772,BDMAP_00007794
train,4773,BDMAP_00008076
train,4774,BDMAP_00006919
train,4775,BDMAP_00000490
train,4776,BDMAP_00000494
train,4777,BDMAP_00000691
train,4778,BDMAP_00003822
train,4779,BDMAP_00000603
train,4780,BDMAP_00001912
train,4781,BDMAP_00007153
train,4782,BDMAP_00005230
train,4783,BDMAP_00007370
train,4784,BDMAP_00005437
train,4785,BDMAP_00003758
train,4786,BDMAP_00002367
train,4787,BDMAP_00004371
train,4788,BDMAP_00005848
train,4789,BDMAP_00005959
train,4790,BDMAP_00001362
train,4791,BDMAP_00006130
train,4792,BDMAP_00001527
train,4793,BDMAP_00007249
train,4794,BDMAP_00005165
train,4795,BDMAP_00006112
train,4796,BDMAP_00001552
train,4797,BDMAP_00005324
train,4798,BDMAP_00008973
train,4799,BDMAP_00001338
train,4800,BDMAP_00003902
train,4801,BDMAP_00003011
train,4802,BDMAP_00008149
train,4803,BDMAP_00002251
train,4804,BDMAP_00002347
train,4805,BDMAP_00008592
train,4806,BDMAP_00002785
train,4807,BDMAP_00005886
train,4808,BDMAP_00000151
train,4809,BDMAP_00002805
train,4810,BDMAP_00008787
train,4811,BDMAP_00002087
train,4812,BDMAP_00003752
train,4813,BDMAP_00002260
train,4814,BDMAP_00004018
train,4815,BDMAP_00005193
train,4816,BDMAP_00005145
train,4817,BDMAP_00007998
train,4818,BDMAP_00006829
train,4819,BDMAP_00003857
train,4820,BDMAP_00000860
train,4821,BDMAP_00006448
train,4822,BDMAP_00006876
train,4823,BDMAP_00006215
train,4824,BDMAP_00007656
train,4825,BDMAP_00004740
train,4826,BDMAP_00007708
train,4827,BDMAP_00004463
train,4828,BDMAP_00007283
train,4829,BDMAP_00001780
train,4830,BDMAP_00008995
train,4831,BDMAP_00004786
train,4832,BDMAP_00005383
train,4833,BDMAP_00001819
train,4834,BDMAP_00006629
train,4835,BDMAP_00002705
train,4836,BDMAP_00000176
train,4837,BDMAP_00006348
train,4838,BDMAP_00002094
train,4839,BDMAP_00007543
train,4840,BDMAP_00003492
train,4841,BDMAP_00001921
train,4842,BDMAP_00000083
train,4843,BDMAP_00000817
train,4844,BDMAP_00006240
train,4845,BDMAP_00007380
train,4846,BDMAP_00005744
train,4847,BDMAP_00000284
train,4848,BDMAP_00008145
train,4849,BDMAP_00006570
train,4850,BDMAP_00000610
train,4851,BDMAP_00002916
train,4852,BDMAP_00001814
train,4853,BDMAP_00001272
train,4854,BDMAP_00005027
train,4855,BDMAP_00008887
train,4856,BDMAP_00007723
train,4857,BDMAP_00008688
train,4858,BDMAP_00006241
train,4859,BDMAP_00002643
train,4860,BDMAP_00005563
train,4861,BDMAP_00004509
train,4862,BDMAP_00002306
train,4863,BDMAP_00005519
train,4864,BDMAP_00004196
train,4865,BDMAP_00004841
train,4866,BDMAP_00004656
train,4867,BDMAP_00006917
train,4868,BDMAP_00004169
train,4869,BDMAP_00003850
train,4870,BDMAP_00009121
train,4871,BDMAP_00008989
train,4872,BDMAP_00006700
train,4873,BDMAP_00002415
train,4874,BDMAP_00003555
train,4875,BDMAP_00004692
train,4876,BDMAP_00004499
train,4877,BDMAP_00002196
train,4878,BDMAP_00002601
train,4879,BDMAP_00007276
train,4880,BDMAP_00004765
train,4881,BDMAP_00004315
train,4882,BDMAP_00003367
train,4883,BDMAP_00005149
train,4884,BDMAP_00007415
train,4885,BDMAP_00002634
train,4886,BDMAP_00006957
train,4887,BDMAP_00008092
train,4888,BDMAP_00002435
train,4889,BDMAP_00007107
train,4890,BDMAP_00005736
train,4891,BDMAP_00005615
train,4892,BDMAP_00004521
train,4893,BDMAP_00003546
train,4894,BDMAP_00005063
train,4895,BDMAP_00008293
train,4896,BDMAP_00008118
train,4897,BDMAP_00000518
train,4898,BDMAP_00005191
train,4899,BDMAP_00005832
train,4900,BDMAP_00001416
train,4901,BDMAP_00004665
train,4902,BDMAP_00004457
train,4903,BDMAP_00002762
train,4904,BDMAP_00004856
train,4905,BDMAP_00000128
train,4906,BDMAP_00003475
train,4907,BDMAP_00006775
train,4908,BDMAP_00004311
train,4909,BDMAP_00002439
train,4910,BDMAP_00003766
train,4911,BDMAP_00004951
train,4912,BDMAP_00005274
train,4913,BDMAP_00009047
train,4914,BDMAP_00001474
train,4915,BDMAP_00004822
train,4916,BDMAP_00005874
train,4917,BDMAP_00003561
train,4918,BDMAP_00003952
train,4919,BDMAP_00000050
train,4920,BDMAP_00007727
train,4921,BDMAP_00000888
train,4922,BDMAP_00002617
train,4923,BDMAP_00000517
train,4924,BDMAP_00003169
train,4925,BDMAP_00002950
train,4926,BDMAP_00001425
train,4927,BDMAP_00000140
train,4928,BDMAP_00001925
train,4929,BDMAP_00002379
train,4930,BDMAP_00003198
train,4931,BDMAP_00000113
train,4932,BDMAP_00004560
train,4933,BDMAP_00004596
train,4934,BDMAP_00003251
train,4935,BDMAP_00004691
train,4936,BDMAP_00007088
train,4937,BDMAP_00006600
train,4938,BDMAP_00004547
train,4939,BDMAP_00005788
train,4940,BDMAP_00003278
train,4941,BDMAP_00008771
train,4942,BDMAP_00005748
train,4943,BDMAP_00007964
train,4944,BDMAP_00004409
train,4945,BDMAP_00005225
train,4946,BDMAP_00007697
train,4947,BDMAP_00006588
train,4948,BDMAP_00003223
train,4949,BDMAP_00006990
train,4950,BDMAP_00000452
train,4951,BDMAP_00003732
train,4952,BDMAP_00008285
train,4953,BDMAP_00008117
train,4954,BDMAP_00002764
train,4955,BDMAP_00000659
train,4956,BDMAP_00006521
train,4957,BDMAP_00004621
train,4958,BDMAP_00001000
train,4959,BDMAP_00000390
train,4960,BDMAP_00003408
train,4961,BDMAP_00001477
train,4962,BDMAP_00002241
train,4963,BDMAP_00002387
train,4964,BDMAP_00000993
train,4965,BDMAP_00003923
train,4966,BDMAP_00002973
train,4967,BDMAP_00003387
train,4968,BDMAP_00006701
train,4969,BDMAP_00005915
train,4970,BDMAP_00004770
train,4971,BDMAP_00001294
train,4972,BDMAP_00001825
train,4973,BDMAP_00002874
train,4974,BDMAP_00004174
train,4975,BDMAP_00002536
train,4976,BDMAP_00008451
train,4977,BDMAP_00001908
train,4978,BDMAP_00008823
train,4979,BDMAP_00008790
train,4980,BDMAP_00000369
train,4981,BDMAP_00001152
train,4982,BDMAP_00006587
train,4983,BDMAP_00005406
train,4984,BDMAP_00006644
train,4985,BDMAP_00005522
train,4986,BDMAP_00006383
train,4987,BDMAP_00004161
train,4988,BDMAP_00004288
train,4989,BDMAP_00008040
train,4990,BDMAP_00007946
train,4991,BDMAP_00000175
train,4992,BDMAP_00001904
train,4993,BDMAP_00001100
train,4994,BDMAP_00006890
train,4995,BDMAP_00003409
train,4996,BDMAP_00001539
train,4997,BDMAP_00002293
train,4998,BDMAP_00008610
train,4999,BDMAP_00001364
train,5000,BDMAP_00005931
train,5001,BDMAP_00005629
train,5002,BDMAP_00005787
train,5003,BDMAP_00007293
train,5004,BDMAP_00000681
train,5005,BDMAP_00008625
train,5006,BDMAP_00009049
train,5007,BDMAP_00003665
train,5008,BDMAP_00001662
train,5009,BDMAP_00000509
train,5010,BDMAP_00000167
train,5011,BDMAP_00007155
train,5012,BDMAP_00001007
train,5013,BDMAP_00008875
train,5014,BDMAP_00007638
train,5015,BDMAP_00003495
train,5016,BDMAP_00007143
train,5017,BDMAP_00009029
train,5018,BDMAP_00004991
train,5019,BDMAP_00002537
train,5020,BDMAP_00001105
train,5021,BDMAP_00003876
train,5022,BDMAP_00006381
train,5023,BDMAP_00001753
train,5024,BDMAP_00007137
train,5025,BDMAP_00002917
train,5026,BDMAP_00006848
train,5027,BDMAP_00000153
train,5028,BDMAP_00003908
train,5029,BDMAP_00008454
train,5030,BDMAP_00002553
train,5031,BDMAP_00002774
train,5032,BDMAP_00007074
train,5033,BDMAP_00003552
train,5034,BDMAP_00003723
train,5035,BDMAP_00005640
train,5036,BDMAP_00007627
train,5037,BDMAP_00006828
train,5038,BDMAP_00004539
train,5039,BDMAP_00005754
train,5040,BDMAP_00001823
train,5041,BDMAP_00004087
train,5042,BDMAP_00008915
train,5043,BDMAP_00008002
train,5044,BDMAP_00006222
train,5045,BDMAP_00006578
train,5046,BDMAP_00000310
train,5047,BDMAP_00006560
train,5048,BDMAP_00006210
train,5049,BDMAP_00003600
train,5050,BDMAP_00003623
train,5051,BDMAP_00007445
train,5052,BDMAP_00003451
train,5053,BDMAP_00004592
train,5054,BDMAP_00000206
train,5055,BDMAP_00001136
train,5056,BDMAP_00007686
train,5057,BDMAP_00002750
train,5058,BDMAP_00003614
train,5059,BDMAP_00000306
train,5060,BDMAP_00001850
train,5061,BDMAP_00007002
train,5062,BDMAP_00001989
train,5063,BDMAP_00003241
train,5064,BDMAP_00002799
train,5065,BDMAP_00004516
train,5066,BDMAP_00006555
train,5067,BDMAP_00003110
train,5068,BDMAP_00004940
train,5069,BDMAP_00004060
train,5070,BDMAP_00001988
train,5071,BDMAP_00006979
train,5072,BDMAP_00000384
train,5073,BDMAP_00004308
train,5074,BDMAP_00003389
train,5075,BDMAP_00003157
train,5076,BDMAP_00002728
train,5077,BDMAP_00005382
train,5078,BDMAP_00005333
train,5079,BDMAP_00007896
train,5080,BDMAP_00007730
train,5081,BDMAP_00003833
train,5082,BDMAP_00007935
train,5083,BDMAP_00004777
train,5084,BDMAP_00004277
train,5085,BDMAP_00000254
train,5086,BDMAP_00005240
train,5087,BDMAP_00008882
train,5088,BDMAP_00008556
train,5089,BDMAP_00000279
train,5090,BDMAP_00003253
train,5091,BDMAP_00002481
train,5092,BDMAP_00000290
train,5093,BDMAP_00005169
train,5094,BDMAP_00003076
train,5095,BDMAP_00007884
train,5096,BDMAP_00007272
train,5097,BDMAP_00005441
train,5098,BDMAP_00007769
train,5099,BDMAP_00008146
train,5100,BDMAP_00008999
train,5101,BDMAP_00007341
train,5102,BDMAP_00005200
train,5103,BDMAP_00008742
train,5104,BDMAP_00000271
train,5105,BDMAP_00004571
train,5106,BDMAP_00006685
train,5107,BDMAP_00008768
train,5108,BDMAP_00008175
train,5109,BDMAP_00008061
train,5110,BDMAP_00004208
train,5111,BDMAP_00003219
train,5112,BDMAP_00001392
train,5113,BDMAP_00003976
train,5114,BDMAP_00004317
train,5115,BDMAP_00005687
train,5116,BDMAP_00006233
train,5117,BDMAP_00008476
train,5118,BDMAP_00000084
train,5119,BDMAP_00000874
train,5120,BDMAP_00008896
train,5121,BDMAP_00006486
train,5122,BDMAP_00004558
train,5123,BDMAP_00004501
train,5124,BDMAP_00004648
train,5125,BDMAP_00002039
train,5126,BDMAP_00008979
train,5127,BDMAP_00007839
train,5128,BDMAP_00002451
train,5129,BDMAP_00003955
train,5130,BDMAP_00002330
train,5131,BDMAP_00008444
train,5132,BDMAP_00008422
train,5133,BDMAP_00005043
train,5134,BDMAP_00008671
train,5135,BDMAP_00004747
train,5136,BDMAP_00008674
train,5137,BDMAP_00005509
train,5138,BDMAP_00006822
train,5139,BDMAP_00008502
train,5140,BDMAP_00008661
train,5141,BDMAP_00001217
train,5142,BDMAP_00007918
train,5143,BDMAP_00005833
train,5144,BDMAP_00001065
train,5145,BDMAP_00003787
train,5146,BDMAP_00004411
train,5147,BDMAP_00005738
train,5148,BDMAP_00008158
train,5149,BDMAP_00002162
train,5150,BDMAP_00003009
train,5151,BDMAP_00001106
train,5152,BDMAP_00005652
train,5153,BDMAP_00007643
train,5154,BDMAP_00006373
train,5155,BDMAP_00004957
train,5156,BDMAP_00006523
train,5157,BDMAP_00007496
train,5158,BDMAP_00004370
train,5159,BDMAP_00002766
train,5160,BDMAP_00003930
train,5161,BDMAP_00006062
train,5162,BDMAP_00007994
train,5163,BDMAP_00006387
train,5164,BDMAP_00009004
train,5165,BDMAP_00008080
train,5166,BDMAP_00002452
train,5167,BDMAP_00005299
train,5168,BDMAP_00008567
train,5169,BDMAP_00003825
train,5170,BDMAP_00008834
train,5171,BDMAP_00002653
train,5172,BDMAP_00008628
train,5173,BDMAP_00003744
train,5174,BDMAP_00002177
train,5175,BDMAP_00008574
train,5176,BDMAP_00003319
train,5177,BDMAP_00005392
train,5178,BDMAP_00002788
train,5179,BDMAP_00004106
train,5180,BDMAP_00005403
train,5181,BDMAP_00001677
train,5182,BDMAP_00003948
train,5183,BDMAP_00007646
train,5184,BDMAP_00007586
train,5185,BDMAP_00006867
train,5186,BDMAP_00006774
train,5187,BDMAP_00006311
train,5188,BDMAP_00002504
train,5189,BDMAP_00007499
train,5190,BDMAP_00002370
train,5191,BDMAP_00004968
train,5192,BDMAP_00002218
train,5193,BDMAP_00002219
train,5194,BDMAP_00003327
train,5195,BDMAP_00005717
train,5196,BDMAP_00003584
train,5197,BDMAP_00008880
train,5198,BDMAP_00006964
train,5199,BDMAP_00006548
train,5200,BDMAP_00008933
train,5201,BDMAP_00008130
train,5202,BDMAP_00000086
train,5203,BDMAP_00002802
train,5204,BDMAP_00003672
train,5205,BDMAP_00003668
train,5206,BDMAP_00009070
train,5207,BDMAP_00007110
train,5208,BDMAP_00004591
train,5209,BDMAP_00002020
train,5210,BDMAP_00007359
train,5211,BDMAP_00002526
train,5212,BDMAP_00006208
train,5213,BDMAP_00007821
train,5214,BDMAP_00008613
train,5215,BDMAP_00007654
train,5216,BDMAP_00005740
train,5217,BDMAP_00002896
train,5218,BDMAP_00009078
train,5219,BDMAP_00004715
train,5220,BDMAP_00008520
train,5221,BDMAP_00003426
train,5222,BDMAP_00005889
train,5223,BDMAP_00005709
train,5224,BDMAP_00005634
train,5225,BDMAP_00005245
train,5226,BDMAP_00006160
train,5227,BDMAP_00002002
train,5228,BDMAP_00007748
train,5229,BDMAP_00000870
train,5230,BDMAP_00000357
train,5231,BDMAP_00006955
train,5232,BDMAP_00007749
train,5233,BDMAP_00001276
train,5234,BDMAP_00001891
train,5235,BDMAP_00007898
train,5236,BDMAP_00005578
train,5237,BDMAP_00008496
train,5238,BDMAP_00003564
train,5239,BDMAP_00004959
train,5240,BDMAP_00007040
train,5241,BDMAP_00002381
train,5242,BDMAP_00003824
train,5243,BDMAP_00007239
train,5244,BDMAP_00007338
train,5245,BDMAP_00003307
train,5246,BDMAP_00008031
train,5247,BDMAP_00003500
train,5248,BDMAP_00005822
train,5249,BDMAP_00001117
train,5250,BDMAP_00008068
train,5251,BDMAP_00009138
train,5252,BDMAP_00008069
train,5253,BDMAP_00005697
train,5254,BDMAP_00007019
train,5255,BDMAP_00006941
train,5256,BDMAP_00003646
train,5257,BDMAP_00002501
train,5258,BDMAP_00005242
train,5259,BDMAP_00005530
train,5260,BDMAP_00002784
train,5261,BDMAP_00003810
train,5262,BDMAP_00005621
train,5263,BDMAP_00007887
train,5264,BDMAP_00006640
train,5265,BDMAP_00001697
train,5266,BDMAP_00007252
train,5267,BDMAP_00002053
train,5268,BDMAP_00001777
train,5269,BDMAP_00008207
train,5270,BDMAP_00003314
train,5271,BDMAP_00004782
train,5272,BDMAP_00007466
train,5273,BDMAP_00006031
train,5274,BDMAP_00001593
train,5275,BDMAP_00001724
train,5276,BDMAP_00008116
train,5277,BDMAP_00008627
train,5278,BDMAP_00007996
train,5279,BDMAP_00000491
train,5280,BDMAP_00008452
train,5281,BDMAP_00003484
train,5282,BDMAP_00005103
train,5283,BDMAP_00005188
train,5284,BDMAP_00003432
train,5285,BDMAP_00005345
train,5286,BDMAP_00006551
train,5287,BDMAP_00000026
train,5288,BDMAP_00003513
train,5289,BDMAP_00002410
train,5290,BDMAP_00003271
train,5291,BDMAP_00005210
train,5292,BDMAP_00001553
train,5293,BDMAP_00008510
train,5294,BDMAP_00007761
train,5295,BDMAP_00003872
train,5296,BDMAP_00003403
train,5297,BDMAP_00004530
train,5298,BDMAP_00000980
train,5299,BDMAP_00002656
train,5300,BDMAP_00001848
train,5301,BDMAP_00006770
train,5302,BDMAP_00007047
train,5303,BDMAP_00006072
train,5304,BDMAP_00009032
train,5305,BDMAP_00007714
train,5306,BDMAP_00006121
train,5307,BDMAP_00007149
train,5308,BDMAP_00001103
train,5309,BDMAP_00003277
train,5310,BDMAP_00008588
train,5311,BDMAP_00008104
train,5312,BDMAP_00007231
train,5313,BDMAP_00003997
train,5314,BDMAP_00000195
train,5315,BDMAP_00004712
train,5316,BDMAP_00000644
train,5317,BDMAP_00007320
train,5318,BDMAP_00003286
train,5319,BDMAP_00003117
train,5320,BDMAP_00003576
train,5321,BDMAP_00008347
train,5322,BDMAP_00004321
train,5323,BDMAP_00009255
train,5324,BDMAP_00002208
train,5325,BDMAP_00004553
train,5326,BDMAP_00006212
train,5327,BDMAP_00003719
train,5328,BDMAP_00000973
train,5329,BDMAP_00007757
train,5330,BDMAP_00000720
train,5331,BDMAP_00008734
train,5332,BDMAP_00003897
train,5333,BDMAP_00002804
train,5334,BDMAP_00002567
train,5335,BDMAP_00004026
train,5336,BDMAP_00000033
train,5337,BDMAP_00007174
train,5338,BDMAP_00009051
train,5339,BDMAP_00004064
train,5340,BDMAP_00008280
train,5341,BDMAP_00001698
train,5342,BDMAP_00002793
train,5343,BDMAP_00002223
train,5344,BDMAP_00003765
train,5345,BDMAP_00003867
train,5346,BDMAP_00007847
train,5347,BDMAP_00008271
train,5348,BDMAP_00005666
train,5349,BDMAP_00008881
train,5350,BDMAP_00003759
train,5351,BDMAP_00006923
train,5352,BDMAP_00003228
train,5353,BDMAP_00006631
train,5354,BDMAP_00007515
train,5355,BDMAP_00003905
train,5356,BDMAP_00002278
train,5357,BDMAP_00005782
train,5358,BDMAP_00001402
train,5359,BDMAP_00000740
train,5360,BDMAP_00004267
train,5361,BDMAP_00009132
train,5362,BDMAP_00006238
train,5363,BDMAP_00006717
train,5364,BDMAP_00003852
train,5365,BDMAP_00007786
train,5366,BDMAP_00006974
train,5367,BDMAP_00006948
train,5368,BDMAP_00005813
train,5369,BDMAP_00000675
train,5370,BDMAP_00008358
train,5371,BDMAP_00005408
train,5372,BDMAP_00003842
train,5373,BDMAP_00001816
train,5374,BDMAP_00007227
train,5375,BDMAP_00009113
train,5376,BDMAP_00008514
train,5377,BDMAP_00004654
train,5378,BDMAP_00006758
train,5379,BDMAP_00002101
train,5380,BDMAP_00006552
train,5381,BDMAP_00001674
train,5382,BDMAP_00002102
train,5383,BDMAP_00004214
train,5384,BDMAP_00005913
train,5385,BDMAP_00001549
train,5386,BDMAP_00006650
train,5387,BDMAP_00003324
train,5388,BDMAP_00006163
train,5389,BDMAP_00000356
train,5390,BDMAP_00005185
train,5391,BDMAP_00001462
train,5392,BDMAP_00006477
train,5393,BDMAP_00008751
train,5394,BDMAP_00003221
train,5395,BDMAP_00007417
train,5396,BDMAP_00005148
train,5397,BDMAP_00006699
train,5398,BDMAP_00001752
train,5399,BDMAP_00007064
train,5400,BDMAP_00006454
train,5401,BDMAP_00001773
train,5402,BDMAP_00001197
train,5403,BDMAP_00001879
train,5404,BDMAP_00002669
train,5405,BDMAP_00003172
train,5406,BDMAP_00002017
train,5407,BDMAP_00002006
train,5408,BDMAP_00008164
train,5409,BDMAP_00003894
train,5410,BDMAP_00003238
train,5411,BDMAP_00004425
train,5412,BDMAP_00004745
train,5413,BDMAP_00002079
train,5414,BDMAP_00005220
train,5415,BDMAP_00000397
train,5416,BDMAP_00002789
train,5417,BDMAP_00006068
train,5418,BDMAP_00005521
train,5419,BDMAP_00004073
train,5420,BDMAP_00007287
train,5421,BDMAP_00008806
train,5422,BDMAP_00009200
train,5423,BDMAP_00006145
train,5424,BDMAP_00001520
train,5425,BDMAP_00007945
train,5426,BDMAP_00001379
train,5427,BDMAP_00001024
train,5428,BDMAP_00002588
train,5429,BDMAP_00005983
train,5430,BDMAP_00006488
train,5431,BDMAP_00005009
train,5432,BDMAP_00002858
train,5433,BDMAP_00007067
train,5434,BDMAP_00007474
train,5435,BDMAP_00001630
train,5436,BDMAP_00004889
train,5437,BDMAP_00004527
train,5438,BDMAP_00003524
train,5439,BDMAP_00006612
train,5440,BDMAP_00003608
train,5441,BDMAP_00008724
train,5442,BDMAP_00005221
train,5443,BDMAP_00000235
train,5444,BDMAP_00006590
train,5445,BDMAP_00003797
train,5446,BDMAP_00004119
train,5447,BDMAP_00005002
train,5448,BDMAP_00003801
train,5449,BDMAP_00006406
train,5450,BDMAP_00007641
train,5451,BDMAP_00005025
train,5452,BDMAP_00001949
train,5453,BDMAP_00000471
train,5454,BDMAP_00006412
train,5455,BDMAP_00003493
train,5456,BDMAP_00002672
train,5457,BDMAP_00009075
train,5458,BDMAP_00002225
train,5459,BDMAP_00001107
train,5460,BDMAP_00002189
train,5461,BDMAP_00000819
train,5462,BDMAP_00004524
train,5463,BDMAP_00008078
train,5464,BDMAP_00007991
train,5465,BDMAP_00008410
train,5466,BDMAP_00008698
train,5467,BDMAP_00009185
train,5468,BDMAP_00000889
train,5469,BDMAP_00002438
train,5470,BDMAP_00000818
train,5471,BDMAP_00007590
train,5472,BDMAP_00003415
train,5473,BDMAP_00002342
train,5474,BDMAP_00009018
train,5475,BDMAP_00003168
train,5476,BDMAP_00007666
train,5477,BDMAP_00006830
train,5478,BDMAP_00001265
train,5479,BDMAP_00005087
train,5480,BDMAP_00005195
train,5481,BDMAP_00004450
train,5482,BDMAP_00004946
train,5483,BDMAP_00004046
train,5484,BDMAP_00007493
train,5485,BDMAP_00007314
train,5486,BDMAP_00001229
train,5487,BDMAP_00006176
train,5488,BDMAP_00006916
train,5489,BDMAP_00005142
train,5490,BDMAP_00000053
train,5491,BDMAP_00006219
train,5492,BDMAP_00008957
train,5493,BDMAP_00000160
train,5494,BDMAP_00006409
train,5495,BDMAP_00001588
train,5496,BDMAP_00001590
train,5497,BDMAP_00008505
train,5498,BDMAP_00005602
train,5499,BDMAP_00006535
train,5500,BDMAP_00003859
train,5501,BDMAP_00009089
train,5502,BDMAP_00005681
train,5503,BDMAP_00002829
train,5504,BDMAP_00000437
train,5505,BDMAP_00006934
train,5506,BDMAP_00003879
train,5507,BDMAP_00001589
train,5508,BDMAP_00002781
train,5509,BDMAP_00008310
train,5510,BDMAP_00008782
train,5511,BDMAP_00007631
train,5512,BDMAP_00004728
train,5513,BDMAP_00000974
train,5514,BDMAP_00001239
train,5515,BDMAP_00002952
train,5516,BDMAP_00002343
train,5517,BDMAP_00005532
train,5518,BDMAP_00006207
train,5519,BDMAP_00002159
train,5520,BDMAP_00005596
train,5521,BDMAP_00001498
train,5522,BDMAP_00004546
train,5523,BDMAP_00004258
train,5524,BDMAP_00002423
train,5525,BDMAP_00005186
train,5526,BDMAP_00000358
train,5527,BDMAP_00005243
train,5528,BDMAP_00006809
train,5529,BDMAP_00008551
train,5530,BDMAP_00002093
train,5531,BDMAP_00005410
train,5532,BDMAP_00002016
train,5533,BDMAP_00008381
train,5534,BDMAP_00007569
train,5535,BDMAP_00000188
train,5536,BDMAP_00005826
train,5537,BDMAP_00003656
train,5538,BDMAP_00003427
train,5539,BDMAP_00006110
train,5540,BDMAP_00001382
train,5541,BDMAP_00006335
train,5542,BDMAP_00000414
train,5543,BDMAP_00005038
train,5544,BDMAP_00004898
train,5545,BDMAP_00003337
train,5546,BDMAP_00003607
train,5547,BDMAP_00003176
train,5548,BDMAP_00007563
train,5549,BDMAP_00008992
train,5550,BDMAP_00006626
train,5551,BDMAP_00000257
train,5552,BDMAP_00005999
train,5553,BDMAP_00000201
train,5554,BDMAP_00002236
train,5555,BDMAP_00004744
train,5556,BDMAP_00001768
train,5557,BDMAP_00004237
train,5558,BDMAP_00007426
train,5559,BDMAP_00001573
train,5560,BDMAP_00000025
train,5561,BDMAP_00003364
train,5562,BDMAP_00001089
train,5563,BDMAP_00004675
train,5564,BDMAP_00002695
train,5565,BDMAP_00006439
train,5566,BDMAP_00003399
train,5567,BDMAP_00003560
train,5568,BDMAP_00008577
train,5569,BDMAP_00002842
train,5570,BDMAP_00002312
train,5571,BDMAP_00007223
train,5572,BDMAP_00003235
train,5573,BDMAP_00004153
train,5574,BDMAP_00001310
train,5575,BDMAP_00000696
train,5576,BDMAP_00005664
train,5577,BDMAP_00003753
train,5578,BDMAP_00001228
train,5579,BDMAP_00002000
train,5580,BDMAP_00000277
train,5581,BDMAP_00006188
train,5582,BDMAP_00009012
train,5583,BDMAP_00002954
train,5584,BDMAP_00003638
train,5585,BDMAP_00008676
train,5586,BDMAP_00004779
train,5587,BDMAP_00008983
train,5588,BDMAP_00004118
train,5589,BDMAP_00008593
train,5590,BDMAP_00001138
train,5591,BDMAP_00002768
train,5592,BDMAP_00007972
train,5593,BDMAP_00009065
train,5594,BDMAP_00000943
train,5595,BDMAP_00006508
train,5596,BDMAP_00002491
train,5597,BDMAP_00007846
train,5598,BDMAP_00004936
train,5599,BDMAP_00003936
train,5600,BDMAP_00005911
train,5601,BDMAP_00002385
train,5602,BDMAP_00000116
train,5603,BDMAP_00007259
train,5604,BDMAP_00009240
train,5605,BDMAP_00003120
train,5606,BDMAP_00004259
train,5607,BDMAP_00005695
train,5608,BDMAP_00007471
train,5609,BDMAP_00002820
train,5610,BDMAP_00003823
train,5611,BDMAP_00008411
train,5612,BDMAP_00004700
train,5613,BDMAP_00008252
train,5614,BDMAP_00003803
train,5615,BDMAP_00003537
train,5616,BDMAP_00003826
train,5617,BDMAP_00007811
train,5618,BDMAP_00007740
train,5619,BDMAP_00004811
train,5620,BDMAP_00001947
train,5621,BDMAP_00007751
train,5622,BDMAP_00006200
train,5623,BDMAP_00005336
train,5624,BDMAP_00003489
train,5625,BDMAP_00001611
train,5626,BDMAP_00008598
train,5627,BDMAP_00005997
train,5628,BDMAP_00004678
train,5629,BDMAP_00004960
train,5630,BDMAP_00008055
train,5631,BDMAP_00004762
train,5632,BDMAP_00002195
train,5633,BDMAP_00006801
train,5634,BDMAP_00005114
train,5635,BDMAP_00000558
train,5636,BDMAP_00006852
train,5637,BDMAP_00007919
train,5638,BDMAP_00001208
train,5639,BDMAP_00005975
train,5640,BDMAP_00006206
train,5641,BDMAP_00001511
train,5642,BDMAP_00003830
train,5643,BDMAP_00003733
train,5644,BDMAP_00006764
train,5645,BDMAP_00003212
train,5646,BDMAP_00003631
train,5647,BDMAP_00007092
train,5648,BDMAP_00007096
train,5649,BDMAP_00000267
train,5650,BDMAP_00001141
train,5651,BDMAP_00003163
train,5652,BDMAP_00007385
train,5653,BDMAP_00003731
train,5654,BDMAP_00001910
train,5655,BDMAP_00006204
train,5656,BDMAP_00002661
train,5657,BDMAP_00000657
train,5658,BDMAP_00007354
train,5659,BDMAP_00008936
train,5660,BDMAP_00000999
train,5661,BDMAP_00006451
train,5662,BDMAP_00002835
train,5663,BDMAP_00008491
train,5664,BDMAP_00001238
train,5665,BDMAP_00002152
train,5666,BDMAP_00006731
train,5667,BDMAP_00007920
train,5668,BDMAP_00005092
train,5669,BDMAP_00002187
train,5670,BDMAP_00001135
train,5671,BDMAP_00005005
train,5672,BDMAP_00001304
train,5673,BDMAP_00001628
train,5674,BDMAP_00006682
train,5675,BDMAP_00001523
train,5676,BDMAP_00009085
train,5677,BDMAP_00000359
train,5678,BDMAP_00000139
train,5679,BDMAP_00000300
train,5680,BDMAP_00001557
train,5681,BDMAP_00005100
train,5682,BDMAP_00000383
train,5683,BDMAP_00007186
train,5684,BDMAP_00005904
train,5685,BDMAP_00004858
train,5686,BDMAP_00003181
train,5687,BDMAP_00007540
train,5688,BDMAP_00006061
train,5689,BDMAP_00005674
train,5690,BDMAP_00000947
train,5691,BDMAP_00007163
train,5692,BDMAP_00005499
train,5693,BDMAP_00006180
train,5694,BDMAP_00008542
train,5695,BDMAP_00002722
train,5696,BDMAP_00001933
train,5697,BDMAP_00007072
train,5698,BDMAP_00003237
train,5699,BDMAP_00003141
train,5700,BDMAP_00004164
train,5701,BDMAP_00008224
train,5702,BDMAP_00003808
train,5703,BDMAP_00008778
train,5704,BDMAP_00006329
train,5705,BDMAP_00008239
train,5706,BDMAP_00004155
train,5707,BDMAP_00004173
train,5708,BDMAP_00000797
train,5709,BDMAP_00002417
train,5710,BDMAP_00000786
train,5711,BDMAP_00003159
train,5712,BDMAP_00000124
train,5713,BDMAP_00005895
train,5714,BDMAP_00002173
train,5715,BDMAP_00007501
train,5716,BDMAP_00007741
train,5717,BDMAP_00008606
train,5718,BDMAP_00004341
train,5719,BDMAP_00000911
train,5720,BDMAP_00002310
train,5721,BDMAP_00008944
train,5722,BDMAP_00003635
train,5723,BDMAP_00001258
train,5724,BDMAP_00004459
train,5725,BDMAP_00001179
train,5726,BDMAP_00004653
train,5727,BDMAP_00003651
train,5728,BDMAP_00000443
train,5729,BDMAP_00007956
train,5730,BDMAP_00001400
train,5731,BDMAP_00001458
train,5732,BDMAP_00006575
train,5733,BDMAP_00001055
train,5734,BDMAP_00007872
train,5735,BDMAP_00003276
train,5736,BDMAP_00007959
train,5737,BDMAP_00003700
train,5738,BDMAP_00003760
train,5739,BDMAP_00000930
train,5740,BDMAP_00007594
train,5741,BDMAP_00007357
train,5742,BDMAP_00001830
train,5743,BDMAP_00002929
train,5744,BDMAP_00005894
train,5745,BDMAP_00004222
train,5746,BDMAP_00003547
train,5747,BDMAP_00005599
train,5748,BDMAP_00008270
train,5749,BDMAP_00008653
train,5750,BDMAP_00006898
train,5751,BDMAP_00002012
train,5752,BDMAP_00008386
train,5753,BDMAP_00007061
train,5754,BDMAP_00003220
train,5755,BDMAP_00002607
train,5756,BDMAP_00003265
train,5757,BDMAP_00004929
train,5758,BDMAP_00007845
train,5759,BDMAP_00006901
train,5760,BDMAP_00000007
train,5761,BDMAP_00002981
train,5762,BDMAP_00003362
train,5763,BDMAP_00004775
train,5764,BDMAP_00001944
train,5765,BDMAP_00006320
train,5766,BDMAP_00005500
train,5767,BDMAP_00001636
train,5768,BDMAP_00001142
train,5769,BDMAP_00007967
train,5770,BDMAP_00007681
train,5771,BDMAP_00002071
train,5772,BDMAP_00003135
train,5773,BDMAP_00005161
train,5774,BDMAP_00006594
train,5775,BDMAP_00008096
train,5776,BDMAP_00002243
train,5777,BDMAP_00001475
train,5778,BDMAP_00007702
train,5779,BDMAP_00001890
train,5780,BDMAP_00003436
train,5781,BDMAP_00006450
train,5782,BDMAP_00006538
train,5783,BDMAP_00003706
train,5784,BDMAP_00002022
train,5785,BDMAP_00004021
train,5786,BDMAP_00009162
train,5787,BDMAP_00007413
train,5788,BDMAP_00008907
train,5789,BDMAP_00002659
train,5790,BDMAP_00005853
train,5791,BDMAP_00001131
train,5792,BDMAP_00005558
train,5793,BDMAP_00006243
train,5794,BDMAP_00001820
train,5795,BDMAP_00006395
train,5796,BDMAP_00006350
train,5797,BDMAP_00004319
train,5798,BDMAP_00008895
train,5799,BDMAP_00004145
train,5800,BDMAP_00004670
train,5801,BDMAP_00001237
train,5802,BDMAP_00005477
train,5803,BDMAP_00009111
train,5804,BDMAP_00001857
train,5805,BDMAP_00002283
train,5806,BDMAP_00008459
train,5807,BDMAP_00008630
train,5808,BDMAP_00004094
train,5809,BDMAP_00006001
train,5810,BDMAP_00005201
train,5811,BDMAP_00003422
train,5812,BDMAP_00000387
train,5813,BDMAP_00007626
train,5814,BDMAP_00001629
train,5815,BDMAP_00003586
train,5816,BDMAP_00009045
train,5817,BDMAP_00002715
train,5818,BDMAP_00006092
train,5819,BDMAP_00007398
train,5820,BDMAP_00008631
train,5821,BDMAP_00005660
train,5822,BDMAP_00003190
train,5823,BDMAP_00009232
train,5824,BDMAP_00004306
train,5825,BDMAP_00000910
train,5826,BDMAP_00005386
train,5827,BDMAP_00007840
train,5828,BDMAP_00001867
train,5829,BDMAP_00001843
train,5830,BDMAP_00002498
train,5831,BDMAP_00000202
train,5832,BDMAP_00006718
train,5833,BDMAP_00006563
train,5834,BDMAP_00005055
train,5835,BDMAP_00004007
train,5836,BDMAP_00002703
train,5837,BDMAP_00003450
train,5838,BDMAP_00000332
train,5839,BDMAP_00006066
train,5840,BDMAP_00008292
train,5841,BDMAP_00006931
train,5842,BDMAP_00007713
train,5843,BDMAP_00002460
train,5844,BDMAP_00001775
train,5845,BDMAP_00006453
train,5846,BDMAP_00007117
train,5847,BDMAP_00002687
train,5848,BDMAP_00008464
train,5849,BDMAP_00000990
train,5850,BDMAP_00008493
train,5851,BDMAP_00007244
train,5852,BDMAP_00006836
train,5853,BDMAP_00007629
train,5854,BDMAP_00007700
train,5855,BDMAP_00009206
train,5856,BDMAP_00007923
train,5857,BDMAP_00009142
train,5858,BDMAP_00007803
train,5859,BDMAP_00005463
train,5860,BDMAP_00000174
train,5861,BDMAP_00007068
train,5862,BDMAP_00004616
train,5863,BDMAP_00003322
train,5864,BDMAP_00006004
train,5865,BDMAP_00003373
train,5866,BDMAP_00003312
train,5867,BDMAP_00006194
train,5868,BDMAP_00006441
train,5869,BDMAP_00008126
train,5870,BDMAP_00006928
train,5871,BDMAP_00004680
train,5872,BDMAP_00003404
train,5873,BDMAP_00000019
train,5874,BDMAP_00003692
train,5875,BDMAP_00007979
train,5876,BDMAP_00004097
train,5877,BDMAP_00003629
train,5878,BDMAP_00008202
train,5879,BDMAP_00002175
train,5880,BDMAP_00001357
train,5881,BDMAP_00005003
train,5882,BDMAP_00006272
train,5883,BDMAP_00005824
train,5884,BDMAP_00009071
train,5885,BDMAP_00005671
train,5886,BDMAP_00003113
train,5887,BDMAP_00000183
train,5888,BDMAP_00008099
train,5889,BDMAP_00008197
train,5890,BDMAP_00001813
train,5891,BDMAP_00006694
train,5892,BDMAP_00007408
train,5893,BDMAP_00004913
train,5894,BDMAP_00005669
train,5895,BDMAP_00008157
train,5896,BDMAP_00001801
train,5897,BDMAP_00002430
train,5898,BDMAP_00005483
train,5899,BDMAP_00008006
train,5900,BDMAP_00006371
train,5901,BDMAP_00001969
train,5902,BDMAP_00007234
train,5903,BDMAP_00009155
train,5904,BDMAP_00006398
train,5905,BDMAP_00004988
train,5906,BDMAP_00009034
train,5907,BDMAP_00004651
train,5908,BDMAP_00001160
train,5909,BDMAP_00001214
train,5910,BDMAP_00006228
train,5911,BDMAP_00001326
train,5912,BDMAP_00008388
train,5913,BDMAP_00006437
train,5914,BDMAP_00004797
train,5915,BDMAP_00005809
train,5916,BDMAP_00001456
train,5917,BDMAP_00005411
train,5918,BDMAP_00006059
train,5919,BDMAP_00007383
train,5920,BDMAP_00004963
train,5921,BDMAP_00007932
train,5922,BDMAP_00001645
train,5923,BDMAP_00002141
train,5924,BDMAP_00004537
train,5925,BDMAP_00004458
train,5926,BDMAP_00008283
train,5927,BDMAP_00005587
train,5928,BDMAP_00004379
train,5929,BDMAP_00000730
train,5930,BDMAP_00004358
train,5931,BDMAP_00006583
train,5932,BDMAP_00001937
train,5933,BDMAP_00003794
train,5934,BDMAP_00003737
train,5935,BDMAP_00002262
train,5936,BDMAP_00008670
train,5937,BDMAP_00001111
train,5938,BDMAP_00008352
train,5939,BDMAP_00005481
train,5940,BDMAP_00002999
train,5941,BDMAP_00002395
train,5942,BDMAP_00001186
train,5943,BDMAP_00002008
train,5944,BDMAP_00000194
train,5945,BDMAP_00005612
train,5946,BDMAP_00002902
train,5947,BDMAP_00000579
train,5948,BDMAP_00005526
train,5949,BDMAP_00000772
train,5950,BDMAP_00002396
train,5951,BDMAP_00001479
train,5952,BDMAP_00001847
train,5953,BDMAP_00008429
train,5954,BDMAP_00004275
train,5955,BDMAP_00003741
train,5956,BDMAP_00004601
train,5957,BDMAP_00007085
train,5958,BDMAP_00007035
train,5959,BDMAP_00006897
train,5960,BDMAP_00004916
train,5961,BDMAP_00002074
train,5962,BDMAP_00004755
train,5963,BDMAP_00001897
train,5964,BDMAP_00007637
train,5965,BDMAP_00003660
train,5966,BDMAP_00002380
train,5967,BDMAP_00001448
train,5968,BDMAP_00000343
train,5969,BDMAP_00005128
train,5970,BDMAP_00003137
train,5971,BDMAP_00002528
train,5972,BDMAP_00000728
train,5973,BDMAP_00004578
train,5974,BDMAP_00000977
train,5975,BDMAP_00007324
train,5976,BDMAP_00005444
train,5977,BDMAP_00003517
train,5978,BDMAP_00007025
train,5979,BDMAP_00009064
train,5980,BDMAP_00003941
train,5981,BDMAP_00001300
train,5982,BDMAP_00009042
train,5983,BDMAP_00001349
train,5984,BDMAP_00000661
train,5985,BDMAP_00005887
train,5986,BDMAP_00001493
train,5987,BDMAP_00006984
train,5988,BDMAP_00007226
train,5989,BDMAP_00007593
train,5990,BDMAP_00005155
train,5991,BDMAP_00002316
train,5992,BDMAP_00008903
train,5993,BDMAP_00008870
train,5994,BDMAP_00001086
train,5995,BDMAP_00002525
train,5996,BDMAP_00007891
train,5997,BDMAP_00005375
train,5998,BDMAP_00003199
train,5999,BDMAP_00005752
train,6000,BDMAP_00007024
train,6001,BDMAP_00005718
train,6002,BDMAP_00007362
train,6003,BDMAP_00007041
train,6004,BDMAP_00000068
train,6005,BDMAP_00006735
train,6006,BDMAP_00000041
train,6007,BDMAP_00002270
train,6008,BDMAP_00007333
train,6009,BDMAP_00006690
train,6010,BDMAP_00008168
train,6011,BDMAP_00004917
train,6012,BDMAP_00005323
train,6013,BDMAP_00007251
train,6014,BDMAP_00003448
train,6015,BDMAP_00002368
train,6016,BDMAP_00006143
train,6017,BDMAP_00006933
train,6018,BDMAP_00002513
train,6019,BDMAP_00002724
train,6020,BDMAP_00005949
train,6021,BDMAP_00008498
train,6022,BDMAP_00008443
train,6023,BDMAP_00001144
train,6024,BDMAP_00009015
train,6025,BDMAP_00006136
train,6026,BDMAP_00007138
train,6027,BDMAP_00008532
train,6028,BDMAP_00004729
train,6029,BDMAP_00005495
train,6030,BDMAP_00005756
train,6031,BDMAP_00006419
train,6032,BDMAP_00003790
train,6033,BDMAP_00002221
train,6034,BDMAP_00005076
train,6035,BDMAP_00002332
train,6036,BDMAP_00005395
train,6037,BDMAP_00006310
train,6038,BDMAP_00006854
train,6039,BDMAP_00008645
train,6040,BDMAP_00004089
train,6041,BDMAP_00001968
train,6042,BDMAP_00008318
train,6043,BDMAP_00008110
train,6044,BDMAP_00008878
train,6045,BDMAP_00004366
train,6046,BDMAP_00000424
train,6047,BDMAP_00000281
train,6048,BDMAP_00001905
train,6049,BDMAP_00000596
train,6050,BDMAP_00007679
train,6051,BDMAP_00003918
train,6052,BDMAP_00005662
train,6053,BDMAP_00005779
train,6054,BDMAP_00003619
train,6055,BDMAP_00000840
train,6056,BDMAP_00004597
train,6057,BDMAP_00006361
train,6058,BDMAP_00000142
train,6059,BDMAP_00002598
train,6060,BDMAP_00001378
train,6061,BDMAP_00003675
train,6062,BDMAP_00008063
train,6063,BDMAP_00009165
train,6064,BDMAP_00004742
train,6065,BDMAP_00003809
train,6066,BDMAP_00001139
train,6067,BDMAP_00002258
train,6068,BDMAP_00006687
train,6069,BDMAP_00001788
train,6070,BDMAP_00003939
train,6071,BDMAP_00006714
train,6072,BDMAP_00004647
train,6073,BDMAP_00000460
train,6074,BDMAP_00008838
train,6075,BDMAP_00000949
train,6076,BDMAP_00003701
train,6077,BDMAP_00001337
train,6078,BDMAP_00004629
train,6079,BDMAP_00005926
train,6080,BDMAP_00005935
train,6081,BDMAP_00006041
train,6082,BDMAP_00000442
train,6083,BDMAP_00001603
train,6084,BDMAP_00002239
train,6085,BDMAP_00000640
train,6086,BDMAP_00009095
train,6087,BDMAP_00003831
train,6088,BDMAP_00008701
train,6089,BDMAP_00006787
train,6090,BDMAP_00008374
train,6091,BDMAP_00007178
train,6092,BDMAP_00001959
train,6093,BDMAP_00001071
train,6094,BDMAP_00000156
train,6095,BDMAP_00002296
train,6096,BDMAP_00006608
train,6097,BDMAP_00004579
train,6098,BDMAP_00001090
train,6099,BDMAP_00006050
train,6100,BDMAP_00002941
train,6101,BDMAP_00000724
train,6102,BDMAP_00004385
train,6103,BDMAP_00000931
train,6104,BDMAP_00002910
train,6105,BDMAP_00006670
train,6106,BDMAP_00000896
train,6107,BDMAP_00003248
train,6108,BDMAP_00002327
train,6109,BDMAP_00007704
train,6110,BDMAP_00006438
train,6111,BDMAP_00007607
train,6112,BDMAP_00005039
train,6113,BDMAP_00004137
train,6114,BDMAP_00008559
train,6115,BDMAP_00001716
train,6116,BDMAP_00001699
train,6117,BDMAP_00008976
train,6118,BDMAP_00008845
train,6119,BDMAP_00009235
train,6120,BDMAP_00007016
train,6121,BDMAP_00003832
train,6122,BDMAP_00003349
train,6123,BDMAP_00008817
train,6124,BDMAP_00000986
train,6125,BDMAP_00001822
train,6126,BDMAP_00004572
train,6127,BDMAP_00000588
train,6128,BDMAP_00009035
train,6129,BDMAP_00005078
train,6130,BDMAP_00008263
train,6131,BDMAP_00007211
train,6132,BDMAP_00008821
train,6133,BDMAP_00009231
train,6134,BDMAP_00005484
train,6135,BDMAP_00006581
train,6136,BDMAP_00007179
train,6137,BDMAP_00005515
train,6138,BDMAP_00008990
train,6139,BDMAP_00005554
train,6140,BDMAP_00003558
train,6141,BDMAP_00001396
train,6142,BDMAP_00000265
train,6143,BDMAP_00003548
train,6144,BDMAP_00006858
train,6145,BDMAP_00003070
train,6146,BDMAP_00005026
train,6147,BDMAP_00007335
train,6148,BDMAP_00003865
train,6149,BDMAP_00008394
train,6150,BDMAP_00002401
train,6151,BDMAP_00007504
train,6152,BDMAP_00003712
train,6153,BDMAP_00000247
train,6154,BDMAP_00001595
train,6155,BDMAP_00008968
train,6156,BDMAP_00001530
train,6157,BDMAP_00008894
train,6158,BDMAP_00000924
train,6159,BDMAP_00006410
train,6160,BDMAP_00004365
train,6161,BDMAP_00000670
train,6162,BDMAP_00003605
train,6163,BDMAP_00005109
train,6164,BDMAP_00001911
train,6165,BDMAP_00008558
train,6166,BDMAP_00005249
train,6167,BDMAP_00003959
train,6168,BDMAP_00006027
train,6169,BDMAP_00005644
train,6170,BDMAP_00002697
train,6171,BDMAP_00002592
train,6172,BDMAP_00005907
train,6173,BDMAP_00001782
train,6174,BDMAP_00003014
train,6175,BDMAP_00002308
train,6176,BDMAP_00006181
train,6177,BDMAP_00003691
train,6178,BDMAP_00000688
train,6179,BDMAP_00006012
train,6180,BDMAP_00000613
train,6181,BDMAP_00008329
train,6182,BDMAP_00003201
train,6183,BDMAP_00002268
train,6184,BDMAP_00009058
train,6185,BDMAP_00007950
train,6186,BDMAP_00001899
train,6187,BDMAP_00008828
train,6188,BDMAP_00007774
train,6189,BDMAP_00000259
train,6190,BDMAP_00002925
train,6191,BDMAP_00004944
train,6192,BDMAP_00002823
train,6193,BDMAP_00003340
train,6194,BDMAP_00003526
train,6195,BDMAP_00004564
train,6196,BDMAP_00005330
train,6197,BDMAP_00005224
train,6198,BDMAP_00002286
train,6199,BDMAP_00006064
train,6200,BDMAP_00004655
train,6201,BDMAP_00005001
train,6202,BDMAP_00000485
train,6203,BDMAP_00002212
train,6204,BDMAP_00005417
train,6205,BDMAP_00006420
train,6206,BDMAP_00002556
train,6207,BDMAP_00000008
train,6208,BDMAP_00003658
train,6209,BDMAP_00008480
train,6210,BDMAP_00004875
train,6211,BDMAP_00004403
train,6212,BDMAP_00005547
train,6213,BDMAP_00005298
train,6214,BDMAP_00002427
train,6215,BDMAP_00001815
train,6216,BDMAP_00008913
train,6217,BDMAP_00002275
train,6218,BDMAP_00001012
train,6219,BDMAP_00007026
train,6220,BDMAP_00001068
train,6221,BDMAP_00001992
train,6222,BDMAP_00003971
train,6223,BDMAP_00008395
train,6224,BDMAP_00005880
train,6225,BDMAP_00007389
train,6226,BDMAP_00004543
train,6227,BDMAP_00008635
train,6228,BDMAP_00003868
train,6229,BDMAP_00008721
train,6230,BDMAP_00003049
train,6231,BDMAP_00000782
train,6232,BDMAP_00002676
train,6233,BDMAP_00001750
train,6234,BDMAP_00007725
train,6235,BDMAP_00002792
train,6236,BDMAP_00005775
train,6237,BDMAP_00004980
train,6238,BDMAP_00006445
train,6239,BDMAP_00001092
train,6240,BDMAP_00007175
train,6241,BDMAP_00004628
train,6242,BDMAP_00002325
train,6243,BDMAP_00008302
train,6244,BDMAP_00005056
train,6245,BDMAP_00002609
train,6246,BDMAP_00008344
train,6247,BDMAP_00002291
train,6248,BDMAP_00001728
train,6249,BDMAP_00000611
train,6250,BDMAP_00004667
train,6251,BDMAP_00006844
train,6252,BDMAP_00007296
train,6253,BDMAP_00000344
train,6254,BDMAP_00007261
train,6255,BDMAP_00008085
train,6256,BDMAP_00003751
train,6257,BDMAP_00007433
train,6258,BDMAP_00008617
train,6259,BDMAP_00006000
train,6260,BDMAP_00003216
train,6261,BDMAP_00000098
train,6262,BDMAP_00006510
train,6263,BDMAP_00005177
train,6264,BDMAP_00006166
train,6265,BDMAP_00001538
train,6266,BDMAP_00003589
train,6267,BDMAP_00006292
train,6268,BDMAP_00003649
train,6269,BDMAP_00002658
train,6270,BDMAP_00006411
train,6271,BDMAP_00001518
train,6272,BDMAP_00005062
train,6273,BDMAP_00008657
train,6274,BDMAP_00004625
train,6275,BDMAP_00004273
train,6276,BDMAP_00003670
train,6277,BDMAP_00005801
train,6278,BDMAP_00002091
train,6279,BDMAP_00006172
train,6280,BDMAP_00000573
train,6281,BDMAP_00008854
train,6282,BDMAP_00007855
train,6283,BDMAP_00008396
train,6284,BDMAP_00003063
train,6285,BDMAP_00006568
train,6286,BDMAP_00007517
train,6287,BDMAP_00009175
train,6288,BDMAP_00006713
train,6289,BDMAP_00006947
train,6290,BDMAP_00004480
train,6291,BDMAP_00004949
train,6292,BDMAP_00005977
train,6293,BDMAP_00000371
train,6294,BDMAP_00001939
train,6295,BDMAP_00007347
train,6296,BDMAP_00001754
train,6297,BDMAP_00003671
train,6298,BDMAP_00003653
train,6299,BDMAP_00005202
train,6300,BDMAP_00006873
train,6301,BDMAP_00002362
train,6302,BDMAP_00004261
train,6303,BDMAP_00005433
train,6304,BDMAP_00006286
train,6305,BDMAP_00004992
train,6306,BDMAP_00008804
train,6307,BDMAP_00008763
train,6308,BDMAP_00003738
train,6309,BDMAP_00006379
train,6310,BDMAP_00007164
train,6311,BDMAP_00007210
train,6312,BDMAP_00005592
train,6313,BDMAP_00001172
train,6314,BDMAP_00007202
train,6315,BDMAP_00006869
train,6316,BDMAP_00001423
train,6317,BDMAP_00008746
train,6318,BDMAP_00006909
train,6319,BDMAP_00008658
train,6320,BDMAP_00006816
train,6321,BDMAP_00008479
train,6322,BDMAP_00000875
train,6323,BDMAP_00002298
train,6324,BDMAP_00002644
train,6325,BDMAP_00006388
train,6326,BDMAP_00001720
train,6327,BDMAP_00005348
train,6328,BDMAP_00005933
train,6329,BDMAP_00000841
train,6330,BDMAP_00009204
train,6331,BDMAP_00000582
train,6332,BDMAP_00000205
train,6333,BDMAP_00001642
train,6334,BDMAP_00002015
train,6335,BDMAP_00003254
train,6336,BDMAP_00009195
train,6337,BDMAP_00000906
train,6338,BDMAP_00000632
train,6339,BDMAP_00007372
train,6340,BDMAP_00006649
train,6341,BDMAP_00001975
train,6342,BDMAP_00000163
train,6343,BDMAP_00004999
train,6344,BDMAP_00008241
train,6345,BDMAP_00008752
train,6346,BDMAP_00006963
train,6347,BDMAP_00004714
train,6348,BDMAP_00000876
train,6349,BDMAP_00001432
train,6350,BDMAP_00004644
train,6351,BDMAP_00005081
train,6352,BDMAP_00005784
train,6353,BDMAP_00008456
train,6354,BDMAP_00008475
train,6355,BDMAP_00008853
train,6356,BDMAP_00006592
train,6357,BDMAP_00008740
train,6358,BDMAP_00002857
train,6359,BDMAP_00001862
train,6360,BDMAP_00002660
train,6361,BDMAP_00003385
train,6362,BDMAP_00008859
train,6363,BDMAP_00009053
train,6364,BDMAP_00006871
train,6365,BDMAP_00007243
train,6366,BDMAP_00004734
train,6367,BDMAP_00003332
train,6368,BDMAP_00008332
train,6369,BDMAP_00007799
train,6370,BDMAP_00008765
train,6371,BDMAP_00002097
train,6372,BDMAP_00002004
train,6373,BDMAP_00008582
train,6374,BDMAP_00008038
train,6375,BDMAP_00007054
train,6376,BDMAP_00005018
train,6377,BDMAP_00000547
train,6378,BDMAP_00001450
train,6379,BDMAP_00007204
train,6380,BDMAP_00002611
train,6381,BDMAP_00001901
train,6382,BDMAP_00009094
train,6383,BDMAP_00002758
train,6384,BDMAP_00006125
train,6385,BDMAP_00001886
train,6386,BDMAP_00009098
train,6387,BDMAP_00005739
train,6388,BDMAP_00007856
train,6389,BDMAP_00005891
train,6390,BDMAP_00002098
train,6391,BDMAP_00008599
train,6392,BDMAP_00005693
train,6393,BDMAP_00000500
train,6394,BDMAP_00005625
train,6395,BDMAP_00000837
train,6396,BDMAP_00003472
train,6397,BDMAP_00004698
train,6398,BDMAP_00006281
train,6399,BDMAP_00008220
train,6400,BDMAP_00002172
train,6401,BDMAP_00008543
train,6402,BDMAP_00005679
train,6403,BDMAP_00008497
train,6404,BDMAP_00000399
train,6405,BDMAP_00002011
train,6406,BDMAP_00005167
train,6407,BDMAP_00005872
train,6408,BDMAP_00009068
train,6409,BDMAP_00001284
train,6410,BDMAP_00007323
train,6411,BDMAP_00008825
train,6412,BDMAP_00004257
train,6413,BDMAP_00001837
train,6414,BDMAP_00008888
train,6415,BDMAP_00001020
train,6416,BDMAP_00007511
train,6417,BDMAP_00001327
train,6418,BDMAP_00007379
train,6419,BDMAP_00000476
train,6420,BDMAP_00002811
train,6421,BDMAP_00007788
train,6422,BDMAP_00001652
train,6423,BDMAP_00008900
train,6424,BDMAP_00001170
train,6425,BDMAP_00002529
train,6426,BDMAP_00001207
train,6427,BDMAP_00006257
train,6428,BDMAP_00008070
train,6429,BDMAP_00005470
train,6430,BDMAP_00008690
train,6431,BDMAP_00007978
train,6432,BDMAP_00007221
train,6433,BDMAP_00000868
train,6434,BDMAP_00002975
train,6435,BDMAP_00005237
train,6436,BDMAP_00005094
train,6437,BDMAP_00005434
train,6438,BDMAP_00000542
train,6439,BDMAP_00005196
train,6440,BDMAP_00001133
train,6441,BDMAP_00009112
train,6442,BDMAP_00008177
train,6443,BDMAP_00006355
train,6444,BDMAP_00008642
train,6445,BDMAP_00003391
train,6446,BDMAP_00007469
train,6447,BDMAP_00002963
train,6448,BDMAP_00004156
train,6449,BDMAP_00003260
train,6450,BDMAP_00007108
train,6451,BDMAP_00006035
train,6452,BDMAP_00006730
train,6453,BDMAP_00009203
train,6454,BDMAP_00002584
train,6455,BDMAP_00002814
train,6456,BDMAP_00008041
train,6457,BDMAP_00002948
train,6458,BDMAP_00005175
train,6459,BDMAP_00007152
train,6460,BDMAP_00003587
train,6461,BDMAP_00008540
train,6462,BDMAP_00006790
train,6463,BDMAP_00002564
train,6464,BDMAP_00002631
train,6465,BDMAP_00003191
train,6466,BDMAP_00006609
train,6467,BDMAP_00005037
train,6468,BDMAP_00001081
train,6469,BDMAP_00004284
train,6470,BDMAP_00006797
train,6471,BDMAP_00002086
train,6472,BDMAP_00006346
train,6473,BDMAP_00002453
train,6474,BDMAP_00004967
train,6475,BDMAP_00002024
train,6476,BDMAP_00008154
train,6477,BDMAP_00008316
train,6478,BDMAP_00007966
train,6479,BDMAP_00000227
train,6480,BDMAP_00001014
train,6481,BDMAP_00001930
train,6482,BDMAP_00008033
train,6483,BDMAP_00005252
train,6484,BDMAP_00001405
train,6485,BDMAP_00002180
train,6486,BDMAP_00000698
train,6487,BDMAP_00001125
train,6488,BDMAP_00003896
train,6489,BDMAP_00007780
train,6490,BDMAP_00005111
train,6491,BDMAP_00001779
train,6492,BDMAP_00006616
train,6493,BDMAP_00002635
train,6494,BDMAP_00003490
train,6495,BDMAP_00007076
train,6496,BDMAP_00001038
train,6497,BDMAP_00006094
train,6498,BDMAP_00002257
train,6499,BDMAP_00008858
train,6500,BDMAP_00002614
train,6501,BDMAP_00000314
train,6502,BDMAP_00002650
train,6503,BDMAP_00002282
train,6504,BDMAP_00007441
train,6505,BDMAP_00002548
train,6506,BDMAP_00005513
train,6507,BDMAP_00005133
train,6508,BDMAP_00002160
train,6509,BDMAP_00003138
train,6510,BDMAP_00008401
train,6511,BDMAP_00005851
train,6512,BDMAP_00009136
train,6513,BDMAP_00006446
train,6514,BDMAP_00003968
train,6515,BDMAP_00001429
train,6516,BDMAP_00007375
train,6517,BDMAP_00002521
train,6518,BDMAP_00006779
train,6519,BDMAP_00007823
train,6520,BDMAP_00007670
train,6521,BDMAP_00007792
train,6522,BDMAP_00005603
train,6523,BDMAP_00009139
train,6524,BDMAP_00000449
train,6525,BDMAP_00006544
train,6526,BDMAP_00001285
train,6527,BDMAP_00005996
train,6528,BDMAP_00006712
train,6529,BDMAP_00003728
train,6530,BDMAP_00000362
train,6531,BDMAP_00006280
train,6532,BDMAP_00005231
train,6533,BDMAP_00008275
train,6534,BDMAP_00009214
train,6535,BDMAP_00006252
train,6536,BDMAP_00005927
train,6537,BDMAP_00005150
train,6538,BDMAP_00002461
train,6539,BDMAP_00000023
train,6540,BDMAP_00002067
train,6541,BDMAP_00001654
train,6542,BDMAP_00000703
train,6543,BDMAP_00007516
train,6544,BDMAP_00002744
train,6545,BDMAP_00001377
train,6546,BDMAP_00001725
train,6547,BDMAP_00002469
train,6548,BDMAP_00003755
train,6549,BDMAP_00002326
train,6550,BDMAP_00000461
train,6551,BDMAP_00005164
train,6552,BDMAP_00004184
train,6553,BDMAP_00005527
train,6554,BDMAP_00004083
train,6555,BDMAP_00001487
train,6556,BDMAP_00003679
train,6557,BDMAP_00000283
train,6558,BDMAP_00004559
train,6559,BDMAP_00004309
train,6560,BDMAP_00004866
train,6561,BDMAP_00003538
train,6562,BDMAP_00007304
train,6563,BDMAP_00002582
train,6564,BDMAP_00001369
train,6565,BDMAP_00008770
train,6566,BDMAP_00008909
train,6567,BDMAP_00000598
train,6568,BDMAP_00004352
train,6569,BDMAP_00006347
train,6570,BDMAP_00008306
train,6571,BDMAP_00006380
train,6572,BDMAP_00004759
train,6573,BDMAP_00000647
train,6574,BDMAP_00006382
train,6575,BDMAP_00008982
train,6576,BDMAP_00006024
train,6577,BDMAP_00006762
train,6578,BDMAP_00003469
train,6579,BDMAP_00006780
train,6580,BDMAP_00002991
train,6581,BDMAP_00008713
train,6582,BDMAP_00004876
train,6583,BDMAP_00002545
train,6584,BDMAP_00007888
train,6585,BDMAP_00005342
train,6586,BDMAP_00007602
train,6587,BDMAP_00009257
train,6588,BDMAP_00004067
train,6589,BDMAP_00003989
train,6590,BDMAP_00002161
train,6591,BDMAP_00000686
train,6592,BDMAP_00006614
train,6593,BDMAP_00003244
train,6594,BDMAP_00007467
train,6595,BDMAP_00008557
train,6596,BDMAP_00008022
train,6597,BDMAP_00004084
train,6598,BDMAP_00002838
train,6599,BDMAP_00003698
train,6600,BDMAP_00006268
train,6601,BDMAP_00004942
train,6602,BDMAP_00005947
train,6603,BDMAP_00004584
train,6604,BDMAP_00005785
train,6605,BDMAP_00004041
train,6606,BDMAP_00002231
train,6607,BDMAP_00008726
train,6608,BDMAP_00002321
train,6609,BDMAP_00004879
train,6610,BDMAP_00000522
train,6611,BDMAP_00000523
train,6612,BDMAP_00005346
train,6613,BDMAP_00008093
train,6614,BDMAP_00001312
train,6615,BDMAP_00003984
train,6616,BDMAP_00006495
train,6617,BDMAP_00008856
train,6618,BDMAP_00007822
train,6619,BDMAP_00000781
train,6620,BDMAP_00008108
train,6621,BDMAP_00007032
train,6622,BDMAP_00005608
train,6623,BDMAP_00005979
train,6624,BDMAP_00000652
train,6625,BDMAP_00007736
train,6626,BDMAP_00002197
train,6627,BDMAP_00007368
train,6628,BDMAP_00000370
train,6629,BDMAP_00006803
train,6630,BDMAP_00004215
train,6631,BDMAP_00000378
train,6632,BDMAP_00007305
train,6633,BDMAP_00002217
train,6634,BDMAP_00009196
train,6635,BDMAP_00001614
train,6636,BDMAP_00001828
train,6637,BDMAP_00003633
train,6638,BDMAP_00000963
train,6639,BDMAP_00002994
train,6640,BDMAP_00006607
train,6641,BDMAP_00008958
train,6642,BDMAP_00007899
train,6643,BDMAP_00007033
train,6644,BDMAP_00000360
train,6645,BDMAP_00003840
train,6646,BDMAP_00006946
train,6647,BDMAP_00001247
train,6648,BDMAP_00007245
train,6649,BDMAP_00006512
train,6650,BDMAP_00005088
train,6651,BDMAP_00003695
train,6652,BDMAP_00001574
train,6653,BDMAP_00006282
train,6654,BDMAP_00007608
train,6655,BDMAP_00002568
train,6656,BDMAP_00003424
train,6657,BDMAP_00002038
train,6658,BDMAP_00008554
train,6659,BDMAP_00000773
train,6660,BDMAP_00005381
train,6661,BDMAP_00008861
train,6662,BDMAP_00003563
train,6663,BDMAP_00000563
train,6664,BDMAP_00002547
train,6665,BDMAP_00005511
train,6666,BDMAP_00005331
train,6667,BDMAP_00006875
train,6668,BDMAP_00004532
train,6669,BDMAP_00001675
train,6670,BDMAP_00000366
train,6671,BDMAP_00006954
train,6672,BDMAP_00006706
train,6673,BDMAP_00004328
train,6674,BDMAP_00009246
train,6675,BDMAP_00000148
train,6676,BDMAP_00001669
train,6677,BDMAP_00003089
train,6678,BDMAP_00008179
train,6679,BDMAP_00000408
train,6680,BDMAP_00008876
train,6681,BDMAP_00003457
train,6682,BDMAP_00006187
train,6683,BDMAP_00004183
train,6684,BDMAP_00003577
train,6685,BDMAP_00003272
train,6686,BDMAP_00004941
train,6687,BDMAP_00001032
train,6688,BDMAP_00006794
train,6689,BDMAP_00006231
train,6690,BDMAP_00006593
train,6691,BDMAP_00009086
train,6692,BDMAP_00006824
train,6693,BDMAP_00000856
train,6694,BDMAP_00003927
train,6695,BDMAP_00000079
train,6696,BDMAP_00002248
train,6697,BDMAP_00007927
train,6698,BDMAP_00009215
train,6699,BDMAP_00008864
train,6700,BDMAP_00008020
train,6701,BDMAP_00007145
train,6702,BDMAP_00000789
train,6703,BDMAP_00002280
train,6704,BDMAP_00004096
train,6705,BDMAP_00003898
train,6706,BDMAP_00006754
train,6707,BDMAP_00008398
train,6708,BDMAP_00008754
train,6709,BDMAP_00003632
train,6710,BDMAP_00007766
train,6711,BDMAP_00006273
train,6712,BDMAP_00000425
train,6713,BDMAP_00000393
train,6714,BDMAP_00007744
train,6715,BDMAP_00000017
train,6716,BDMAP_00007753
train,6717,BDMAP_00004201
train,6718,BDMAP_00002673
train,6719,BDMAP_00002445
train,6720,BDMAP_00006698
train,6721,BDMAP_00007427
train,6722,BDMAP_00007014
train,6723,BDMAP_00003494
train,6724,BDMAP_00006045
train,6725,BDMAP_00001460
train,6726,BDMAP_00007494
train,6727,BDMAP_00007570
train,6728,BDMAP_00007008
train,6729,BDMAP_00006887
train,6730,BDMAP_00003836
train,6731,BDMAP_00008623
train,6732,BDMAP_00005684
train,6733,BDMAP_00008023
train,6734,BDMAP_00005828
train,6735,BDMAP_00009027
train,6736,BDMAP_00004725
train,6737,BDMAP_00008046
train,6738,BDMAP_00005888
train,6739,BDMAP_00002356
train,6740,BDMAP_00006037
train,6741,BDMAP_00004799
train,6742,BDMAP_00002443
train,6743,BDMAP_00007020
train,6744,BDMAP_00004593
train,6745,BDMAP_00008065
train,6746,BDMAP_00000465
train,6747,BDMAP_00000164
train,6748,BDMAP_00009188
train,6749,BDMAP_00008737
train,6750,BDMAP_00007349
train,6751,BDMAP_00009054
train,6752,BDMAP_00006637
train,6753,BDMAP_00000242
train,6754,BDMAP_00002010
train,6755,BDMAP_00006357
train,6756,BDMAP_00003085
train,6757,BDMAP_00006209
train,6758,BDMAP_00000901
train,6759,BDMAP_00005543
train,6760,BDMAP_00007929
train,6761,BDMAP_00008112
train,6762,BDMAP_00004838
train,6763,BDMAP_00002294
train,6764,BDMAP_00006549
train,6765,BDMAP_00006783
train,6766,BDMAP_00004482
train,6767,BDMAP_00005303
train,6768,BDMAP_00004606
train,6769,BDMAP_00003717
train,6770,BDMAP_00009236
train,6771,BDMAP_00006141
train,6772,BDMAP_00001765
train,6773,BDMAP_00007633
train,6774,BDMAP_00001550
train,6775,BDMAP_00003030
train,6776,BDMAP_00007832
train,6777,BDMAP_00006299
train,6778,BDMAP_00006663
train,6779,BDMAP_00006627
train,6780,BDMAP_00002045
train,6781,BDMAP_00000768
train,6782,BDMAP_00005694
train,6783,BDMAP_00001509
train,6784,BDMAP_00003303
train,6785,BDMAP_00004518
train,6786,BDMAP_00004220
train,6787,BDMAP_00008400
train,6788,BDMAP_00006791
train,6789,BDMAP_00003293
train,6790,BDMAP_00000820
train,6791,BDMAP_00001404
train,6792,BDMAP_00001383
train,6793,BDMAP_00002149
train,6794,BDMAP_00005672
train,6795,BDMAP_00001639
train,6796,BDMAP_00005892
train,6797,BDMAP_00000609
train,6798,BDMAP_00000400
train,6799,BDMAP_00006407
train,6800,BDMAP_00000883
train,6801,BDMAP_00003566
train,6802,BDMAP_00004286
train,6803,BDMAP_00001180
train,6804,BDMAP_00005449
train,6805,BDMAP_00004245
train,6806,BDMAP_00005219
train,6807,BDMAP_00007083
train,6808,BDMAP_00002131
train,6809,BDMAP_00005079
train,6810,BDMAP_00000457
train,6811,BDMAP_00007880
train,6812,BDMAP_00005176
train,6813,BDMAP_00001951
train,6814,BDMAP_00005373
train,6815,BDMAP_00000690
train,6816,BDMAP_00008193
train,6817,BDMAP_00006526
train,6818,BDMAP_00009096
train,6819,BDMAP_00006489
train,6820,BDMAP_00001954
train,6821,BDMAP_00005637
train,6822,BDMAP_00007377
train,6823,BDMAP_00006611
train,6824,BDMAP_00002711
train,6825,BDMAP_00007660
train,6826,BDMAP_00007701
train,6827,BDMAP_00004350
train,6828,BDMAP_00004139
train,6829,BDMAP_00001885
train,6830,BDMAP_00008889
train,6831,BDMAP_00004486
train,6832,BDMAP_00002495
train,6833,BDMAP_00007430
train,6834,BDMAP_00003037
train,6835,BDMAP_00005778
train,6836,BDMAP_00003604
train,6837,BDMAP_00000846
train,6838,BDMAP_00000543
train,6839,BDMAP_00003725
train,6840,BDMAP_00004188
train,6841,BDMAP_00003680
train,6842,BDMAP_00008234
train,6843,BDMAP_00006076
train,6844,BDMAP_00007017
train,6845,BDMAP_00008333
train,6846,BDMAP_00007134
train,6847,BDMAP_00002965
train,6848,BDMAP_00002530
train,6849,BDMAP_00005773
train,6850,BDMAP_00001049
train,6851,BDMAP_00001961
train,6852,BDMAP_00002531
train,6853,BDMAP_00007639
train,6854,BDMAP_00006525
train,6855,BDMAP_00000238
train,6856,BDMAP_00004918
train,6857,BDMAP_00006480
train,6858,BDMAP_00001134
train,6859,BDMAP_00005902
train,6860,BDMAP_00008379
train,6861,BDMAP_00004260
train,6862,BDMAP_00008235
train,6863,BDMAP_00009242
train,6864,BDMAP_00008405
train,6865,BDMAP_00007793
train,6866,BDMAP_00005657
train,6867,BDMAP_00008994
train,6868,BDMAP_00006098
train,6869,BDMAP_00005908
train,6870,BDMAP_00002979
train,6871,BDMAP_00008201
train,6872,BDMAP_00006722
train,6873,BDMAP_00005525
train,6874,BDMAP_00007973
train,6875,BDMAP_00007004
train,6876,BDMAP_00007733
train,6877,BDMAP_00003920
train,6878,BDMAP_00003139
train,6879,BDMAP_00008722
train,6880,BDMAP_00005790
train,6881,BDMAP_00004074
train,6882,BDMAP_00003288
train,6883,BDMAP_00003230
train,6884,BDMAP_00001827
train,6885,BDMAP_00005549
train,6886,BDMAP_00000594
train,6887,BDMAP_00002726
train,6888,BDMAP_00004138
train,6889,BDMAP_00000561
train,6890,BDMAP_00008119
train,6891,BDMAP_00007909
train,6892,BDMAP_00000244
train,6893,BDMAP_00005436
train,6894,BDMAP_00004438
train,6895,BDMAP_00007206
train,6896,BDMAP_00000406
train,6897,BDMAP_00001443
train,6898,BDMAP_00000262
train,6899,BDMAP_00006958
train,6900,BDMAP_00008831
train,6901,BDMAP_00001690
train,6902,BDMAP_00001726
train,6903,BDMAP_00009253
train,6904,BDMAP_00004931
train,6905,BDMAP_00005963
train,6906,BDMAP_00002497
train,6907,BDMAP_00006905
train,6908,BDMAP_00006107
train,6909,BDMAP_00006975
train,6910,BDMAP_00000341
train,6911,BDMAP_00007247
train,6912,BDMAP_00001602
train,6913,BDMAP_00009135
train,6914,BDMAP_00007712
train,6915,BDMAP_00005783
train,6916,BDMAP_00004577
train,6917,BDMAP_00003726
train,6918,BDMAP_00002557
train,6919,BDMAP_00002786
train,6920,BDMAP_00001524
train,6921,BDMAP_00008603
train,6922,BDMAP_00002832
train,6923,BDMAP_00001013
train,6924,BDMAP_00007318
train,6925,BDMAP_00004896
train,6926,BDMAP_00001767
train,6927,BDMAP_00004552
train,6928,BDMAP_00006550
train,6929,BDMAP_00004038
train,6930,BDMAP_00007624
train,6931,BDMAP_00000149
train,6932,BDMAP_00000286
train,6933,BDMAP_00008937
train,6934,BDMAP_00000364
train,6935,BDMAP_00005368
train,6936,BDMAP_00009211
train,6937,BDMAP_00007355
train,6938,BDMAP_00009001
train,6939,BDMAP_00004726
train,6940,BDMAP_00006771
train,6941,BDMAP_00004444
train,6942,BDMAP_00000237
train,6943,BDMAP_00008877
train,6944,BDMAP_00002563
train,6945,BDMAP_00007265
train,6946,BDMAP_00008893
train,6947,BDMAP_00005520
train,6948,BDMAP_00009117
train,6949,BDMAP_00003084
train,6950,BDMAP_00002960
train,6951,BDMAP_00002103
train,6952,BDMAP_00000633
train,6953,BDMAP_00008923
train,6954,BDMAP_00002494
train,6955,BDMAP_00002666
train,6956,BDMAP_00007523
train,6957,BDMAP_00004407
train,6958,BDMAP_00007625
train,6959,BDMAP_00007378
train,6960,BDMAP_00002335
train,6961,BDMAP_00007953
train,6962,BDMAP_00006597
train,6963,BDMAP_00003620
train,6964,BDMAP_00005562
train,6965,BDMAP_00003884
train,6966,BDMAP_00007045
train,6967,BDMAP_00004212
train,6968,BDMAP_00008805
train,6969,BDMAP_00001495
train,6970,BDMAP_00002402
train,6971,BDMAP_00003875
train,6972,BDMAP_00001233
train,6973,BDMAP_00002662
train,6974,BDMAP_00002818
train,6975,BDMAP_00007094
train,6976,BDMAP_00002775
train,6977,BDMAP_00009090
train,6978,BDMAP_00008212
train,6979,BDMAP_00004154
train,6980,BDMAP_00007732
train,6981,BDMAP_00003062
train,6982,BDMAP_00000067
train,6983,BDMAP_00009212
train,6984,BDMAP_00001736
train,6985,BDMAP_00002824
train,6986,BDMAP_00006293
train,6987,BDMAP_00007906
train,6988,BDMAP_00008047
train,6989,BDMAP_00002476
train,6990,BDMAP_00002565
train,6991,BDMAP_00009247
train,6992,BDMAP_00003714
train,6993,BDMAP_00008942
train,6994,BDMAP_00008308
train,6995,BDMAP_00008019
train,6996,BDMAP_00000708
train,6997,BDMAP_00003047
train,6998,BDMAP_00008504
train,6999,BDMAP_00005190
train,7000,BDMAP_00007915
train,7001,BDMAP_00005473
train,7002,BDMAP_00006792
train,7003,BDMAP_00000073
train,7004,BDMAP_00006019
train,7005,BDMAP_00004449
train,7006,BDMAP_00005861
train,7007,BDMAP_00004840
train,7008,BDMAP_00004132
train,7009,BDMAP_00005102
train,7010,BDMAP_00006765
train,7011,BDMAP_00001191
train,7012,BDMAP_00006432
train,7013,BDMAP_00002602
train,7014,BDMAP_00001126
train,7015,BDMAP_00001242
train,7016,BDMAP_00007066
train,7017,BDMAP_00003603
train,7018,BDMAP_00002350
train,7019,BDMAP_00007782
train,7020,BDMAP_00003352
train,7021,BDMAP_00005095
train,7022,BDMAP_00006603
train,7023,BDMAP_00004009
train,7024,BDMAP_00006781
train,7025,BDMAP_00001578
train,7026,BDMAP_00003907
train,7027,BDMAP_00003730
train,7028,BDMAP_00004359
train,7029,BDMAP_00005923
train,7030,BDMAP_00001344
train,7031,BDMAP_00009251
train,7032,BDMAP_00007885
train,7033,BDMAP_00000441
train,7034,BDMAP_00006653
train,7035,BDMAP_00001101
train,7036,BDMAP_00002638
train,7037,BDMAP_00007332
train,7038,BDMAP_00000650
train,7039,BDMAP_00001547
train,7040,BDMAP_00007889
train,7041,BDMAP_00007913
train,7042,BDMAP_00002853
train,7043,BDMAP_00003504
train,7044,BDMAP_00007485
train,7045,BDMAP_00006805
train,7046,BDMAP_00000631
train,7047,BDMAP_00004769
train,7048,BDMAP_00001250
train,7049,BDMAP_00007111
train,7050,BDMAP_00000483
train,7051,BDMAP_00001585
train,7052,BDMAP_00006831
train,7053,BDMAP_00004677
train,7054,BDMAP_00006386
train,7055,BDMAP_00001463
train,7056,BDMAP_00003041
train,7057,BDMAP_00005011
train,7058,BDMAP_00007982
train,7059,BDMAP_00007001
train,7060,BDMAP_00003274
train,7061,BDMAP_00003684
train,7062,BDMAP_00006675
train,7063,BDMAP_00006808
train,7064,BDMAP_00004146
train,7065,BDMAP_00009017
train,7066,BDMAP_00007330
train,7067,BDMAP_00004955
train,7068,BDMAP_00003226
train,7069,BDMAP_00001073
train,7070,BDMAP_00004816
train,7071,BDMAP_00007454
train,7072,BDMAP_00002632
train,7073,BDMAP_00006826
train,7074,BDMAP_00001661
train,7075,BDMAP_00005753
train,7076,BDMAP_00002426
train,7077,BDMAP_00005080
train,7078,BDMAP_00008463
train,7079,BDMAP_00005903
train,7080,BDMAP_00007881
train,7081,BDMAP_00003098
train,7082,BDMAP_00003977
train,7083,BDMAP_00001244
train,7084,BDMAP_00007623
train,7085,BDMAP_00001301
train,7086,BDMAP_00007031
train,7087,BDMAP_00006285
train,7088,BDMAP_00009092
train,7089,BDMAP_00006703
train,7090,BDMAP_00005482
train,7091,BDMAP_00001709
train,7092,BDMAP_00005496
train,7093,BDMAP_00005292
train,7094,BDMAP_00001409
train,7095,BDMAP_00001846
train,7096,BDMAP_00001799
train,7097,BDMAP_00003958
train,7098,BDMAP_00001476
train,7099,BDMAP_00007524
train,7100,BDMAP_00000036
train,7101,BDMAP_00008683
train,7102,BDMAP_00006442
train,7103,BDMAP_00000445
train,7104,BDMAP_00002360
train,7105,BDMAP_00008687
train,7106,BDMAP_00003655
train,7107,BDMAP_00006303
train,7108,BDMAP_00007053
train,7109,BDMAP_00008144
train,7110,BDMAP_00003180
train,7111,BDMAP_00001287
train,7112,BDMAP_00007696
train,7113,BDMAP_00004446
train,7114,BDMAP_00003417
train,7115,BDMAP_00002138
train,7116,BDMAP_00006788
train,7117,BDMAP_00002637
train,7118,BDMAP_00004017
train,7119,BDMAP_00004098
train,7120,BDMAP_00001682
train,7121,BDMAP_00006814
train,7122,BDMAP_00009030
train,7123,BDMAP_00009101
train,7124,BDMAP_00005768
train,7125,BDMAP_00007196
train,7126,BDMAP_00005276
train,7127,BDMAP_00006895
train,7128,BDMAP_00001693
train,7129,BDMAP_00007662
train,7130,BDMAP_00008223
train,7131,BDMAP_00003636
train,7132,BDMAP_00000373
train,7133,BDMAP_00007970
train,7134,BDMAP_00006013
train,7135,BDMAP_00005454
train,7136,BDMAP_00005922
train,7137,BDMAP_00004883
train,7138,BDMAP_00004566
train,7139,BDMAP_00000141
train,7140,BDMAP_00004885
train,7141,BDMAP_00004420
train,7142,BDMAP_00008921
train,7143,BDMAP_00008356
train,7144,BDMAP_00000715
train,7145,BDMAP_00005924
train,7146,BDMAP_00006937
train,7147,BDMAP_00006543
train,7148,BDMAP_00005244
train,7149,BDMAP_00003189
train,7150,BDMAP_00008673
train,7151,BDMAP_00004432
train,7152,BDMAP_00009100
train,7153,BDMAP_00006763
train,7154,BDMAP_00000407
train,7155,BDMAP_00000021
train,7156,BDMAP_00001005
train,7157,BDMAP_00007299
train,7158,BDMAP_00004987
train,7159,BDMAP_00002412
train,7160,BDMAP_00002546
train,7161,BDMAP_00007776
train,7162,BDMAP_00002391
train,7163,BDMAP_00008260
train,7164,BDMAP_00000043
train,7165,BDMAP_00002831
train,7166,BDMAP_00005860
train,7167,BDMAP_00003372
train,7168,BDMAP_00003023
train,7169,BDMAP_00003365
train,7170,BDMAP_00004400
train,7171,BDMAP_00005253
train,7172,BDMAP_00000012
train,7173,BDMAP_00004761
train,7174,BDMAP_00001178
train,7175,BDMAP_00006773
train,7176,BDMAP_00001948
train,7177,BDMAP_00002502
train,7178,BDMAP_00008590
train,7179,BDMAP_00002864
train,7180,BDMAP_00007869
train,7181,BDMAP_00003866
train,7182,BDMAP_00006229
train,7183,BDMAP_00001027
train,7184,BDMAP_00003849
train,7185,BDMAP_00002990
train,7186,BDMAP_00000962
train,7187,BDMAP_00002890
train,7188,BDMAP_00007118
train,7189,BDMAP_00003016
train,7190,BDMAP_00007011
train,7191,BDMAP_00003339
train,7192,BDMAP_00006106
train,7193,BDMAP_00006246
train,7194,BDMAP_00008204
train,7195,BDMAP_00006435
train,7196,BDMAP_00007346
train,7197,BDMAP_00000736
train,7198,BDMAP_00004401
train,7199,BDMAP_00001441
train,7200,BDMAP_00009026
train,7201,BDMAP_00008836
train,7202,BDMAP_00002876
train,7203,BDMAP_00003987
train,7204,BDMAP_00000917
train,7205,BDMAP_00008419
train,7206,BDMAP_00008090
train,7207,BDMAP_00004090
train,7208,BDMAP_00008879
train,7209,BDMAP_00008100
train,7210,BDMAP_00002773
train,7211,BDMAP_00001625
train,7212,BDMAP_00000455
train,7213,BDMAP_00000822
train,7214,BDMAP_00001368
train,7215,BDMAP_00003713
train,7216,BDMAP_00009125
train,7217,BDMAP_00001389
train,7218,BDMAP_00000851
train,7219,BDMAP_00001001
train,7220,BDMAP_00007711
train,7221,BDMAP_00007718
train,7222,BDMAP_00004115
train,7223,BDMAP_00001638
train,7224,BDMAP_00001668
train,7225,BDMAP_00004590
train,7226,BDMAP_00003174
train,7227,BDMAP_00007895
train,7228,BDMAP_00001348
train,7229,BDMAP_00008750
train,7230,BDMAP_00008953
train,7231,BDMAP_00003231
train,7232,BDMAP_00007567
train,7233,BDMAP_00007951
train,7234,BDMAP_00008331
train,7235,BDMAP_00007826
train,7236,BDMAP_00004784
train,7237,BDMAP_00008102
train,7238,BDMAP_00003233
train,7239,BDMAP_00005705
train,7240,BDMAP_00008927
train,7241,BDMAP_00000704
train,7242,BDMAP_00005106
train,7243,BDMAP_00008228
train,7244,BDMAP_00003292
train,7245,BDMAP_00003674
train,7246,BDMAP_00002409
train,7247,BDMAP_00008873
train,7248,BDMAP_00001328
train,7249,BDMAP_00008919
train,7250,BDMAP_00005774
train,7251,BDMAP_00006096
train,7252,BDMAP_00005407
train,7253,BDMAP_00008345
train,7254,BDMAP_00007598
train,7255,BDMAP_00006084
train,7256,BDMAP_00004910
train,7257,BDMAP_00004441
train,7258,BDMAP_00001864
train,7259,BDMAP_00000987
train,7260,BDMAP_00004684
train,7261,BDMAP_00003953
train,7262,BDMAP_00008185
train,7263,BDMAP_00008547
train,7264,BDMAP_00008384
train,7265,BDMAP_00004050
train,7266,BDMAP_00006258
train,7267,BDMAP_00003486
train,7268,BDMAP_00006090
train,7269,BDMAP_00002475
train,7270,BDMAP_00005239
train,7271,BDMAP_00006455
train,7272,BDMAP_00003874
train,7273,BDMAP_00001199
train,7274,BDMAP_00004182
train,7275,BDMAP_00001519
train,7276,BDMAP_00008392
train,7277,BDMAP_00005478
train,7278,BDMAP_00006813
train,7279,BDMAP_00001800
train,7280,BDMAP_00001015
train,7281,BDMAP_00000129
train,7282,BDMAP_00001365
train,7283,BDMAP_00007984
train,7284,BDMAP_00007176
train,7285,BDMAP_00004471
train,7286,BDMAP_00000892
train,7287,BDMAP_00002794
train,7288,BDMAP_00001970
train,7289,BDMAP_00005456
train,7290,BDMAP_00004404
train,7291,BDMAP_00005758
train,7292,BDMAP_00006528
train,7293,BDMAP_00006295
train,7294,BDMAP_00003924
train,7295,BDMAP_00005414
train,7296,BDMAP_00008536
train,7297,BDMAP_00003250
train,7298,BDMAP_00006571
train,7299,BDMAP_00006639
train,7300,BDMAP_00008486
train,7301,BDMAP_00008012
train,7302,BDMAP_00001209
train,7303,BDMAP_00003869
train,7304,BDMAP_00008748
train,7305,BDMAP_00004066
train,7306,BDMAP_00008517
train,7307,BDMAP_00007868
train,7308,BDMAP_00001240
train,7309,BDMAP_00002290
train,7310,BDMAP_00002741
train,7311,BDMAP_00000276
train,7312,BDMAP_00004586
train,7313,BDMAP_00001036
train,7314,BDMAP_00001230
train,7315,BDMAP_00006835
train,7316,BDMAP_00001009
train,7317,BDMAP_00005281
train,7318,BDMAP_00007941
train,7319,BDMAP_00005179
train,7320,BDMAP_00003829
train,7321,BDMAP_00002533
train,7322,BDMAP_00004294
train,7323,BDMAP_00001059
train,7324,BDMAP_00006263
train,7325,BDMAP_00007169
train,7326,BDMAP_00007706
train,7327,BDMAP_00000282
train,7328,BDMAP_00001044
train,7329,BDMAP_00001317
train,7330,BDMAP_00006655
train,7331,BDMAP_00000969
train,7332,BDMAP_00002382
train,7333,BDMAP_00003954
train,7334,BDMAP_00001940
train,7335,BDMAP_00007464
train,7336,BDMAP_00001275
train,7337,BDMAP_00000620
train,7338,BDMAP_00007546
train,7339,BDMAP_00001743
train,7340,BDMAP_00001391
train,7341,BDMAP_00002204
train,7342,BDMAP_00005944
train,7343,BDMAP_00001580
train,7344,BDMAP_00001656
train,7345,BDMAP_00003569
train,7346,BDMAP_00002353
train,7347,BDMAP_00002213
train,7348,BDMAP_00006117
train,7349,BDMAP_00009234
train,7350,BDMAP_00006053
train,7351,BDMAP_00003179
train,7352,BDMAP_00003193
train,7353,BDMAP_00001308
train,7354,BDMAP_00006100
train,7355,BDMAP_00007030
train,7356,BDMAP_00000576
train,7357,BDMAP_00002361
train,7358,BDMAP_00006657
train,7359,BDMAP_00007116
train,7360,BDMAP_00005803
train,7361,BDMAP_00008114
train,7362,BDMAP_00007814
train,7363,BDMAP_00001281
train,7364,BDMAP_00008313
train,7365,BDMAP_00004958
train,7366,BDMAP_00008382
train,7367,BDMAP_00005898
train,7368,BDMAP_00005725
train,7369,BDMAP_00001994
train,7370,BDMAP_00002640
train,7371,BDMAP_00000270
train,7372,BDMAP_00000630
train,7373,BDMAP_00008304
train,7374,BDMAP_00003082
train,7375,BDMAP_00003467
train,7376,BDMAP_00006431
train,7377,BDMAP_00008621
train,7378,BDMAP_00007063
train,7379,BDMAP_00004397
train,7380,BDMAP_00004024
train,7381,BDMAP_00009008
train,7382,BDMAP_00005544
train,7383,BDMAP_00005569
train,7384,BDMAP_00002047
train,7385,BDMAP_00004357
train,7386,BDMAP_00008140
train,7387,BDMAP_00007671
train,7388,BDMAP_00002114
train,7389,BDMAP_00000028
train,7390,BDMAP_00002041
train,7391,BDMAP_00003929
train,7392,BDMAP_00002939
train,7393,BDMAP_00003217
train,7394,BDMAP_00004934
train,7395,BDMAP_00003815
train,7396,BDMAP_00000130
train,7397,BDMAP_00007698
train,7398,BDMAP_00006105
train,7399,BDMAP_00002279
train,7400,BDMAP_00004600
train,7401,BDMAP_00000014
train,7402,BDMAP_00008537
train,7403,BDMAP_00004477
train,7404,BDMAP_00005948
train,7405,BDMAP_00001526
train,7406,BDMAP_00002366
train,7407,BDMAP_00004649
train,7408,BDMAP_00003053
train,7409,BDMAP_00004006
train,7410,BDMAP_00006981
train,7411,BDMAP_00002341
train,7412,BDMAP_00000375
train,7413,BDMAP_00007573
train,7414,BDMAP_00006478
train,7415,BDMAP_00000526
train,7416,BDMAP_00000940
train,7417,BDMAP_00003370
train,7418,BDMAP_00005719
train,7419,BDMAP_00004574
train,7420,BDMAP_00006896
train,7421,BDMAP_00002148
train,7422,BDMAP_00003592
train,7423,BDMAP_00004890
train,7424,BDMAP_00008807
train,7425,BDMAP_00002959
train,7426,BDMAP_00006165
train,7427,BDMAP_00003624
train,7428,BDMAP_00000530
train,7429,BDMAP_00008885
train,7430,BDMAP_00003715
train,7431,BDMAP_00008101
train,7432,BDMAP_00004733
train,7433,BDMAP_00001270
train,7434,BDMAP_00004282
train,7435,BDMAP_00001395
train,7436,BDMAP_00004851
train,7437,BDMAP_00004010
train,7438,BDMAP_00004391
train,7439,BDMAP_00001798
train,7440,BDMAP_00002980
train,7441,BDMAP_00001442
train,7442,BDMAP_00007765
train,7443,BDMAP_00002626
train,7444,BDMAP_00003812
train,7445,BDMAP_00005632
train,7446,BDMAP_00007783
train,7447,BDMAP_00007285
train,7448,BDMAP_00001274
train,7449,BDMAP_00006564
train,7450,BDMAP_00004704
train,7451,BDMAP_00007091
train,7452,BDMAP_00001713
train,7453,BDMAP_00009033
train,7454,BDMAP_00000956
train,7455,BDMAP_00006676
train,7456,BDMAP_00007692
train,7457,BDMAP_00008238
train,7458,BDMAP_00008682
train,7459,BDMAP_00008860
train,7460,BDMAP_00008050
train,7461,BDMAP_00000404
train,7462,BDMAP_00002072
train,7463,BDMAP_00009019
train,7464,BDMAP_00001978
train,7465,BDMAP_00000159
train,7466,BDMAP_00005845
train,7467,BDMAP_00007006
train,7468,BDMAP_00003889
train,7469,BDMAP_00005452
train,7470,BDMAP_00000903
train,7471,BDMAP_00000353
train,7472,BDMAP_00005327
train,7473,BDMAP_00006079
train,7474,BDMAP_00006237
train,7475,BDMAP_00004541
train,7476,BDMAP_00004131
train,7477,BDMAP_00000755
train,7478,BDMAP_00005834
train,7479,BDMAP_00002972
train,7480,BDMAP_00001083
train,7481,BDMAP_00002921
train,7482,BDMAP_00000312
train,7483,BDMAP_00004645
train,7484,BDMAP_00000662
train,7485,BDMAP_00007058
train,7486,BDMAP_00001990
train,7487,BDMAP_00003666
train,7488,BDMAP_00000307
train,7489,BDMAP_00002336
train,7490,BDMAP_00004791
train,7491,BDMAP_00002357
train,7492,BDMAP_00003703
train,7493,BDMAP_00003805
train,7494,BDMAP_00001928
train,7495,BDMAP_00008640
train,7496,BDMAP_00003428
train,7497,BDMAP_00000750
train,7498,BDMAP_00003639
train,7499,BDMAP_00007835
train,7500,BDMAP_00007558
train,7501,BDMAP_00001267
train,7502,BDMAP_00007600
train,7503,BDMAP_00007878
train,7504,BDMAP_00002957
train,7505,BDMAP_00003596
train,7506,BDMAP_00002135
train,7507,BDMAP_00007180
train,7508,BDMAP_00007158
train,7509,BDMAP_00007122
train,7510,BDMAP_00005067
train,7511,BDMAP_00004110
train,7512,BDMAP_00004970
train,7513,BDMAP_00004905
train,7514,BDMAP_00007295
train,7515,BDMAP_00000515
train,7516,BDMAP_00000895
train,7517,BDMAP_00000410
train,7518,BDMAP_00007746
train,7519,BDMAP_00009243
train,7520,BDMAP_00003462
train,7521,BDMAP_00000900
train,7522,BDMAP_00000208
train,7523,BDMAP_00005204
train,7524,BDMAP_00000459
train,7525,BDMAP_00002055
train,7526,BDMAP_00002431
train,7527,BDMAP_00000251
train,7528,BDMAP_00008508
train,7529,BDMAP_00005438
train,7530,BDMAP_00001108
train,7531,BDMAP_00003390
train,7532,BDMAP_00005980
train,7533,BDMAP_00001714
train,7534,BDMAP_00003912
train,7535,BDMAP_00005384
train,7536,BDMAP_00000716
train,7537,BDMAP_00007538
train,7538,BDMAP_00000553
train,7539,BDMAP_00001440
train,7540,BDMAP_00002271
train,7541,BDMAP_00009118
train,7542,BDMAP_00003145
train,7543,BDMAP_00006918
train,7544,BDMAP_00002057
train,7545,BDMAP_00001926
train,7546,BDMAP_00000635
train,7547,BDMAP_00006083
train,7548,BDMAP_00000317
train,7549,BDMAP_00008580
train,7550,BDMAP_00008964
train,7551,BDMAP_00005425
train,7552,BDMAP_00000428
train,7553,BDMAP_00007707
train,7554,BDMAP_00000106
train,7555,BDMAP_00003042
train,7556,BDMAP_00004239
train,7557,BDMAP_00002170
train,7558,BDMAP_00001710
train,7559,BDMAP_00000090
train,7560,BDMAP_00007015
train,7561,BDMAP_00007334
train,7562,BDMAP_00002242
train,7563,BDMAP_00003175
train,7564,BDMAP_00007750
train,7565,BDMAP_00006260
train,7566,BDMAP_00006733
train,7567,BDMAP_00001950
train,7568,BDMAP_00004045
train,7569,BDMAP_00009119
train,7570,BDMAP_00002849
train,7571,BDMAP_00006369
train,7572,BDMAP_00000002
train,7573,BDMAP_00006140
train,7574,BDMAP_00004338
train,7575,BDMAP_00006048
train,7576,BDMAP_00000936
train,7577,BDMAP_00000714
train,7578,BDMAP_00002721
train,7579,BDMAP_00009218
train,7580,BDMAP_00005206
train,7581,BDMAP_00007943
train,7582,BDMAP_00000592
train,7583,BDMAP_00009087
train,7584,BDMAP_00007790
train,7585,BDMAP_00002937
train,7586,BDMAP_00008766
train,7587,BDMAP_00002449
train,7588,BDMAP_00001577
train,7589,BDMAP_00008267
train,7590,BDMAP_00003763
train,7591,BDMAP_00000214
train,7592,BDMAP_00000779
train,7593,BDMAP_00005512
train,7594,BDMAP_00003497
train,7595,BDMAP_00008135
train,7596,BDMAP_00002044
train,7597,BDMAP_00009016
train,7598,BDMAP_00008803
train,7599,BDMAP_00005421
train,7600,BDMAP_00006155
train,7601,BDMAP_00001568
train,7602,BDMAP_00000166
train,7603,BDMAP_00004703
train,7604,BDMAP_00003567
train,7605,BDMAP_00007939
train,7606,BDMAP_00009021
train,7607,BDMAP_00005440
train,7608,BDMAP_00002014
train,7609,BDMAP_00000274
train,7610,BDMAP_00003861
train,7611,BDMAP_00004168
train,7612,BDMAP_00008232
train,7613,BDMAP_00003789
train,7614,BDMAP_00005184
train,7615,BDMAP_00000395
train,7616,BDMAP_00000584
train,7617,BDMAP_00009180
train,7618,BDMAP_00009249
train,7619,BDMAP_00000117
train,7620,BDMAP_00006645
train,7621,BDMAP_00008357
train,7622,BDMAP_00006870
train,7623,BDMAP_00009216
train,7624,BDMAP_00009199
train,7625,BDMAP_00008291
train,7626,BDMAP_00000521
train,7627,BDMAP_00001764
train,7628,BDMAP_00001876
train,7629,BDMAP_00005356
train,7630,BDMAP_00003966
train,7631,BDMAP_00003345
train,7632,BDMAP_00006599
train,7633,BDMAP_00002254
train,7634,BDMAP_00006878
train,7635,BDMAP_00003225
train,7636,BDMAP_00000527
train,7637,BDMAP_00007759
train,7638,BDMAP_00002947
train,7639,BDMAP_00004474
train,7640,BDMAP_00003900
train,7641,BDMAP_00005656
train,7642,BDMAP_00000693
train,7643,BDMAP_00006060
train,7644,BDMAP_00000960
train,7645,BDMAP_00004445
train,7646,BDMAP_00008730
train,7647,BDMAP_00006343
train,7648,BDMAP_00006132
train,7649,BDMAP_00003634
train,7650,BDMAP_00005806
train,7651,BDMAP_00001051
train,7652,BDMAP_00000591
train,7653,BDMAP_00000520
train,7654,BDMAP_00003381
train,7655,BDMAP_00003677
train,7656,BDMAP_00005777
train,7657,BDMAP_00008368
train,7658,BDMAP_00006574
train,7659,BDMAP_00005180
train,7660,BDMAP_00001608
train,7661,BDMAP_00003611
train,7662,BDMAP_00009036
train,7663,BDMAP_00006636
train,7664,BDMAP_00009260
train,7665,BDMAP_00001810
train,7666,BDMAP_00000792
train,7667,BDMAP_00000793
train,7668,BDMAP_00003057
train,7669,BDMAP_00001856
train,7670,BDMAP_00008772
train,7671,BDMAP_00001981
train,7672,BDMAP_00003234
train,7673,BDMAP_00003599
train,7674,BDMAP_00000934
train,7675,BDMAP_00003964
train,7676,BDMAP_00007721
train,7677,BDMAP_00007425
train,7678,BDMAP_00005627
train,7679,BDMAP_00005507
train,7680,BDMAP_00007621
train,7681,BDMAP_00006073
train,7682,BDMAP_00001683
train,7683,BDMAP_00004180
train,7684,BDMAP_00004027
train,7685,BDMAP_00008691
train,7686,BDMAP_00006447
train,7687,BDMAP_00004117
train,7688,BDMAP_00000989
train,7689,BDMAP_00008001
train,7690,BDMAP_00008506
train,7691,BDMAP_00003454
train,7692,BDMAP_00002897
train,7693,BDMAP_00003779
train,7694,BDMAP_00005659
train,7695,BDMAP_00009028
train,7696,BDMAP_00003094
train,7697,BDMAP_00003156
train,7698,BDMAP_00005070
train,7699,BDMAP_00005807
train,7700,BDMAP_00003202
train,7701,BDMAP_00001824
train,7702,BDMAP_00008911
train,7703,BDMAP_00001099
train,7704,BDMAP_00008399
train,7705,BDMAP_00002845
train,7706,BDMAP_00000887
train,7707,BDMAP_00003343
train,7708,BDMAP_00008043
train,7709,BDMAP_00007657
train,7710,BDMAP_00006541
train,7711,BDMAP_00008656
train,7712,BDMAP_00006097
train,7713,BDMAP_00000516
train,7714,BDMAP_00003357
train,7715,BDMAP_00004834
train,7716,BDMAP_00001454
train,7717,BDMAP_00003554
train,7718,BDMAP_00003610
train,7719,BDMAP_00008974
train,7720,BDMAP_00004666
train,7721,BDMAP_00002507
train,7722,BDMAP_00002995
train,7723,BDMAP_00004000
train,7724,BDMAP_00006223
train,7725,BDMAP_00008996
train,7726,BDMAP_00009167
train,7727,BDMAP_00000907
train,7728,BDMAP_00000029
train,7729,BDMAP_00008539
train,7730,BDMAP_00002508
train,7731,BDMAP_00002429
train,7732,BDMAP_00005044
train,7733,BDMAP_00005347
train,7734,BDMAP_00000763
train,7735,BDMAP_00003748
train,7736,BDMAP_00004812
train,7737,BDMAP_00000285
train,7738,BDMAP_00000687
train,7739,BDMAP_00004800
train,7740,BDMAP_00007438
train,7741,BDMAP_00002354
train,7742,BDMAP_00006354
train,7743,BDMAP_00003192
train,7744,BDMAP_00004570
train,7745,BDMAP_00000022
train,7746,BDMAP_00002753
train,7747,BDMAP_00000886
train,7748,BDMAP_00008624
train,7749,BDMAP_00000918
train,7750,BDMAP_00008133
train,7751,BDMAP_00001041
train,7752,BDMAP_00006336
train,7753,BDMAP_00004827
train,7754,BDMAP_00007492
train,7755,BDMAP_00001266
train,7756,BDMAP_00004580
train,7757,BDMAP_00008576
train,7758,BDMAP_00007060
train,7759,BDMAP_00008914
train,7760,BDMAP_00000278
train,7761,BDMAP_00005085
train,7762,BDMAP_00002085
train,7763,BDMAP_00001246
train,7764,BDMAP_00002383
train,7765,BDMAP_00000572
train,7766,BDMAP_00001436
train,7767,BDMAP_00003903
train,7768,BDMAP_00005090
train,7769,BDMAP_00001248
train,7770,BDMAP_00007787
train,7771,BDMAP_00004682
train,7772,BDMAP_00003527
train,7773,BDMAP_00006558
train,7774,BDMAP_00002515
train,7775,BDMAP_00005446
train,7776,BDMAP_00001008
train,7777,BDMAP_00004771
train,7778,BDMAP_00006509
train,7779,BDMAP_00007000
train,7780,BDMAP_00004544
train,7781,BDMAP_00007816
train,7782,BDMAP_00008134
train,7783,BDMAP_00008863
train,7784,BDMAP_00004456
train,7785,BDMAP_00002065
train,7786,BDMAP_00005353
train,7787,BDMAP_00008188
train,7788,BDMAP_00001691
train,7789,BDMAP_00003118
train,7790,BDMAP_00008808
train,7791,BDMAP_00005344
train,7792,BDMAP_00001986
train,7793,BDMAP_00000295
train,7794,BDMAP_00001548
train,7795,BDMAP_00002013
train,7796,BDMAP_00000589
train,7797,BDMAP_00003330
train,7798,BDMAP_00002404
train,7799,BDMAP_00002130
train,7800,BDMAP_00003999
train,7801,BDMAP_00001575
train,7802,BDMAP_00003742
train,7803,BDMAP_00003509
train,7804,BDMAP_00008534
train,7805,BDMAP_00002720
train,7806,BDMAP_00008512
train,7807,BDMAP_00004522
train,7808,BDMAP_00006679
train,7809,BDMAP_00005151
train,7810,BDMAP_00002809
train,7811,BDMAP_00008830
train,7812,BDMAP_00000557
train,7813,BDMAP_00006277
train,7814,BDMAP_00008511
train,7815,BDMAP_00004796
train,7816,BDMAP_00002470
train,7817,BDMAP_00003739
train,7818,BDMAP_00004287
train,7819,BDMAP_00008363
train,7820,BDMAP_00005290
train,7821,BDMAP_00001717
train,7822,BDMAP_00007513
train,7823,BDMAP_00002605
train,7824,BDMAP_00000363
train,7825,BDMAP_00006925
train,7826,BDMAP_00001705
train,7827,BDMAP_00006960
train,7828,BDMAP_00007739
train,7829,BDMAP_00006715
train,7830,BDMAP_00006497
train,7831,BDMAP_00002140
train,7832,BDMAP_00003240
train,7833,BDMAP_00002384
train,7834,BDMAP_00007315
train,7835,BDMAP_00004312
train,7836,BDMAP_00001286
train,7837,BDMAP_00001313
train,7838,BDMAP_00005869
train,7839,BDMAP_00001997
train,7840,BDMAP_00003931
train,7841,BDMAP_00006184
train,7842,BDMAP_00005986
train,7843,BDMAP_00007853
train,7844,BDMAP_00001592
train,7845,BDMAP_00008965
train,7846,BDMAP_00008694
train,7847,BDMAP_00002163
train,7848,BDMAP_00002397
train,7849,BDMAP_00000318
train,7850,BDMAP_00006368
train,7851,BDMAP_00008747
train,7852,BDMAP_00003112
train,7853,BDMAP_00005234
train,7854,BDMAP_00004689
train,7855,BDMAP_00005069
train,7856,BDMAP_00004037
train,7857,BDMAP_00000796
train,7858,BDMAP_00003021
train,7859,BDMAP_00001712
train,7860,BDMAP_00003388
train,7861,BDMAP_00000037
train,7862,BDMAP_00004550
train,7863,BDMAP_00000914
train,7864,BDMAP_00005722
train,7865,BDMAP_00005296
train,7866,BDMAP_00003973
train,7867,BDMAP_00005371
train,7868,BDMAP_00006472
train,7869,BDMAP_00004134
train,7870,BDMAP_00000975
train,7871,BDMAP_00007292
train,7872,BDMAP_00000984
train,7873,BDMAP_00007394
train,7874,BDMAP_00000955
train,7875,BDMAP_00001419
train,7876,BDMAP_00007429
train,7877,BDMAP_00001561
train,7878,BDMAP_00004136
train,7879,BDMAP_00005583
train,7880,BDMAP_00004617
train,7881,BDMAP_00004266
train,7882,BDMAP_00001356
train,7883,BDMAP_00008616
train,7884,BDMAP_00005017
train,7885,BDMAP_00009011
train,7886,BDMAP_00007817
train,7887,BDMAP_00007709
train,7888,BDMAP_00000988
train,7889,BDMAP_00002683
train,7890,BDMAP_00007491
train,7891,BDMAP_00005048
train,7892,BDMAP_00001641
train,7893,BDMAP_00001291
train,7894,BDMAP_00003682
train,7895,BDMAP_00001381
train,7896,BDMAP_00001934
train,7897,BDMAP_00004676
train,7898,BDMAP_00002377
train,7899,BDMAP_00003161
train,7900,BDMAP_00002031
train,7901,BDMAP_00000893
train,7902,BDMAP_00007288
train,7903,BDMAP_00004877
train,7904,BDMAP_00004070
train,7905,BDMAP_00004256
train,7906,BDMAP_00000003
train,7907,BDMAP_00008387
train,7908,BDMAP_00008686
train,7909,BDMAP_00002110
train,7910,BDMAP_00000850
train,7911,BDMAP_00002738
train,7912,BDMAP_00002467
train,7913,BDMAP_00007658
train,7914,BDMAP_00001915
train,7915,BDMAP_00001597
train,7916,BDMAP_00005873
train,7917,BDMAP_00001914
train,7918,BDMAP_00005140
train,7919,BDMAP_00008980
train,7920,BDMAP_00005641
train,7921,BDMAP_00002737
train,7922,BDMAP_00000727
train,7923,BDMAP_00007215
train,7924,BDMAP_00000054
train,7925,BDMAP_00001797
train,7926,BDMAP_00007685
train,7927,BDMAP_00003846
train,7928,BDMAP_00006008
train,7929,BDMAP_00006403
train,7930,BDMAP_00002554
train,7931,BDMAP_00002801
train,7932,BDMAP_00000937
train,7933,BDMAP_00002266
train,7934,BDMAP_00000825
train,7935,BDMAP_00004322
train,7936,BDMAP_00007275
train,7937,BDMAP_00003402
train,7938,BDMAP_00001390
train,7939,BDMAP_00003565
train,7940,BDMAP_00007411
train,7941,BDMAP_00000885
train,7942,BDMAP_00005430
train,7943,BDMAP_00007743
train,7944,BDMAP_00007828
train,7945,BDMAP_00005704
train,7946,BDMAP_00005691
train,7947,BDMAP_00004868
train,7948,BDMAP_00006708
train,7949,BDMAP_00007879
train,7950,BDMAP_00007321
train,7951,BDMAP_00006370
train,7952,BDMAP_00001869
train,7953,BDMAP_00005182
train,7954,BDMAP_00000011
train,7955,BDMAP_00003416
train,7956,BDMAP_00005422
train,7957,BDMAP_00007487
train,7958,BDMAP_00001464
train,7959,BDMAP_00000807
train,7960,BDMAP_00004806
train,7961,BDMAP_00007548
train,7962,BDMAP_00008148
train,7963,BDMAP_00004069
train,7964,BDMAP_00002109
train,7965,BDMAP_00008469
train,7966,BDMAP_00002042
train,7967,BDMAP_00002235
train,7968,BDMAP_00007308
train,7969,BDMAP_00000964
train,7970,BDMAP_00007512
train,7971,BDMAP_00008127
train,7972,BDMAP_00004495
train,7973,BDMAP_00002633
train,7974,BDMAP_00006095
train,7975,BDMAP_00007093
train,7976,BDMAP_00000705
train,7977,BDMAP_00000432
train,7978,BDMAP_00007833
train,7979,BDMAP_00004389
train,7980,BDMAP_00006078
train,7981,BDMAP_00000146
train,7982,BDMAP_00006468
train,7983,BDMAP_00002034
train,7984,BDMAP_00007838
train,7985,BDMAP_00000376
train,7986,BDMAP_00001166
train,7987,BDMAP_00003501
train,7988,BDMAP_00002051
train,7989,BDMAP_00003761
train,7990,BDMAP_00002625
train,7991,BDMAP_00004485
train,7992,BDMAP_00004436
train,7993,BDMAP_00003431
train,7994,BDMAP_00008036
train,7995,BDMAP_00007070
train,7996,BDMAP_00004362
train,7997,BDMAP_00002425
train,7998,BDMAP_00001263
train,7999,BDMAP_00001772
train,8000,BDMAP_00003512
train,8001,BDMAP_00000272
train,8002,BDMAP_00004793
train,8003,BDMAP_00004844
train,8004,BDMAP_00000245
train,8005,BDMAP_00009114
train,8006,BDMAP_00004573
train,8007,BDMAP_00002033
train,8008,BDMAP_00005054
train,8009,BDMAP_00008194
train,8010,BDMAP_00000814
train,8011,BDMAP_00008950
train,8012,BDMAP_00006011
train,8013,BDMAP_00003811
train,8014,BDMAP_00005728
train,8015,BDMAP_00007584
train,8016,BDMAP_00009224
train,8017,BDMAP_00003213
train,8018,BDMAP_00001805
train,8019,BDMAP_00008605
train,8020,BDMAP_00004347
train,8021,BDMAP_00002462
train,8022,BDMAP_00000546
train,8023,BDMAP_00003242
train,8024,BDMAP_00000739
train,8025,BDMAP_00000311
train,8026,BDMAP_00003522
train,8027,BDMAP_00007038
train,8028,BDMAP_00001132
train,8029,BDMAP_00005546
train,8030,BDMAP_00000493
train,8031,BDMAP_00004112
train,8032,BDMAP_00007329
train,8033,BDMAP_00002770
train,8034,BDMAP_00007565
train,8035,BDMAP_00000921
train,8036,BDMAP_00009074
train,8037,BDMAP_00008438
train,8038,BDMAP_00003588
train,8039,BDMAP_00006641
train,8040,BDMAP_00003960
train,8041,BDMAP_00007695
train,8042,BDMAP_00000039
train,8043,BDMAP_00004460
train,8044,BDMAP_00007127
train,8045,BDMAP_00004279
train,8046,BDMAP_00007130
train,8047,BDMAP_00002984
train,8048,BDMAP_00005291
train,8049,BDMAP_00006949
train,8050,BDMAP_00000131
train,8051,BDMAP_00005218
train,8052,BDMAP_00007981
train,8053,BDMAP_00009189
train,8054,BDMAP_00002668
train,8055,BDMAP_00007139
train,8056,BDMAP_00003224
train,8057,BDMAP_00001183
train,8058,BDMAP_00007694
train,8059,BDMAP_00005393
train,8060,BDMAP_00000615
train,8061,BDMAP_00009172
train,8062,BDMAP_00001467
train,8063,BDMAP_00004498
train,8064,BDMAP_00003043
train,8065,BDMAP_00000935
train,8066,BDMAP_00002420
train,8067,BDMAP_00005086
train,8068,BDMAP_00003295
train,8069,BDMAP_00006738
train,8070,BDMAP_00001501
train,8071,BDMAP_00004823
train,8072,BDMAP_00000827
train,8073,BDMAP_00001522
train,8074,BDMAP_00008437
train,8075,BDMAP_00006832
train,8076,BDMAP_00002931
train,8077,BDMAP_00004233
train,8078,BDMAP_00007687
train,8079,BDMAP_00000629
train,8080,BDMAP_00004431
train,8081,BDMAP_00003854
train,8082,BDMAP_00000391
train,8083,BDMAP_00004346
train,8084,BDMAP_00009129
train,8085,BDMAP_00007125
train,8086,BDMAP_00005914
train,8087,BDMAP_00003991
train,8088,BDMAP_00000401
train,8089,BDMAP_00004807
train,8090,BDMAP_00005136
train,8091,BDMAP_00008286
train,8092,BDMAP_00003360
train,8093,BDMAP_00000047
train,8094,BDMAP_00005658
train,8095,BDMAP_00008045
train,8096,BDMAP_00000489
train,8097,BDMAP_00003994
train,8098,BDMAP_00003643
train,8099,BDMAP_00003727
train,8100,BDMAP_00008847
train,8101,BDMAP_00005209
train,8102,BDMAP_00006610
train,8103,BDMAP_00007705
train,8104,BDMAP_00005320
train,8105,BDMAP_00000710
train,8106,BDMAP_00007120
train,8107,BDMAP_00002422
train,8108,BDMAP_00005605
train,8109,BDMAP_00001751
train,8110,BDMAP_00009213
train,8111,BDMAP_00009154
train,8112,BDMAP_00004063
train,8113,BDMAP_00009000
train,8114,BDMAP_00000339
train,8115,BDMAP_00000216
train,8116,BDMAP_00003664
train,8117,BDMAP_00001342
train,8118,BDMAP_00008840
train,8119,BDMAP_00007983
train,8120,BDMAP_00005617
train,8121,BDMAP_00003895
train,8122,BDMAP_00003641
train,8123,BDMAP_00000330
train,8124,BDMAP_00008152
train,8125,BDMAP_00003005
train,8126,BDMAP_00006961
train,8127,BDMAP_00004091
train,8128,BDMAP_00008123
train,8129,BDMAP_00003116
train,8130,BDMAP_00009099
train,8131,BDMAP_00002323
train,8132,BDMAP_00006668
train,8133,BDMAP_00007010
train,8134,BDMAP_00004198
train,8135,BDMAP_00003550
train,8136,BDMAP_00001459
train,8137,BDMAP_00000172
train,8138,BDMAP_00004204
train,8139,BDMAP_00008620
train,8140,BDMAP_00003570
train,8141,BDMAP_00004227
train,8142,BDMAP_00008269
train,8143,BDMAP_00005159
train,8144,BDMAP_00004121
train,8145,BDMAP_00006186
train,8146,BDMAP_00001640
train,8147,BDMAP_00000939
train,8148,BDMAP_00000061
train,8149,BDMAP_00001241
train,8150,BDMAP_00005761
train,8151,BDMAP_00005137
train,8152,BDMAP_00002344
train,8153,BDMAP_00006857
train,8154,BDMAP_00002121
train,8155,BDMAP_00001525
train,8156,BDMAP_00007618
train,8157,BDMAP_00000154
train,8158,BDMAP_00006345
train,8159,BDMAP_00000482
train,8160,BDMAP_00006123
train,8161,BDMAP_00004461
train,8162,BDMAP_00007675
train,8163,BDMAP_00007102
train,8164,BDMAP_00003921
train,8165,BDMAP_00007659
train,8166,BDMAP_00007412
train,8167,BDMAP_00001763
train,8168,BDMAP_00007635
train,8169,BDMAP_00007316
train,8170,BDMAP_00000751
train,8171,BDMAP_00007716
train,8172,BDMAP_00001786
train,8173,BDMAP_00008402
train,8174,BDMAP_00007480
train,8175,BDMAP_00006213
train,8176,BDMAP_00004502
train,8177,BDMAP_00004854
train,8178,BDMAP_00002712
train,8179,BDMAP_00006767
train,8180,BDMAP_00004151
train,8181,BDMAP_00004194
train,8182,BDMAP_00001334
train,8183,BDMAP_00001251
train,8184,BDMAP_00006888
train,8185,BDMAP_00002855
train,8186,BDMAP_00000187
train,8187,BDMAP_00001137
train,8188,BDMAP_00008696
train,8189,BDMAP_00008991
train,8190,BDMAP_00002059
train,8191,BDMAP_00008441
train,8192,BDMAP_00003851
train,8193,BDMAP_00004125
train,8194,BDMAP_00008295
train,8195,BDMAP_00004789
train,8196,BDMAP_00002867
train,8197,BDMAP_00001387
train,8198,BDMAP_00005942
train,8199,BDMAP_00003068
train,8200,BDMAP_00008380
train,8201,BDMAP_00003630
train,8202,BDMAP_00009141
train,8203,BDMAP_00008281
train,8204,BDMAP_00003029
train,8205,BDMAP_00002970
train,8206,BDMAP_00006137
train,8207,BDMAP_00004264
train,8208,BDMAP_00000646
train,8209,BDMAP_00008939
train,8210,BDMAP_00002075
train,8211,BDMAP_00000342
train,8212,BDMAP_00008042
train,8213,BDMAP_00001623
train,8214,BDMAP_00007142
train,8215,BDMAP_00005797
train,8216,BDMAP_00007185
train,8217,BDMAP_00005476
train,8218,BDMAP_00008563
train,8219,BDMAP_00000075
train,8220,BDMAP_00008541
train,8221,BDMAP_00002052
train,8222,BDMAP_00002542
train,8223,BDMAP_00001302
train,8224,BDMAP_00005878
train,8225,BDMAP_00007369
train,8226,BDMAP_00001305
train,8227,BDMAP_00008415
train,8228,BDMAP_00002600
train,8229,BDMAP_00002574
train,8230,BDMAP_00003187
train,8231,BDMAP_00002769
train,8232,BDMAP_00004832
train,8233,BDMAP_00004224
train,8234,BDMAP_00008935
train,8235,BDMAP_00002107
train,8236,BDMAP_00002680
train,8237,BDMAP_00001388
train,8238,BDMAP_00008264
train,8239,BDMAP_00008945
train,8240,BDMAP_00007084
train,8241,BDMAP_00001280
train,8242,BDMAP_00000805
train,8243,BDMAP_00001556
train,8244,BDMAP_00008785
train,8245,BDMAP_00004567
train,8246,BDMAP_00008955
train,8247,BDMAP_00004842
train,8248,BDMAP_00003595
train,8249,BDMAP_00006036
train,8250,BDMAP_00006853
train,8251,BDMAP_00004178
train,8252,BDMAP_00001309
train,8253,BDMAP_00003453
train,8254,BDMAP_00003696
train,8255,BDMAP_00004243
train,8256,BDMAP_00002199
train,8257,BDMAP_00004426
train,8258,BDMAP_00006151
train,8259,BDMAP_00000944
train,8260,BDMAP_00000823
train,8261,BDMAP_00005006
train,8262,BDMAP_00006613
train,8263,BDMAP_00005620
train,8264,BDMAP_00004548
train,8265,BDMAP_00002539
train,8266,BDMAP_00005208
train,8267,BDMAP_00008813
train,8268,BDMAP_00008334
train,8269,BDMAP_00003055
train,8270,BDMAP_00003676
train,8271,BDMAP_00007777
train,8272,BDMAP_00007219
train,8273,BDMAP_00006723
train,8274,BDMAP_00003301
train,8275,BDMAP_00003311
train,8276,BDMAP_00007222
train,8277,BDMAP_00005955
train,8278,BDMAP_00000833
train,8279,BDMAP_00003463
train,8280,BDMAP_00007644
train,8281,BDMAP_00000055
train,8282,BDMAP_00003452
train,8283,BDMAP_00006306
train,8284,BDMAP_00001482
train,8285,BDMAP_00004874
train,8286,BDMAP_00008039
train,8287,BDMAP_00003336
train,8288,BDMAP_00006017
train,8289,BDMAP_00004927
train,8290,BDMAP_00005798
train,8291,BDMAP_00009106
train,8292,BDMAP_00005084
train,8293,BDMAP_00006646
train,8294,BDMAP_00005491
train,8295,BDMAP_00000769
train,8296,BDMAP_00002066
train,8297,BDMAP_00008799
train,8298,BDMAP_00007312
train,8299,BDMAP_00004525
train,8300,BDMAP_00002718
train,8301,BDMAP_00002080
train,8302,BDMAP_00000952
train,8303,BDMAP_00008059
train,8304,BDMAP_00002483
train,8305,BDMAP_00001760
train,8306,BDMAP_00004423
train,8307,BDMAP_00006705
train,8308,BDMAP_00005183
train,8309,BDMAP_00003702
train,8310,BDMAP_00004244
train,8311,BDMAP_00000689
train,8312,BDMAP_00003433
train,8313,BDMAP_00004945
train,8314,BDMAP_00000967
train,8315,BDMAP_00008783
train,8316,BDMAP_00002714
train,8317,BDMAP_00004758
train,8318,BDMAP_00008841
train,8319,BDMAP_00006321
train,8320,BDMAP_00005976
train,8321,BDMAP_00003573
train,8322,BDMAP_00005300
train,8323,BDMAP_00001991
train,8324,BDMAP_00001206
train,8325,BDMAP_00004972
train,8326,BDMAP_00006784
train,8327,BDMAP_00003601
train,8328,BDMAP_00006491
train,8329,BDMAP_00008071
train,8330,BDMAP_00007974
train,8331,BDMAP_00001626
train,8332,BDMAP_00000537
train,8333,BDMAP_00007971
train,8334,BDMAP_00004213
train,8335,BDMAP_00006457
train,8336,BDMAP_00004878
train,8337,BDMAP_00003648
train,8338,BDMAP_00005158
train,8339,BDMAP_00005146
train,8340,BDMAP_00002524
train,8341,BDMAP_00004232
train,8342,BDMAP_00003382
train,8343,BDMAP_00001225
train,8344,BDMAP_00002345
train,8345,BDMAP_00000638
train,8346,BDMAP_00000971
train,8347,BDMAP_00002457
train,8348,BDMAP_00001666
train,8349,BDMAP_00002749
train,8350,BDMAP_00000089
train,8351,BDMAP_00001057
train,8352,BDMAP_00001569
train,8353,BDMAP_00003315
train,8354,BDMAP_00001457
train,8355,BDMAP_00001958
train,8356,BDMAP_00000048
train,8357,BDMAP_00003096
train,8358,BDMAP_00001544
train,8359,BDMAP_00002875
train,8360,BDMAP_00003313
train,8361,BDMAP_00000246
train,8362,BDMAP_00004029
train,8363,BDMAP_00002499
train,8364,BDMAP_00002311
train,8365,BDMAP_00000120
train,8366,BDMAP_00004813
train,8367,BDMAP_00003249
train,8368,BDMAP_00001453
train,8369,BDMAP_00003468
train,8370,BDMAP_00003932
train,8371,BDMAP_00001929
train,8372,BDMAP_00000857
train,8373,BDMAP_00004520
train,8374,BDMAP_00003167
train,8375,BDMAP_00002153
train,8376,BDMAP_00000568
train,8377,BDMAP_00002907
train,8378,BDMAP_00002421
train,8379,BDMAP_00003957
train,8380,BDMAP_00003480
train,8381,BDMAP_00004043
train,8382,BDMAP_00004962
train,8383,BDMAP_00002009
train,8384,BDMAP_00002466
train,8385,BDMAP_00000004
train,8386,BDMAP_00001818
train,8387,BDMAP_00002030
train,8388,BDMAP_00001085
train,8389,BDMAP_00005059
train,8390,BDMAP_00004872
train,8391,BDMAP_00001759
train,8392,BDMAP_00000783
train,8393,BDMAP_00004424
train,8394,BDMAP_00004323
train,8395,BDMAP_00004467
train,8396,BDMAP_00002998
train,8397,BDMAP_00000458
train,8398,BDMAP_00004036
train,8399,BDMAP_00003708
train,8400,BDMAP_00001692
train,8401,BDMAP_00001795
train,8402,BDMAP_00000564
train,8403,BDMAP_00003661
train,8404,BDMAP_00003020
train,8405,BDMAP_00000132
train,8406,BDMAP_00000107
train,8407,BDMAP_00001154
train,8408,BDMAP_00000484
train,8409,BDMAP_00001604
train,8410,BDMAP_00002474
train,8411,BDMAP_00000829
train,8412,BDMAP_00005050
train,8413,BDMAP_00001077
train,8414,BDMAP_00001047
train,8415,BDMAP_00000081
train,8416,BDMAP_00002437
train,8417,BDMAP_00000077
train,8418,BDMAP_00004051
train,8419,BDMAP_00005107
train,8420,BDMAP_00000319
train,8421,BDMAP_00000915
train,8422,BDMAP_00003541
train,8423,BDMAP_00002320
train,8424,BDMAP_00005072
train,8425,BDMAP_00003498
train,8426,BDMAP_00002877
train,8427,BDMAP_00004798
train,8428,BDMAP_00004975
train,8429,BDMAP_00003356
train,8430,BDMAP_00001447
train,8431,BDMAP_00000519
train,8432,BDMAP_00000417
train,8433,BDMAP_00001489
train,8434,BDMAP_00002760
train,8435,BDMAP_00000094
train,8436,BDMAP_00004626
train,8437,BDMAP_00003640
train,8438,BDMAP_00002685
train,8439,BDMAP_00001632
train,8440,BDMAP_00000734
train,8441,BDMAP_00003012
train,8442,BDMAP_00004199
train,8443,BDMAP_00002176
train,8444,BDMAP_00002881
train,8445,BDMAP_00005023
train,8446,BDMAP_00004815
train,8447,BDMAP_00002088
train,8448,BDMAP_00000322
train,8449,BDMAP_00004230
train,8450,BDMAP_00004683
train,8451,BDMAP_00002652
train,8452,BDMAP_00004611
train,8453,BDMAP_00002509
train,8454,BDMAP_00000316
train,8455,BDMAP_00003008
train,8456,BDMAP_00002754
train,8457,BDMAP_00003615
train,8458,BDMAP_00001570
train,8459,BDMAP_00003545
train,8460,BDMAP_00000287
train,8461,BDMAP_00004950
train,8462,BDMAP_00001433
train,8463,BDMAP_00000583
train,8464,BDMAP_00005082
train,8465,BDMAP_00002900
train,8466,BDMAP_00003284
train,8467,BDMAP_00003544
train,8468,BDMAP_00002911
train,8469,BDMAP_00001019
train,8470,BDMAP_00004032
train,8471,BDMAP_00002200
train,8472,BDMAP_00005029
train,8473,BDMAP_00002803
train,8474,BDMAP_00005141
train,8475,BDMAP_00002795
train,8476,BDMAP_00001916
train,8477,BDMAP_00000767
train,8478,BDMAP_00001072
train,8479,BDMAP_00000108
train,8480,BDMAP_00001157
train,8481,BDMAP_00000765
train,8482,BDMAP_00003444
train,8483,BDMAP_00003310
train,8484,BDMAP_00001594
train,8485,BDMAP_00001719
train,8486,BDMAP_00000867
train,8487,BDMAP_00002338
train,8488,BDMAP_00000748
train,8489,BDMAP_00001833
train,8490,BDMAP_00004534
train,8491,BDMAP_00001964
train,8492,BDMAP_00000448
train,8493,BDMAP_00003856
train,8494,BDMAP_00002035
train,8495,BDMAP_00001841
train,8496,BDMAP_00002883
train,8497,BDMAP_00003974
train,8498,BDMAP_00000966
train,8499,BDMAP_00002247
train,8500,BDMAP_00001163
train,8501,BDMAP_00002866
train,8502,BDMAP_00002095
train,8503,BDMAP_00005171
train,8504,BDMAP_00000544
train,8505,BDMAP_00000249
train,8506,BDMAP_00004899
train,8507,BDMAP_00002651
train,8508,BDMAP_00002904
train,8509,BDMAP_00002500
train,8510,BDMAP_00000593
train,8511,BDMAP_00003039
train,8512,BDMAP_00000510
train,8513,BDMAP_00004345
train,8514,BDMAP_00000096
train,8515,BDMAP_00003970
train,8516,BDMAP_00002860
train,8517,BDMAP_00004723
train,8518,BDMAP_00003132
train,8519,BDMAP_00003922
train,8520,BDMAP_00000669
train,8521,BDMAP_00003583
train,8522,BDMAP_00003350
train,8523,BDMAP_00003406
train,8524,BDMAP_00004053
train,8525,BDMAP_00002112
train,8526,BDMAP_00003799
train,8527,BDMAP_00000654
train,8528,BDMAP_00001058
train,8529,BDMAP_00001471
train,8530,BDMAP_00001792
train,8531,BDMAP_00001091
train,8532,BDMAP_00001576
train,8533,BDMAP_00002522
train,8534,BDMAP_00003775
train,8535,BDMAP_00001627
train,8536,BDMAP_00001181
train,8537,BDMAP_00000624
train,8538,BDMAP_00002679
train,8539,BDMAP_00005131
train,8540,BDMAP_00000995
train,8541,BDMAP_00000361
train,8542,BDMAP_00000744
train,8543,BDMAP_00001514
train,8544,BDMAP_00003061
train,8545,BDMAP_00003296
train,8546,BDMAP_00003022
train,8547,BDMAP_00003602
train,8548,BDMAP_00002934
train,8549,BDMAP_00000170
train,8550,BDMAP_00002389
train,8551,BDMAP_00004835
train,8552,BDMAP_00000223
train,8553,BDMAP_00001143
train,8554,BDMAP_00002555
train,8555,BDMAP_00004794
train,8556,BDMAP_00003662
train,8557,BDMAP_00001145
train,8558,BDMAP_00000712
train,8559,BDMAP_00002184
train,8560,BDMAP_00003351
train,8561,BDMAP_00004475
train,8562,BDMAP_00001150
train,8563,BDMAP_00003086
train,8564,BDMAP_00001124
train,8565,BDMAP_00000961
train,8566,BDMAP_00000093
train,8567,BDMAP_00004292
train,8568,BDMAP_00002920
train,8569,BDMAP_00000331
train,8570,BDMAP_00002273
train,8571,BDMAP_00002868
train,8572,BDMAP_00004696
train,8573,BDMAP_00001373
train,8574,BDMAP_00002808
train,8575,BDMAP_00000268
train,8576,BDMAP_00004919
train,8577,BDMAP_00003133
train,8578,BDMAP_00004031
train,8579,BDMAP_00004565
train,8580,BDMAP_00004116
train,8581,BDMAP_00004092
train,8582,BDMAP_00000587
train,8583,BDMAP_00004739
train,8584,BDMAP_00003853
train,8585,BDMAP_00000621
train,8586,BDMAP_00002606
train,8587,BDMAP_00003911
train,8588,BDMAP_00004113
train,8589,BDMAP_00002534
train,8590,BDMAP_00003990
train,8591,BDMAP_00004646
train,8592,BDMAP_00003699
train,8593,BDMAP_00003397
train,8594,BDMAP_00004873
train,8595,BDMAP_00002355
train,8596,BDMAP_00003129
train,8597,BDMAP_00003750
train,8598,BDMAP_00000266
train,8599,BDMAP_00004075
train,8600,BDMAP_00003626
train,8601,BDMAP_00002535
train,8602,BDMAP_00003470
train,8603,BDMAP_00002953
train,8604,BDMAP_00004140
train,8605,BDMAP_00000968
train,8606,BDMAP_00001776
train,8607,BDMAP_00004473
train,8608,BDMAP_00005129
train,8609,BDMAP_00003146
train,8610,BDMAP_00004005
train,8611,BDMAP_00003886
train,8612,BDMAP_00003863
train,8613,BDMAP_00004039
train,8614,BDMAP_00004382
train,8615,BDMAP_00003740
train,8616,BDMAP_00000501
train,8617,BDMAP_00004238
train,8618,BDMAP_00002289
train,8619,BDMAP_00002523
train,8620,BDMAP_00000909
train,8621,BDMAP_00001865
train,8622,BDMAP_00003456
train,8623,BDMAP_00001746
train,8624,BDMAP_00002139
train,8625,BDMAP_00003945
train,8626,BDMAP_00004687
train,8627,BDMAP_00003439
train,8628,BDMAP_00004697
train,8629,BDMAP_00004895
train,8630,BDMAP_00004588
train,8631,BDMAP_00005144
train,8632,BDMAP_00003616
train,8633,BDMAP_00003019
train,8634,BDMAP_00003036
train,8635,BDMAP_00001982
train,8636,BDMAP_00002707
train,8637,BDMAP_00004129
train,8638,BDMAP_00002288
train,8639,BDMAP_00002580
train,8640,BDMAP_00001889
train,8641,BDMAP_00000922
train,8642,BDMAP_00001732
train,8643,BDMAP_00004594
train,8644,BDMAP_00002918
train,8645,BDMAP_00004329
train,8646,BDMAP_00001415
train,8647,BDMAP_00001112
train,8648,BDMAP_00003687
train,8649,BDMAP_00002756
train,8650,BDMAP_00001011
train,8651,BDMAP_00003791
train,8652,BDMAP_00004901
train,8653,BDMAP_00001288
train,8654,BDMAP_00003981
train,8655,BDMAP_00000213
train,8656,BDMAP_00004510
train,8657,BDMAP_00004705
train,8658,BDMAP_00001624
train,8659,BDMAP_00003481
train,8660,BDMAP_00003768
train,8661,BDMAP_00003308
train,8662,BDMAP_00003333
train,8663,BDMAP_00002882
train,8664,BDMAP_00001484
train,8665,BDMAP_00001088
train,8666,BDMAP_00002689
train,8667,BDMAP_00004171
train,8668,BDMAP_00002933
train,8669,BDMAP_00002007
train,8670,BDMAP_00003937
train,8671,BDMAP_00000240
train,8672,BDMAP_00004088
train,8673,BDMAP_00003934
train,8674,BDMAP_00005147
train,8675,BDMAP_00001729
train,8676,BDMAP_00003998
train,8677,BDMAP_00003574
train,8678,BDMAP_00004585
train,8679,BDMAP_00001184
train,8680,BDMAP_00001278
train,8681,BDMAP_00003376
train,8682,BDMAP_00001738
train,8683,BDMAP_00003282
train,8684,BDMAP_00002116
train,8685,BDMAP_00003722
train,8686,BDMAP_00001113
train,8687,BDMAP_00000354
train,8688,BDMAP_00001299
train,8689,BDMAP_00003756
train,8690,BDMAP_00000475
train,8691,BDMAP_00002150
train,8692,BDMAP_00001617
train,8693,BDMAP_00001919
train,8694,BDMAP_00004408
train,8695,BDMAP_00005004
train,8696,BDMAP_00003298
train,8697,BDMAP_00000709
train,8698,BDMAP_00000625
train,8699,BDMAP_00005093
train,8700,BDMAP_00005104
train,8701,BDMAP_00005033
train,8702,BDMAP_00003482
train,8703,BDMAP_00002134
train,8704,BDMAP_00004406
train,8705,BDMAP_00000764
train,8706,BDMAP_00003663
train,8707,BDMAP_00005163
train,8708,BDMAP_00003398
train,8709,BDMAP_00003704
train,8710,BDMAP_00004961
train,8711,BDMAP_00003072
train,8712,BDMAP_00005061
train,8713,BDMAP_00000555
train,8714,BDMAP_00000512
train,8715,BDMAP_00004367
train,8716,BDMAP_00003107
train,8717,BDMAP_00003066
train,8718,BDMAP_00001176
train,8719,BDMAP_00004825
train,8720,BDMAP_00001003
train,8721,BDMAP_00002472
train,8722,BDMAP_00001836
train,8723,BDMAP_00001079
train,8724,BDMAP_00000015
train,8725,BDMAP_00003004
train,8726,BDMAP_00003650
train,8727,BDMAP_00003709
train,8728,BDMAP_00004519
train,8729,BDMAP_00004211
train,8730,BDMAP_00003449
train,8731,BDMAP_00004375
train,8732,BDMAP_00000648
train,8733,BDMAP_00001731
train,8734,BDMAP_00003839
train,8735,BDMAP_00002292
train,8736,BDMAP_00003208
train,8737,BDMAP_00002752
train,8738,BDMAP_00001673
train,8739,BDMAP_00000762
train,8740,BDMAP_00004166
train,8741,BDMAP_00003993
train,8742,BDMAP_00001403
train,8743,BDMAP_00000933
train,8744,BDMAP_00001096
train,8745,BDMAP_00002719
train,8746,BDMAP_00003186
train,8747,BDMAP_00003535
train,8748,BDMAP_00004231
train,8749,BDMAP_00003838
train,8750,BDMAP_00003413
train,8751,BDMAP_00005168
train,8752,BDMAP_00001559
train,8753,BDMAP_00002484
train,8754,BDMAP_00005051
train,8755,BDMAP_00003556
train,8756,BDMAP_00002090
train,8757,BDMAP_00003461
train,8758,BDMAP_00004484
train,8759,BDMAP_00004281
train,8760,BDMAP_00001651
train,8761,BDMAP_00001023
train,8762,BDMAP_00000880
train,8763,BDMAP_00004192
train,8764,BDMAP_00004162
train,8765,BDMAP_00004415
train,8766,BDMAP_00003115
train,8767,BDMAP_00001740
train,8768,BDMAP_00001298
train,8769,BDMAP_00000928
train,8770,BDMAP_00004902
train,8771,BDMAP_00003747
train,8772,BDMAP_00001946
train,8773,BDMAP_00004603
train,8774,BDMAP_00004903
train,8775,BDMAP_00002544
train,8776,BDMAP_00000222
train,8777,BDMAP_00001502
train,8778,BDMAP_00002253
train,8779,BDMAP_00001747
train,8780,BDMAP_00004900
train,8781,BDMAP_00002949
train,8782,BDMAP_00003786
train,8783,BDMAP_00004880
train,8784,BDMAP_00000731
train,8785,BDMAP_00003018
train,8786,BDMAP_00000701
train,8787,BDMAP_00000488
train,8788,BDMAP_00001196
train,8789,BDMAP_00001517
train,8790,BDMAP_00001039
train,8791,BDMAP_00004177
train,8792,BDMAP_00000466
train,8793,BDMAP_00002922
train,8794,BDMAP_00002246
train,8795,BDMAP_00002684
train,8796,BDMAP_00002305
train,8797,BDMAP_00001021
train,8798,BDMAP_00002128
train,8799,BDMAP_00005099
train,8800,BDMAP_00004708
train,8801,BDMAP_00002084
train,8802,BDMAP_00004511
train,8803,BDMAP_00002865
train,8804,BDMAP_00001128
train,8805,BDMAP_00003464
train,8806,BDMAP_00002068
train,8807,BDMAP_00002772
train,8808,BDMAP_00004058
train,8809,BDMAP_00000775
train,8810,BDMAP_00000305
train,8811,BDMAP_00001069
train,8812,BDMAP_00003425
train,8813,BDMAP_00001513
train,8814,BDMAP_00001607
train,8815,BDMAP_00005170
train,8816,BDMAP_00003211
train,8817,BDMAP_00003347
train,8818,BDMAP_00002993
train,8819,BDMAP_00001769
train,8820,BDMAP_00004694
train,8821,BDMAP_00001148
train,8822,BDMAP_00003127
train,8823,BDMAP_00000766
train,8824,BDMAP_00002216
train,8825,BDMAP_00003338
train,8826,BDMAP_00002578
train,8827,BDMAP_00002836
train,8828,BDMAP_00000212
train,8829,BDMAP_00001331
train,8830,BDMAP_00002125
train,8831,BDMAP_00001804
train,8832,BDMAP_00000104
train,8833,BDMAP_00002639
train,8834,BDMAP_00004641
train,8835,BDMAP_00001401
train,8836,BDMAP_00004316
train,8837,BDMAP_00004652
train,8838,BDMAP_00000790
train,8839,BDMAP_00004575
train,8840,BDMAP_00000013
train,8841,BDMAP_00000737
train,8842,BDMAP_00002037
train,8843,BDMAP_00000454
train,8844,BDMAP_00005118
train,8845,BDMAP_00000038
train,8846,BDMAP_00000020
train,8847,BDMAP_00003542
train,8848,BDMAP_00002374
train,8849,BDMAP_00003873
train,8850,BDMAP_00002459
train,8851,BDMAP_00004065
train,8852,BDMAP_00000539
train,8853,BDMAP_00004185
train,8854,BDMAP_00001935
train,8855,BDMAP_00000677
train,8856,BDMAP_00003734
train,8857,BDMAP_00001374
train,8858,BDMAP_00003880
train,8859,BDMAP_00001146
train,8860,BDMAP_00000347
train,8861,BDMAP_00004160
train,8862,BDMAP_00001689
train,8863,BDMAP_00004561
train,8864,BDMAP_00002577
train,8865,BDMAP_00004528
train,8866,BDMAP_00003899
train,8867,BDMAP_00004505
train,8868,BDMAP_00002482
train,8869,BDMAP_00003027
train,8870,BDMAP_00001766
train,8871,BDMAP_00004752
train,8872,BDMAP_00001721
train,8873,BDMAP_00002255
train,8874,BDMAP_00000941
train,8875,BDMAP_00002190
train,8876,BDMAP_00004788
train,8877,BDMAP_00001350
train,8878,BDMAP_00005013
train,8879,BDMAP_00003154
train,8880,BDMAP_00003594
train,8881,BDMAP_00000334
train,8882,BDMAP_00005181
train,8883,BDMAP_00004242
train,8884,BDMAP_00001200
train,8885,BDMAP_00001319
train,8886,BDMAP_00004149
train,8887,BDMAP_00001473
train,8888,BDMAP_00004268
train,8889,BDMAP_00002123
train,8890,BDMAP_00003300
train,8891,BDMAP_00001480
train,8892,BDMAP_00002211
train,8893,BDMAP_00004307
train,8894,BDMAP_00002363
train,8895,BDMAP_00001650
train,8896,BDMAP_00002146
train,8897,BDMAP_00004255
train,8898,BDMAP_00000024
train,8899,BDMAP_00001035
train,8900,BDMAP_00003384
train,8901,BDMAP_00001616
train,8902,BDMAP_00000293
train,8903,BDMAP_00001264
train,8904,BDMAP_00003092
train,8905,BDMAP_00001781
train,8906,BDMAP_00003729
train,8907,BDMAP_00003743
train,8908,BDMAP_00004430
train,8909,BDMAP_00001562
train,8910,BDMAP_00002214
train,8911,BDMAP_00004907
train,8912,BDMAP_00004563
train,8913,BDMAP_00004059
train,8914,BDMAP_00004743
train,8915,BDMAP_00001923
train,8916,BDMAP_00000497
train,8917,BDMAP_00002927
train,8918,BDMAP_00000759
train,8919,BDMAP_00005153
train,8920,BDMAP_00004437
train,8921,BDMAP_00000034
train,8922,BDMAP_00000186
train,8923,BDMAP_00000051
train,8924,BDMAP_00002983
train,8925,BDMAP_00002612
train,8926,BDMAP_00001727
train,8927,BDMAP_00002767
train,8928,BDMAP_00004372
train,8929,BDMAP_00000150
train,8930,BDMAP_00001314
train,8931,BDMAP_00002003
train,8932,BDMAP_00001340
train,8933,BDMAP_00004920
train,8934,BDMAP_00004686
train,8935,BDMAP_00002616
train,8936,BDMAP_00000551
train,8937,BDMAP_00001748
train,8938,BDMAP_00000018
train,8939,BDMAP_00004817
train,8940,BDMAP_00003951
train,8941,BDMAP_00004085
train,8942,BDMAP_00002151
train,8943,BDMAP_00002485
train,8944,BDMAP_00003411
train,8945,BDMAP_00002743
train,8946,BDMAP_00002610
train,8947,BDMAP_00003528
train,8948,BDMAP_00002971
train,8949,BDMAP_00003393
train,8950,BDMAP_00000169
train,8951,BDMAP_00004914
train,8952,BDMAP_00002627
train,8953,BDMAP_00002442
train,8954,BDMAP_00002232
train,8955,BDMAP_00001316
train,8956,BDMAP_00002889
train,8957,BDMAP_00004824
train,8958,BDMAP_00000719
train,8959,BDMAP_00001427
train,8960,BDMAP_00002702
train,8961,BDMAP_00004618
train,8962,BDMAP_00002302
train,8963,BDMAP_00004128
train,8964,BDMAP_00001863
train,8965,BDMAP_00001189
train,8966,BDMAP_00002956
train,8967,BDMAP_00004280
train,8968,BDMAP_00002895
train,8969,BDMAP_00002447
train,8970,BDMAP_00003380
train,8971,BDMAP_00004077
train,8972,BDMAP_00000683
train,8973,BDMAP_00004839
train,8974,BDMAP_00001431
train,8975,BDMAP_00002621
train,8976,BDMAP_00001384
train,8977,BDMAP_00002664
train,8978,BDMAP_00001643
train,8979,BDMAP_00001560
train,8980,BDMAP_00004044
train,8981,BDMAP_00002549
train,8982,BDMAP_00000430
train,8983,BDMAP_00000386
train,8984,BDMAP_00004448
train,8985,BDMAP_00001056
train,8986,BDMAP_00000234
train,8987,BDMAP_00004278
train,8988,BDMAP_00001979
train,8989,BDMAP_00004685
train,8990,BDMAP_00000812
train,8991,BDMAP_00003667
train,8992,BDMAP_00004952
train,8993,BDMAP_00003543
train,8994,BDMAP_00003210
train,8995,BDMAP_00000112
train,8996,BDMAP_00001394
train,8997,BDMAP_00000102
train,8998,BDMAP_00000320
train,8999,BDMAP_00004462
train,9000,BDMAP_00002166
train,9001,BDMAP_00000626
train,9002,BDMAP_00003264
train,9003,BDMAP_00004660
train,9004,BDMAP_00004540
train,9005,BDMAP_00000335
train,9006,BDMAP_00001497
train,9007,BDMAP_00002604
train,9008,BDMAP_00000462
train,9009,BDMAP_00003458
train,9010,BDMAP_00001053
train,9011,BDMAP_00002698
train,9012,BDMAP_00000009
train,9013,BDMAP_00000100
train,9014,BDMAP_00002593
train,9015,BDMAP_00000032
train,9016,BDMAP_00004270
train,9017,BDMAP_00000541
train,9018,BDMAP_00001663
train,9019,BDMAP_00003442
train,9020,BDMAP_00001794
train,9021,BDMAP_00003400
train,9022,BDMAP_00002681
train,9023,BDMAP_00004272
train,9024,BDMAP_00001430
train,9025,BDMAP_00001329
train,9026,BDMAP_00000602
train,9027,BDMAP_00004158
train,9028,BDMAP_00002730
train,9029,BDMAP_00001045
train,9030,BDMAP_00001938
train,9031,BDMAP_00003705
train,9032,BDMAP_00001615
train,9033,BDMAP_00002936
train,9034,BDMAP_00000292
train,9035,BDMAP_00003870
train,9036,BDMAP_00003843
train,9037,BDMAP_00002076
train,9038,BDMAP_00000619
train,9039,BDMAP_00000595
train,9040,BDMAP_00001963
train,9041,BDMAP_00003095
train,9042,BDMAP_00002408
train,9043,BDMAP_00001414
train,9044,BDMAP_00002615
train,9045,BDMAP_00001323
train,9046,BDMAP_00002400
train,9047,BDMAP_00003054
train,9048,BDMAP_00004837
train,9049,BDMAP_00002517
train,9050,BDMAP_00002665
train,9051,BDMAP_00004925
train,9052,BDMAP_00003782
train,9053,BDMAP_00002862
train,9054,BDMAP_00002376
train,9055,BDMAP_00002880
train,9056,BDMAP_00003262
train,9057,BDMAP_00004679
train,9058,BDMAP_00004507
train,9059,BDMAP_00003519
train,9060,BDMAP_00002023
train,9061,BDMAP_00003321
train,9062,BDMAP_00003946
train,9063,BDMAP_00001296
train,9064,BDMAP_00004661
train,9065,BDMAP_00003496
train,9066,BDMAP_00004767
train,9067,BDMAP_00003257
train,9068,BDMAP_00000749
train,9069,BDMAP_00001771
train,9070,BDMAP_00003982
train,9071,BDMAP_00000577
train,9072,BDMAP_00004614
train,9073,BDMAP_00001127
train,9074,BDMAP_00004681
train,9075,BDMAP_00004386
train,9076,BDMAP_00004707
train,9077,BDMAP_00002222
train,9078,BDMAP_00003207
train,9079,BDMAP_00002532
train,9080,BDMAP_00003280
train,9081,BDMAP_00004082
train,9082,BDMAP_00003423
train,9083,BDMAP_00003847
train,9084,BDMAP_00000665
train,9085,BDMAP_00003209
train,9086,BDMAP_00000842
train,9087,BDMAP_00004464
train,9088,BDMAP_00004849
train,9089,BDMAP_00000834
train,9090,BDMAP_00001784
train,9091,BDMAP_00000873
train,9092,BDMAP_00004973
train,9093,BDMAP_00004702
train,9094,BDMAP_00005040
train,9095,BDMAP_00003270
train,9096,BDMAP_00004392
train,9097,BDMAP_00001700
train,9098,BDMAP_00001672
train,9099,BDMAP_00000412
train,9100,BDMAP_00000614
train,9101,BDMAP_00001619
train,9102,BDMAP_00005160
train,9103,BDMAP_00001407
train,9104,BDMAP_00004296
train,9105,BDMAP_00000605
train,9106,BDMAP_00003510
train,9107,BDMAP_00000031
train,9108,BDMAP_00005132
train,9109,BDMAP_00000264
train,9110,BDMAP_00002518
train,9111,BDMAP_00000248
train,9112,BDMAP_00000853
train,9113,BDMAP_00003785
train,9114,BDMAP_00000200
train,9115,BDMAP_00000533
train,9116,BDMAP_00003329
train,9117,BDMAP_00001223
train,9118,BDMAP_00005166
train,9119,BDMAP_00000456
train,9120,BDMAP_00001198
train,9121,BDMAP_00004867
train,9122,BDMAP_00003152
train,9123,BDMAP_00001671
train,9124,BDMAP_00004887
train,9125,BDMAP_00004922
train,9126,BDMAP_00000863
train,9127,BDMAP_00004086
train,9128,BDMAP_00003123
train,9129,BDMAP_00001254
train,9130,BDMAP_00001370
train,9131,BDMAP_00000218
train,9132,BDMAP_00001006
train,9133,BDMAP_00001418
train,9134,BDMAP_00002628
train,9135,BDMAP_00004718
train,9136,BDMAP_00004673
train,9137,BDMAP_00001881
train,9138,BDMAP_00000676
train,9139,BDMAP_00003058
train,9140,BDMAP_00003618
train,9141,BDMAP_00000230
train,9142,BDMAP_00002111
train,9143,BDMAP_00004302
train,9144,BDMAP_00001551
train,9145,BDMAP_00001685
train,9146,BDMAP_00000210
train,9147,BDMAP_00001791
train,9148,BDMAP_00004774
train,9149,BDMAP_00001942
train,9150,BDMAP_00004615
train,9151,BDMAP_00001315
train,9152,BDMAP_00001528
train,9153,BDMAP_00000338
train,9154,BDMAP_00004780
train,9155,BDMAP_00001571
train,9156,BDMAP_00002763
train,9157,BDMAP_00002393
train,9158,BDMAP_00002514
train,9159,BDMAP_00001227
train,9160,BDMAP_00000097
train,9161,BDMAP_00003401
train,9162,BDMAP_00003318
train,9163,BDMAP_00003652
train,9164,BDMAP_00001018
train,9165,BDMAP_00003821
train,9166,BDMAP_00004126
train,9167,BDMAP_00000351
train,9168,BDMAP_00003828
train,9169,BDMAP_00002603
train,9170,BDMAP_00001211
train,9171,BDMAP_00000565
train,9172,BDMAP_00004554
train,9173,BDMAP_00004906
train,9174,BDMAP_00003459
train,9175,BDMAP_00001609
train,9176,BDMAP_00005174
train,9177,BDMAP_00000743
train,9178,BDMAP_00000181
train,9179,BDMAP_00001116
train,9180,BDMAP_00004123
train,9181,BDMAP_00000350
train,9182,BDMAP_00000514
train,9183,BDMAP_00002058
train,9184,BDMAP_00005034
train,9185,BDMAP_00003774
train,9186,BDMAP_00000082
train,9187,BDMAP_00002486
train,9188,BDMAP_00003025
train,9189,BDMAP_00000832
train,9190,BDMAP_00002465
train,9191,BDMAP_00003287
train,9192,BDMAP_00002940
train,9193,BDMAP_00004079
train,9194,BDMAP_00001878
train,9195,BDMAP_00001741
train,9196,BDMAP_00002229
train,9197,BDMAP_00002693
train,9198,BDMAP_00000711
train,9199,BDMAP_00001558
train,9200,BDMAP_00003045
train,9201,BDMAP_00002099
train,9202,BDMAP_00002642
train,9203,BDMAP_00002969
train,9204,BDMAP_00003721
train,9205,BDMAP_00002089
train,9206,BDMAP_00001140
train,9207,BDMAP_00004376
train,9208,BDMAP_00002946
train,9209,BDMAP_00004924
train,9210,BDMAP_00001596
train,9211,BDMAP_00000173
train,9212,BDMAP_00005121
train,9213,BDMAP_00000040
train,9214,BDMAP_00005024
train,9215,BDMAP_00003654
train,9216,BDMAP_00004023
train,9217,BDMAP_00003143
train,9218,BDMAP_00004344
train,9219,BDMAP_00005119
train,9220,BDMAP_00002589
train,9221,BDMAP_00004360
train,9222,BDMAP_00003804
train,9223,BDMAP_00001966
train,9224,BDMAP_00000534
train,9225,BDMAP_00003534
train,9226,BDMAP_00002519
train,9227,BDMAP_00000066
train,9228,BDMAP_00002168
train,9229,BDMAP_00003108
train,9230,BDMAP_00000355
train,9231,BDMAP_00003002
train,9232,BDMAP_00004236
train,9233,BDMAP_00002516
train,9234,BDMAP_00000473
train,9235,BDMAP_00002304
train,9236,BDMAP_00004623
train,9237,BDMAP_00004804
train,9238,BDMAP_00005047
train,9239,BDMAP_00001618
train,9240,BDMAP_00000869
train,9241,BDMAP_00000324
train,9242,BDMAP_00004374
train,9243,BDMAP_00003185
train,9244,BDMAP_00002511
train,9245,BDMAP_00003017
train,9246,BDMAP_00003617
train,9247,BDMAP_00003261
train,9248,BDMAP_00001076
train,9249,BDMAP_00003950
train,9250,BDMAP_00001255
train,9251,BDMAP_00002073
train,9252,BDMAP_00005091
train,9253,BDMAP_00000074
train,9254,BDMAP_00002725
train,9255,BDMAP_00004442
train,9256,BDMAP_00002859
train,9257,BDMAP_00003366
train,9258,BDMAP_00002300
train,9259,BDMAP_00004657
train,9260,BDMAP_00001510
train,9261,BDMAP_00002863
train,9262,BDMAP_00003405
train,9263,BDMAP_00000119
train,9264,BDMAP_00003796
train,9265,BDMAP_00001220
train,9266,BDMAP_00004095
train,9267,BDMAP_00003881
train,9268,BDMAP_00004787
train,9269,BDMAP_00000450
train,9270,BDMAP_00003460
train,9271,BDMAP_00004334
train,9272,BDMAP_00003718
train,9273,BDMAP_00000178
train,9274,BDMAP_00001852
train,9275,BDMAP_00000133
train,9276,BDMAP_00003579
train,9277,BDMAP_00004928
train,9278,BDMAP_00001375
train,9279,BDMAP_00002885
train,9280,BDMAP_00000001
train,9281,BDMAP_00002727
train,9282,BDMAP_00000088
train,9283,BDMAP_00003935
train,9284,BDMAP_00003980
train,9285,BDMAP_00004998
train,9286,BDMAP_00004562
train,9287,BDMAP_00004886
train,9288,BDMAP_00002115
train,9289,BDMAP_00000409
train,9290,BDMAP_00001028
train,9291,BDMAP_00000158
train,9292,BDMAP_00001422
train,9293,BDMAP_00000389
train,9294,BDMAP_00003858
train,9295,BDMAP_00002026
train,9296,BDMAP_00003015
train,9297,BDMAP_00000713
train,9298,BDMAP_00000511
train,9299,BDMAP_00001062
train,9300,BDMAP_00001920
train,9301,BDMAP_00005098
train,9302,BDMAP_00001503
train,9303,BDMAP_00004923
train,9304,BDMAP_00004727
train,9305,BDMAP_00000679
train,9306,BDMAP_00002158
train,9307,BDMAP_00000958
train,9308,BDMAP_00002674
train,9309,BDMAP_00001742
train,9310,BDMAP_00001808
train,9311,BDMAP_00001993
train,9312,BDMAP_00000725
train,9313,BDMAP_00004994
train,9314,BDMAP_00004285
train,9315,BDMAP_00000795
train,9316,BDMAP_00002919
train,9317,BDMAP_00002192
train,9318,BDMAP_00000252
train,9319,BDMAP_00003502
train,9320,BDMAP_00002841
train,9321,BDMAP_00002771
train,9322,BDMAP_00005077
train,9323,BDMAP_00003972
train,9324,BDMAP_00001234
train,9325,BDMAP_00004416
train,9326,BDMAP_00004048
train,9327,BDMAP_00004693
train,9328,BDMAP_00004731
train,9329,BDMAP_00001733
train,9330,BDMAP_00003126
train,9331,BDMAP_00004717
train,9332,BDMAP_00002228
train,9333,BDMAP_00004750
train,9334,BDMAP_00001397
train,9335,BDMAP_00003837
train,9336,BDMAP_00002359
train,9337,BDMAP_00001043
train,9338,BDMAP_00000612
train,9339,BDMAP_00002405
train,9340,BDMAP_00003681
train,9341,BDMAP_00000258
train,9342,BDMAP_00002143
train,9343,BDMAP_00004512
train,9344,BDMAP_00004221
train,9345,BDMAP_00001898
train,9346,BDMAP_00000504
train,9347,BDMAP_00004862
train,9348,BDMAP_00000275
train,9349,BDMAP_00001346
train,9350,BDMAP_00005010
train,9351,BDMAP_00003915
train,9352,BDMAP_00004217
train,9353,BDMAP_00004130
train,9354,BDMAP_00000109
train,9355,BDMAP_00000684
train,9356,BDMAP_00000998
train,9357,BDMAP_00001177
train,9358,BDMAP_00001347
train,9359,BDMAP_00000745
train,9360,BDMAP_00002575
train,9361,BDMAP_00002129
train,9362,BDMAP_00002108
train,9363,BDMAP_00004216
train,9364,BDMAP_00000694
train,9365,BDMAP_00000486
train,9366,BDMAP_00003591
train,9367,BDMAP_00000983
train,9368,BDMAP_00001262
train,9369,BDMAP_00000080
train,9370,BDMAP_00004057
train,9371,BDMAP_00002649
train,9372,BDMAP_00002479
train,9373,BDMAP_00004314
train,9374,BDMAP_00001644
train,9375,BDMAP_00001579
train,9376,BDMAP_00000446
train,9377,BDMAP_00005016
train,9378,BDMAP_00004229
train,9379,BDMAP_00004672
train,9380,BDMAP_00003520
train,9381,BDMAP_00001702
train,9382,BDMAP_00001598
train,9383,BDMAP_00000069
train,9384,BDMAP_00000049
train,9385,BDMAP_00004170
train,9386,BDMAP_00001054
train,9387,BDMAP_00002909
train,9388,BDMAP_00003455
train,9389,BDMAP_00003091
train,9390,BDMAP_00000604
train,9391,BDMAP_00003788
train,9392,BDMAP_00002390
train,9393,BDMAP_00003438
train,9394,BDMAP_00001468
train,9395,BDMAP_00004756
train,9396,BDMAP_00000394
train,9397,BDMAP_00000231
train,9398,BDMAP_00001321
train,9399,BDMAP_00000042
train,9400,BDMAP_00001730
train,9401,BDMAP_00002133
train,9402,BDMAP_00001531
train,9403,BDMAP_00003429
train,9404,BDMAP_00002961
train,9405,BDMAP_00002708
train,9406,BDMAP_00001324
train,9407,BDMAP_00003291
train,9408,BDMAP_00001492
train,9409,BDMAP_00000062
train,9410,BDMAP_00004583
train,9411,BDMAP_00002821
train,9412,BDMAP_00002819
train,9413,BDMAP_00000403
train,9414,BDMAP_00000333
train,9415,BDMAP_00001010
train,9416,BDMAP_00001169
train,9417,BDMAP_00000165
train,9418,BDMAP_00002827
train,9419,BDMAP_00003379
train,9420,BDMAP_00004809
train,9421,BDMAP_00004395
train,9422,BDMAP_00001722
train,9423,BDMAP_00001439
train,9424,BDMAP_00003078
train,9425,BDMAP_00001335
train,9426,BDMAP_00002019
train,9427,BDMAP_00001660
train,9428,BDMAP_00004419
train,9429,BDMAP_00003275
train,9430,BDMAP_00000707
train,9431,BDMAP_00002378
train,9432,BDMAP_00003657
train,9433,BDMAP_00003910
train,9434,BDMAP_00005049
train,9435,BDMAP_00001563
train,9436,BDMAP_00000697
train,9437,BDMAP_00001104
train,9438,BDMAP_00000474
train,9439,BDMAP_00000380
train,9440,BDMAP_00002796
train,9441,BDMAP_00004305
train,9442,BDMAP_00000382
train,9443,BDMAP_00002250
train,9444,BDMAP_00002303
train,9445,BDMAP_00004576
train,9446,BDMAP_00004831
train,9447,BDMAP_00000836
train,9448,BDMAP_00000059
train,9449,BDMAP_00003071
train,9450,BDMAP_00001156
train,9451,BDMAP_00002454
train,9452,BDMAP_00005042
train,9453,BDMAP_00004995
train,9454,BDMAP_00003134
train,9455,BDMAP_00004439
train,9456,BDMAP_00002233
train,9457,BDMAP_00001194
train,9458,BDMAP_00004751
train,9459,BDMAP_00000859
train,9460,BDMAP_00004636
train,9461,BDMAP_00000368
train,9462,BDMAP_00001537
train,9463,BDMAP_00000746
train,9464,BDMAP_00002226
train,9465,BDMAP_00002964
train,9466,BDMAP_00002317
train,9467,BDMAP_00002886
train,9468,BDMAP_00004148
train,9469,BDMAP_00000434
train,9470,BDMAP_00004964
train,9471,BDMAP_00001279
train,9472,BDMAP_00004412
train,9473,BDMAP_00000105
train,9474,BDMAP_00002418
train,9475,BDMAP_00001657
train,9476,BDMAP_00004101
train,9477,BDMAP_00001534
train,9478,BDMAP_00001955
train,9479,BDMAP_00004846
train,9480,BDMAP_00001545
train,9481,BDMAP_00002871
train,9482,BDMAP_00003430
train,9483,BDMAP_00000972
train,9484,BDMAP_00000215
train,9485,BDMAP_00002813
train,9486,BDMAP_00002717
train,9487,BDMAP_00003943
train,9488,BDMAP_00000182
train,9489,BDMAP_00004042
train,9490,BDMAP_00002869
train,9491,BDMAP_00000071
train,9492,BDMAP_00000545
train,9493,BDMAP_00003530
train,9494,BDMAP_00002252
train,9495,BDMAP_00003285
train,9496,BDMAP_00000878
train,9497,BDMAP_00000197
train,9498,BDMAP_00003890
train,9499,BDMAP_00002215
train,9500,BDMAP_00002945
train,9501,BDMAP_00002987
train,9502,BDMAP_00002755
train,9503,BDMAP_00000219
train,9504,BDMAP_00004054
train,9505,BDMAP_00003488
train,9506,BDMAP_00001245
train,9507,BDMAP_00004348
train,9508,BDMAP_00003568
train,9509,BDMAP_00001167
train,9510,BDMAP_00000416
train,9511,BDMAP_00000760
train,9512,BDMAP_00001386
train,9513,BDMAP_00005130
train,9514,BDMAP_00001202
train,9515,BDMAP_00002261
train,9516,BDMAP_00004487
train,9517,BDMAP_00000329
train,9518,BDMAP_00003371
train,9519,BDMAP_00002064
train,9520,BDMAP_00002349
train,9521,BDMAP_00001282
train,9522,BDMAP_00003525
train,9523,BDMAP_00004120
train,9524,BDMAP_00001283
train,9525,BDMAP_00002520
train,9526,BDMAP_00003056
train,9527,BDMAP_00001438
train,9528,BDMAP_00000057
train,9529,BDMAP_00003003
train,9530,BDMAP_00001845
train,9531,BDMAP_00004662
train,9532,BDMAP_00003862
train,9533,BDMAP_00004383
train,9534,BDMAP_00003069
train,9535,BDMAP_00002583
train,9536,BDMAP_00000741
train,9537,BDMAP_00000525
train,9538,BDMAP_00004605
train,9539,BDMAP_00004604
train,9540,BDMAP_00000436
train,9541,BDMAP_00002165
train,9542,BDMAP_00000309
train,9543,BDMAP_00003124
train,9544,BDMAP_00000402
train,9545,BDMAP_00002761
train,9546,BDMAP_00000882
train,9547,BDMAP_00002887
train,9548,BDMAP_00004068
train,9549,BDMAP_00000289
train,9550,BDMAP_00005041
train,9551,BDMAP_00000477
train,9552,BDMAP_00002716
train,9553,BDMAP_00002276
train,9554,BDMAP_00000738
train,9555,BDMAP_00004587
train,9556,BDMAP_00004133
train,9557,BDMAP_00003033
train,9558,BDMAP_00004650
train,9559,BDMAP_00001840
train,9560,BDMAP_00001996
train,9561,BDMAP_00003170
train,9562,BDMAP_00000801
train,9563,BDMAP_00001406
train,9564,BDMAP_00004610
train,9565,BDMAP_00000070
train,9566,BDMAP_00001587
train,9567,BDMAP_00003173
train,9568,BDMAP_00004735
train,9569,BDMAP_00001075
train,9570,BDMAP_00002240
train,9571,BDMAP_00003396
train,9572,BDMAP_00002274
train,9573,BDMAP_00002570
train,9574,BDMAP_00004351
train,9575,BDMAP_00000478
train,9576,BDMAP_00001330
train,9577,BDMAP_00001778
train,9578,BDMAP_00000752
train,9579,BDMAP_00004908
train,9580,BDMAP_00005120
train,9581,BDMAP_00002778
train,9582,BDMAP_00003685
train,9583,BDMAP_00000469
train,9584,BDMAP_00001546
train,9585,BDMAP_00001026
train,9586,BDMAP_00004333
train,9587,BDMAP_00000774
train,9588,BDMAP_00002234
train,9589,BDMAP_00002456
train,9590,BDMAP_00000642
train,9591,BDMAP_00003128
train,9592,BDMAP_00001109
train,9593,BDMAP_00004864
train,9594,BDMAP_00001421
train,9595,BDMAP_00002955
train,9596,BDMAP_00003446
train,9597,BDMAP_00001681
train,9598,BDMAP_00000634
train,9599,BDMAP_00002167
train,9600,BDMAP_00004248
train,9601,BDMAP_00002527
train,9602,BDMAP_00003099
train,9603,BDMAP_00001173
train,9604,BDMAP_00003131
train,9605,BDMAP_00002729
train,9606,BDMAP_00004984
train,9607,BDMAP_00004049
train,9608,BDMAP_00004421
train,9609,BDMAP_00000816
train,9610,BDMAP_00002132
train,9611,BDMAP_00004937
train,9612,BDMAP_00003414
train,9613,BDMAP_00000180
train,9614,BDMAP_00004327
train,9615,BDMAP_00001158
train,9616,BDMAP_00001533
train,9617,BDMAP_00001536
train,9618,BDMAP_00002178
train,9619,BDMAP_00005020
train,9620,BDMAP_00001481
train,9621,BDMAP_00004100
train,9622,BDMAP_00004523
train,9623,BDMAP_00001953
train,9624,BDMAP_00001164
train,9625,BDMAP_00004033
train,9626,BDMAP_00005134
train,9627,BDMAP_00001599
train,9628,BDMAP_00000301
train,9629,BDMAP_00004197
train,9630,BDMAP_00003147
train,9631,BDMAP_00005008
train,9632,BDMAP_00001360
train,9633,BDMAP_00002974
train,9634,BDMAP_00000487
train,9635,BDMAP_00004440
train,9636,BDMAP_00004551
train,9637,BDMAP_00001153
train,9638,BDMAP_00002692
train,9639,BDMAP_00000666
train,9640,BDMAP_00002440
train,9641,BDMAP_00000643
train,9642,BDMAP_00000177
train,9643,BDMAP_00002493
train,9644,BDMAP_00000787
train,9645,BDMAP_00003246
train,9646,BDMAP_00000092
train,9647,BDMAP_00004884
train,9648,BDMAP_00001972
train,9649,BDMAP_00000531
train,9650,BDMAP_00002629
train,9651,BDMAP_00000997
train,9652,BDMAP_00003762
train,9653,BDMAP_00002313
train,9654,BDMAP_00002155
train,9655,BDMAP_00003205
train,9656,BDMAP_00001428
train,9657,BDMAP_00005122
train,9658,BDMAP_00003155
train,9659,BDMAP_00003038
train,9660,BDMAP_00003965
train,9661,BDMAP_00002322
train,9662,BDMAP_00005096
train,9663,BDMAP_00000152
train,9664,BDMAP_00000695
train,9665,BDMAP_00004829
train,9666,BDMAP_00001739
train,9667,BDMAP_00000168
train,9668,BDMAP_00004203
train,9669,BDMAP_00004897
train,9670,BDMAP_00002901
train,9671,BDMAP_00005083
train,9672,BDMAP_00002277
train,9673,BDMAP_00003182
train,9674,BDMAP_00002224
train,9675,BDMAP_00000101
train,9676,BDMAP_00002413
train,9677,BDMAP_00002587
train,9678,BDMAP_00001466
train,9679,BDMAP_00004225
train,9680,BDMAP_00001745
train,9681,BDMAP_00004848
train,9682,BDMAP_00004818
train,9683,BDMAP_00002847
train,9684,BDMAP_00002122
train,9685,BDMAP_00004882
train,9686,BDMAP_00003028
train,9687,BDMAP_00001204
train,9688,BDMAP_00004819
train,9689,BDMAP_00001927
train,9690,BDMAP_00003046
train,9691,BDMAP_00000806
train,9692,BDMAP_00003816
train,9693,BDMAP_00003081
train,9694,BDMAP_00004451
train,9695,BDMAP_00001243
train,9696,BDMAP_00004719
train,9697,BDMAP_00000548
train,9698,BDMAP_00000027
train,9699,BDMAP_00004190
train,9700,BDMAP_00003539
train,9701,BDMAP_00001303
train,9702,BDMAP_00003306
train,9703,BDMAP_00001222
train,9704,BDMAP_00000438
train,9705,BDMAP_00004535
train,9706,BDMAP_00003435
train,9707,BDMAP_00005021
train,9708,BDMAP_00004240
train,9709,BDMAP_00003354
train,9710,BDMAP_00000327
train,9711,BDMAP_00001040
train,9712,BDMAP_00004251
train,9713,BDMAP_00001871
train,9714,BDMAP_00000535
train,9715,BDMAP_00003007
train,9716,BDMAP_00000586
train,9717,BDMAP_00001704
train,9718,BDMAP_00004724
train,9719,BDMAP_00000492
train,9720,BDMAP_00003754
train,9721,BDMAP_00002267
train,9722,BDMAP_00004380
train,9723,BDMAP_00001917
train,9724,BDMAP_00005097
train,9725,BDMAP_00003835
train,9726,BDMAP_00003150
train,9727,BDMAP_00003551
train,9728,BDMAP_00003938
train,9729,BDMAP_00000398
train,9730,BDMAP_00001318
train,9731,BDMAP_00000122
train,9732,BDMAP_00002450
train,9733,BDMAP_00004595
train,9734,BDMAP_00001567
train,9735,BDMAP_00001985
train,9736,BDMAP_00004624
train,9737,BDMAP_00002826
train,9738,BDMAP_00002174
train,9739,BDMAP_00002334
train,9740,BDMAP_00000574
train,9741,BDMAP_00003942
train,9742,BDMAP_00001408
train,9743,BDMAP_00000536
train,9744,BDMAP_00001435
train,9745,BDMAP_00003088
train,9746,BDMAP_00001868
train,9747,BDMAP_00001455
train,9748,BDMAP_00003080
train,9749,BDMAP_00003001
train,9750,BDMAP_00001821
train,9751,BDMAP_00000052
train,9752,BDMAP_00004845
train,9753,BDMAP_00004640
train,9754,BDMAP_00000470
train,9755,BDMAP_00004394
train,9756,BDMAP_00002848
train,9757,BDMAP_00001859
train,9758,BDMAP_00000866
train,9759,BDMAP_00004163
train,9760,BDMAP_00005036
train,9761,BDMAP_00000426
train,9762,BDMAP_00000189
train,9763,BDMAP_00004773
train,9764,BDMAP_00003317
train,9765,BDMAP_00000229
train,9766,BDMAP_00003026
train,9767,BDMAP_00001042
train,9768,BDMAP_00003334
train,9769,BDMAP_00000472
train,9770,BDMAP_00001906
train,9771,BDMAP_00000802
train,9772,BDMAP_00001488
train,9773,BDMAP_00004748
train,9774,BDMAP_00001129
train,9775,BDMAP_00004297
train,9776,BDMAP_00002209
train,9777,BDMAP_00003166
train,9778,BDMAP_00003101
train,9779,BDMAP_00002145
train,9780,BDMAP_00003032
train,9781,BDMAP_00001633
train,9782,BDMAP_00000157
train,9783,BDMAP_00002699
train,9784,BDMAP_00003083
train,9785,BDMAP_00004581
train,9786,BDMAP_00002496
train,9787,BDMAP_00002373
train,9788,BDMAP_00002958
train,9789,BDMAP_00003353
train,9790,BDMAP_00003533
train,9791,BDMAP_00004114
train,9792,BDMAP_00000848
train,9793,BDMAP_00000757
train,9794,BDMAP_00003044
train,9795,BDMAP_00004529
train,9796,BDMAP_00002923
train,9797,BDMAP_00002062
train,9798,BDMAP_00000550
train,9799,BDMAP_00002550
train,9800,BDMAP_00005152
train,9801,BDMAP_00003034
train,9802,BDMAP_00001260
train,9803,BDMAP_00002645
train,9804,BDMAP_00001025
train,9805,BDMAP_00000753
train,9806,BDMAP_00003647
train,9807,BDMAP_00001952
train,9808,BDMAP_00000352
train,9809,BDMAP_00001512
train,9810,BDMAP_00004081
train,9811,BDMAP_00004202
train,9812,BDMAP_00000702
train,9813,BDMAP_00004076
train,9814,BDMAP_00004402
train,9815,BDMAP_00000562
train,9816,BDMAP_00002319
train,9817,BDMAP_00004142
train,9818,BDMAP_00002884
train,9819,BDMAP_00002944
train,9820,BDMAP_00001048
train,9821,BDMAP_00004078
train,9822,BDMAP_00000415
train,9823,BDMAP_00004008
train,9824,BDMAP_00001470
train,9825,BDMAP_00001711
train,9826,BDMAP_00002272
train,9827,BDMAP_00001584
train,9828,BDMAP_00001413
train,9829,BDMAP_00001723
train,9830,BDMAP_00003239
train,9831,BDMAP_00001508
train,9832,BDMAP_00002623
train,9833,BDMAP_00004483
train,9834,BDMAP_00001322
train,9835,BDMAP_00000843
train,9836,BDMAP_00001147
train,9837,BDMAP_00004921
train,9838,BDMAP_00000464
train,9839,BDMAP_00001755
train,9840,BDMAP_00004690
train,9841,BDMAP_00000379
train,9842,BDMAP_00001336
train,9843,BDMAP_00001224
train,9844,BDMAP_00004349
train,9845,BDMAP_00003326
train,9846,BDMAP_00001351
train,9847,BDMAP_00001812
train,9848,BDMAP_00002996
train,9849,BDMAP_00001352
train,9850,BDMAP_00003689
train,9851,BDMAP_00001895
train,9852,BDMAP_00004763
train,9853,BDMAP_00004300
train,9854,BDMAP_00004004
train,9855,BDMAP_00001190
train,9856,BDMAP_00002856
train,9857,BDMAP_00000899
train,9858,BDMAP_00003203
train,9859,BDMAP_00004012
train,9860,BDMAP_00002908
train,9861,BDMAP_00002333
train,9862,BDMAP_00002263
train,9863,BDMAP_00002596
train,9864,BDMAP_00001031
train,9865,BDMAP_00003783
train,9866,BDMAP_00003064
train,9867,BDMAP_00001756
train,9868,BDMAP_00000232
train,9869,BDMAP_00002992
train,9870,BDMAP_00004632
train,9871,BDMAP_00003245
train,9872,BDMAP_00003904
train,9873,BDMAP_00002318
train,9874,BDMAP_00004104
train,9875,BDMAP_00001516
train,9876,BDMAP_00000217
train,9877,BDMAP_00002264
train,9878,BDMAP_00003571
train,9879,BDMAP_00003079
train,9880,BDMAP_00003609
train,9881,BDMAP_00000894
train,9882,BDMAP_00001851
train,9883,BDMAP_00003795
train,9884,BDMAP_00000325
train,9885,BDMAP_00001216
train,9886,BDMAP_00001130
train,9887,BDMAP_00002817
train,9888,BDMAP_00004732
train,9889,BDMAP_00000209
train,9890,BDMAP_00000799
train,9891,BDMAP_00000735
train,9892,BDMAP_00003065
train,9893,BDMAP_00004191
train,9894,BDMAP_00001175
train,9895,BDMAP_00003106
train,9896,BDMAP_00005156
train,9897,BDMAP_00001832
train,9898,BDMAP_00000199
train,9899,BDMAP_00001098
train,9900,BDMAP_00000549
train,9901,BDMAP_00003316
train,9902,BDMAP_00003956
train,9903,BDMAP_00002315
train,9904,BDMAP_00004122
train,9905,BDMAP_00000617
train,9906,BDMAP_00001119
train,9907,BDMAP_00000938
train,9908,BDMAP_00002573
train,9909,BDMAP_00000623
train,9910,BDMAP_00003466
train,9911,BDMAP_00004254
train,9912,BDMAP_00003800
train,9913,BDMAP_00002202
train,9914,BDMAP_00001161
train,9915,BDMAP_00003283
train,9916,BDMAP_00000479
train,9917,BDMAP_00001353
train,9918,BDMAP_00003195
train,9919,BDMAP_00004830
train,9920,BDMAP_00002648
train,9921,BDMAP_00004293
train,9922,BDMAP_00003151
train,9923,BDMAP_00001034
train,9924,BDMAP_00004241
train,9925,BDMAP_00002599
train,9926,BDMAP_00004388
train,9927,BDMAP_00003735
train,9928,BDMAP_00003621
train,9929,BDMAP_00002834
train,9930,BDMAP_00001426
train,9931,BDMAP_00002914
train,9932,BDMAP_00001872
train,9933,BDMAP_00000481
train,9934,BDMAP_00000528
train,9935,BDMAP_00000723
train,9936,BDMAP_00004342
train,9937,BDMAP_00000221
train,9938,BDMAP_00004056
train,9939,BDMAP_00003162
train,9940,BDMAP_00005028
train,9941,BDMAP_00002392
train,9942,BDMAP_00001984
train,9943,BDMAP_00001555
train,9944,BDMAP_00003378
train,9945,BDMAP_00004295
train,9946,BDMAP_00003882
train,9947,BDMAP_00001678
train,9948,BDMAP_00003659
train,9949,BDMAP_00000902
train,9950,BDMAP_00002297
train,9951,BDMAP_00000297
train,9952,BDMAP_00000058
train,9953,BDMAP_00002677
train,9954,BDMAP_00004330
train,9955,BDMAP_00000296
train,9956,BDMAP_00002581
train,9957,BDMAP_00003549
train,9958,BDMAP_00000649
train,9959,BDMAP_00001371
train,9960,BDMAP_00004378
train,9961,BDMAP_00003892
train,9962,BDMAP_00003622
train,9963,BDMAP_00000682
train,9964,BDMAP_00000435
train,9965,BDMAP_00004757
train,9966,BDMAP_00004072
train,9967,BDMAP_00001490
train,9968,BDMAP_00000813
train,9969,BDMAP_00001883
train,9970,BDMAP_00004175
train,9971,BDMAP_00001941
train,9972,BDMAP_00004111
train,9973,BDMAP_00004634
train,9974,BDMAP_00001613
train,9975,BDMAP_00001182
train,9976,BDMAP_00001376
train,9977,BDMAP_00000627
train,9978,BDMAP_00001670
train,9979,BDMAP_00002113
train,9980,BDMAP_00000085
train,9981,BDMAP_00003996
train,9982,BDMAP_00002284
train,9983,BDMAP_00002888
train,9984,BDMAP_00003625
train,9985,BDMAP_00000419
train,9986,BDMAP_00004429
train,9987,BDMAP_00003690
train,9988,BDMAP_00002710
train,9989,BDMAP_00002358
train,9990,BDMAP_00001367
train,9991,BDMAP_00000294
train,9992,BDMAP_00001507
train,9993,BDMAP_00001635
train,9994,BDMAP_00003523
train,9995,BDMAP_00004716
train,9996,BDMAP_00003140
train,9997,BDMAP_00001564
train,9998,BDMAP_00004247
train,9999,BDMAP_00001980
train,10000,BDMAP_00001884
train,10001,BDMAP_00000439
train,10002,BDMAP_00003777
train,10003,BDMAP_00003593
train,10004,BDMAP_00002281
train,10005,BDMAP_00003845
train,10006,BDMAP_00000374
train,10007,BDMAP_00004422
train,10008,BDMAP_00002586
train,10009,BDMAP_00001333
train,10010,BDMAP_00003051
train,10011,BDMAP_00003575
train,10012,BDMAP_00001785
train,10013,BDMAP_00002861
train,10014,BDMAP_00005126
train,10015,BDMAP_00003299
train,10016,BDMAP_00002898
train,10017,BDMAP_00000367
train,10018,BDMAP_00004393
train,10019,BDMAP_00003419
train,10020,BDMAP_00002654
train,10021,BDMAP_00001542
train,10022,BDMAP_00003693
train,10023,BDMAP_00000323
train,10024,BDMAP_00002032
train,10025,BDMAP_00000994
train,10026,BDMAP_00004966
train,10027,BDMAP_00002185
train,10028,BDMAP_00000111
train,10029,BDMAP_00004265
train,10030,BDMAP_00001080
train,10031,BDMAP_00002227
train,10032,BDMAP_00002706
train,10033,BDMAP_00004150
train,10034,BDMAP_00001165
train,10035,BDMAP_00003144
train,10036,BDMAP_00001451
train,10037,BDMAP_00005194
train,10038,BDMAP_00002985
train,10039,BDMAP_00005113
train,10040,BDMAP_00004513
train,10041,BDMAP_00004030
train,10042,BDMAP_00004399
train,10043,BDMAP_00003000
train,10044,BDMAP_00001515
train,10045,BDMAP_00002314
train,10046,BDMAP_00001452
train,10047,BDMAP_00002021
train,10048,BDMAP_00003772
train,10049,BDMAP_00004853
train,10050,BDMAP_00004303
train,10051,BDMAP_00004741
train,10052,BDMAP_00000839
train,10053,BDMAP_00002375
train,10054,BDMAP_00003746
train,10055,BDMAP_00004418
train,10056,BDMAP_00000451
train,10057,BDMAP_00001715
train,10058,BDMAP_00003694
train,10059,BDMAP_00000340
train,10060,BDMAP_00004801
train,10061,BDMAP_00004339
train,10062,BDMAP_00002671
train,10063,BDMAP_00001420
train,10064,BDMAP_00000035
train,10065,BDMAP_00001411
train,10066,BDMAP_00004249
train,10067,BDMAP_00002171
train,10068,BDMAP_00000890
train,10069,BDMAP_00004413
train,10070,BDMAP_00002245
train,10071,BDMAP_00004939
train,10072,BDMAP_00003871
train,10073,BDMAP_00000433
train,10074,BDMAP_00001655
train,10075,BDMAP_00000179
train,10076,BDMAP_00003323
train,10077,BDMAP_00001887
train,10078,BDMAP_00004093
train,10079,BDMAP_00001787
train,10080,BDMAP_00001591
train,10081,BDMAP_00003985
train,10082,BDMAP_00002182
train,10083,BDMAP_00004157
train,10084,BDMAP_00002070
train,10085,BDMAP_00005172
train,10086,BDMAP_00001122
train,10087,BDMAP_00000881
train,10088,BDMAP_00004210
train,10089,BDMAP_00004020
train,10090,BDMAP_00004354
train,10091,BDMAP_00001210
train,10092,BDMAP_00003258
train,10093,BDMAP_00003206
train,10094,BDMAP_00001707
train,10095,BDMAP_00001159
train,10096,BDMAP_00002307
train,10097,BDMAP_00004206
train,10098,BDMAP_00003888
train,10099,BDMAP_00001565
train,10100,BDMAP_00001783
train,10101,BDMAP_00000905
train,10102,BDMAP_00002081
train,10103,BDMAP_00001566
train,10104,BDMAP_00003536
train,10105,BDMAP_00001114
train,10106,BDMAP_00002647
train,10107,BDMAP_00004324
train,10108,BDMAP_00002301
train,10109,BDMAP_00000255
train,10110,BDMAP_00005154
train,10111,BDMAP_00003669
train,10112,BDMAP_00004025
train,10113,BDMAP_00002590
train,10114,BDMAP_00003465
train,10115,BDMAP_00000304
train,10116,BDMAP_00005007
train,10117,BDMAP_00003103
train,10118,BDMAP_00004470
train,10119,BDMAP_00001437
train,10120,BDMAP_00000377
train,10121,BDMAP_00001870
train,10122,BDMAP_00003483
train,10123,BDMAP_00001835
train,10124,BDMAP_00001659
train,10125,BDMAP_00000756
train,10126,BDMAP_00004598
train,10127,BDMAP_00000291
train,10128,BDMAP_00002237
train,10129,BDMAP_00003814
train,10130,BDMAP_00002119
train,10131,BDMAP_00000502
train,10132,BDMAP_00003281
train,10133,BDMAP_00001540
train,10134,BDMAP_00001212
train,10135,BDMAP_00002997
train,10136,BDMAP_00000673
train,10137,BDMAP_00004935
train,10138,BDMAP_00001465
train,10139,BDMAP_00004336
train,10140,BDMAP_00001193
train,10141,BDMAP_00002265
train,10142,BDMAP_00000422
train,10143,BDMAP_00000506
train,10144,BDMAP_00002624
train,10145,BDMAP_00001583
train,10146,BDMAP_00000507
train,10147,BDMAP_00003529
train,10148,BDMAP_00002406
train,10149,BDMAP_00003434
train,10150,BDMAP_00000622
train,10151,BDMAP_00002127
train,10152,BDMAP_00004828
train,10153,BDMAP_00004234
train,10154,BDMAP_00001774
train,10155,BDMAP_00003255
train,10156,BDMAP_00004802
train,10157,BDMAP_00004152
train,10158,BDMAP_00000348
train,10159,BDMAP_00000798
train,10160,BDMAP_00002830
train,10161,BDMAP_00004971
train,10162,BDMAP_00001491
train,10163,BDMAP_00000313
train,10164,BDMAP_00000747
train,10165,BDMAP_00000791
train,10166,BDMAP_00002477
train,10167,BDMAP_00002025
train,10168,BDMAP_00004014
train,10169,BDMAP_00002571
train,10170,BDMAP_00003827
train,10171,BDMAP_00004479
train,10172,BDMAP_00004417
train,10173,BDMAP_00000260
train,10174,BDMAP_00002164
train,10175,BDMAP_00000381
train,10176,BDMAP_00001293
train,10177,BDMAP_00001913
train,10178,BDMAP_00004954
train,10179,BDMAP_00000600
train,10180,BDMAP_00000046
train,10181,BDMAP_00001445
train,10182,BDMAP_00001653
train,10183,BDMAP_00002700
train,10184,BDMAP_00001902
train,10185,BDMAP_00001894
train,10186,BDMAP_00001945
train,10187,BDMAP_00002407
train,10188,BDMAP_00001967
train,10189,BDMAP_00004223
train,10190,BDMAP_00004609
train,10191,BDMAP_00001601
train,10192,BDMAP_00001393
train,10193,BDMAP_00004377
train,10194,BDMAP_00004481
train,10195,BDMAP_00003724
train,10196,BDMAP_00000427
train,10197,BDMAP_00002854
train,10198,BDMAP_00000411
train,10199,BDMAP_00002487
train,10200,BDMAP_00004363
train,10201,BDMAP_00000780
train,10202,BDMAP_00004608
train,10203,BDMAP_00000211
train,10204,BDMAP_00002488
train,10205,BDMAP_00003149
train,10206,BDMAP_00004468
train,10207,BDMAP_00001050
train,10208,BDMAP_00004517
train,10209,BDMAP_00002036
train,10210,BDMAP_00004369
train,10211,BDMAP_00001973
train,10212,BDMAP_00003992
train,10213,BDMAP_00002100
train,10214,BDMAP_00001500
train,10215,BDMAP_00001110
train,10216,BDMAP_00004276
train,10217,BDMAP_00000653
train,10218,BDMAP_00003834
train,10219,BDMAP_00002733
train,10220,BDMAP_00003035
train,10221,BDMAP_00000243
train,10222,BDMAP_00001796
train,10223,BDMAP_00001703
train,10224,BDMAP_00003474
train,10225,BDMAP_00004368
train,10226,BDMAP_00004891
train,10227,BDMAP_00001499
train,10228,BDMAP_00002757
train,10229,BDMAP_00002179
train,10230,BDMAP_00004398
train,10231,BDMAP_00002077
train,10232,BDMAP_00000706
train,10233,BDMAP_00001873
train,10234,BDMAP_00004103
train,10235,BDMAP_00003183
train,10236,BDMAP_00004141
train,10237,BDMAP_00004533
train,10238,BDMAP_00003716
train,10239,BDMAP_00000566
train,10240,BDMAP_00003590
train,10241,BDMAP_00002988
train,10242,BDMAP_00000641
train,10243,BDMAP_00004002
train,10244,BDMAP_00003686
train,10245,BDMAP_00002779
train,10246,BDMAP_00000508
train,10247,BDMAP_00001965
train,10248,BDMAP_00001535
train,10249,BDMAP_00000326
train,10250,BDMAP_00003273
train,10251,BDMAP_00002339
train,10252,BDMAP_00003940
train,10253,BDMAP_00002238
train,10254,BDMAP_00004843
train,10255,BDMAP_00004124
train,10256,BDMAP_00000865
train,10257,BDMAP_00004979
train,10258,BDMAP_00005015
train,10259,BDMAP_00002816
train,10260,BDMAP_00004405
train,10261,BDMAP_00000372
train,10262,BDMAP_00004709
train,10263,BDMAP_00003917
train,10264,BDMAP_00002543
train,10265,BDMAP_00002365
train,10266,BDMAP_00003214
train,10267,BDMAP_00001361
train,10268,BDMAP_00000912
train,10269,BDMAP_00003711
train,10270,BDMAP_00005046
train,10271,BDMAP_00000965
train,10272,BDMAP_00004218
train,10273,BDMAP_00001424
train,10274,BDMAP_00000123
train,10275,BDMAP_00000480
train,10276,BDMAP_00000663
train,10277,BDMAP_00003515
train,10278,BDMAP_00002989
train,10279,BDMAP_00003644
train,10280,BDMAP_00002777
train,10281,BDMAP_00000440
train,10282,BDMAP_00001380
train,10283,BDMAP_00004713
train,10284,BDMAP_00001444
train,10285,BDMAP_00001478
train,10286,BDMAP_00002040
train,10287,BDMAP_00001174
train,10288,BDMAP_00003885
train,10289,BDMAP_00004003
train,10290,BDMAP_00004568
train,10291,BDMAP_00002894
train,10292,BDMAP_00002670
train,10293,BDMAP_00004455
train,10294,BDMAP_00000280
train,10295,BDMAP_00003412
train,10296,BDMAP_00002572
train,10297,BDMAP_00003266
train,10298,BDMAP_00001102
train,10299,BDMAP_00000569
train,10300,BDMAP_00001695
train,10301,BDMAP_00004320
train,10302,BDMAP_00004099
train,10303,BDMAP_00000578
train,10304,BDMAP_00000060
train,10305,BDMAP_00003111
train,10306,BDMAP_00000788
train,10307,BDMAP_00004105
train,10308,BDMAP_00004514
train,10309,BDMAP_00004620
train,10310,BDMAP_00003678
train,10311,BDMAP_00003394
train,10312,BDMAP_00004986
train,10313,BDMAP_00003232
train,10314,BDMAP_00002210
train,10315,BDMAP_00000336
train,10316,BDMAP_00004871
train,10317,BDMAP_00003893
train,10318,BDMAP_00000468
train,10319,BDMAP_00000185
train,10320,BDMAP_00004040
train,10321,BDMAP_00004102
train,10322,BDMAP_00000421
train,10323,BDMAP_00002351
train,10324,BDMAP_00000554
train,10325,BDMAP_00001398
train,10326,BDMAP_00001385
train,10327,BDMAP_00003947
train,10328,BDMAP_00004289
train,10329,BDMAP_00001761
train,10330,BDMAP_00004515
train,10331,BDMAP_00000298
train,10332,BDMAP_00000444
train,10333,BDMAP_00000778
train,10334,BDMAP_00001120
train,10335,BDMAP_00004772
train,10336,BDMAP_00003986
train,10337,BDMAP_00003778
train,10338,BDMAP_00001922
train,10339,BDMAP_00000656
train,10340,BDMAP_00002230
train,10341,BDMAP_00002843
train,10342,BDMAP_00002538
train,10343,BDMAP_00002541
train,10344,BDMAP_00001195
train,10345,BDMAP_00003368
train,10346,BDMAP_00002458
train,10347,BDMAP_00002579
train,10348,BDMAP_00002759
train,10349,BDMAP_00000559
train,10350,BDMAP_00000321
train,10351,BDMAP_00003040
train,10352,BDMAP_00001372
train,10353,BDMAP_00003297
train,10354,BDMAP_00000908
train,10355,BDMAP_00005060
train,10356,BDMAP_00001434
train,10357,BDMAP_00003160
train,10358,BDMAP_00000927
train,10359,BDMAP_00002471
train,10360,BDMAP_00004589
train,10361,BDMAP_00000016
train,10362,BDMAP_00000144
train,10363,BDMAP_00002364
train,10364,BDMAP_00001162
train,10365,BDMAP_00004978
train,10366,BDMAP_00003707
train,10367,BDMAP_00004387
train,10368,BDMAP_00003820
train,10369,BDMAP_00001205
train,10370,BDMAP_00003578
train,10371,BDMAP_00001363
train,10372,BDMAP_00003949
train,10373,BDMAP_00001213
train,10374,BDMAP_00001877
train,10375,BDMAP_00003961
train,10376,BDMAP_00005066
train,10377,BDMAP_00004542
train,10378,BDMAP_00001171
train,10379,BDMAP_00000580
train,10380,BDMAP_00002183
train,10381,BDMAP_00004193
train,10382,BDMAP_00001834
train,10383,BDMAP_00001826
train,10384,BDMAP_00001860
train,10385,BDMAP_00003995
train,10386,BDMAP_00002686
train,10387,BDMAP_00004766
train,10388,BDMAP_00003122
train,10389,BDMAP_00000388
train,10390,BDMAP_00001033
train,10391,BDMAP_00002489
train,10392,BDMAP_00002287
train,10393,BDMAP_00003188
train,10394,BDMAP_00002630
train,10395,BDMAP_00003906
train,10396,BDMAP_00003059
train,10397,BDMAP_00003769
train,10398,BDMAP_00000932
train,10399,BDMAP_00000692
train,10400,BDMAP_00004490
train,10401,BDMAP_00001892
train,10402,BDMAP_00002269
train,10403,BDMAP_00000830
train,10404,BDMAP_00003499
train,10405,BDMAP_00004695
train,10406,BDMAP_00002082
train,10407,BDMAP_00000045
train,10408,BDMAP_00003102
train,10409,BDMAP_00004454
train,10410,BDMAP_00003013
train,10411,BDMAP_00003818
train,10412,BDMAP_00000224
train,10413,BDMAP_00002966
train,10414,BDMAP_00001188
train,10415,BDMAP_00000838
train,10416,BDMAP_00001684
train,10417,BDMAP_00003060
train,10418,BDMAP_00003383
train,10419,BDMAP_00000064
train,10420,BDMAP_00003093
train,10421,BDMAP_00000618
train,10422,BDMAP_00003503
train,10423,BDMAP_00000228
train,10424,BDMAP_00003196
train,10425,BDMAP_00004055
train,10426,BDMAP_00003978
train,10427,BDMAP_00004355
train,10428,BDMAP_00000970
train,10429,BDMAP_00001806
train,10430,BDMAP_00002448
train,10431,BDMAP_00000926
train,10432,BDMAP_00002852
train,10433,BDMAP_00001861
train,10434,BDMAP_00000253
train,10435,BDMAP_00003627
train,10436,BDMAP_00001790
train,10437,BDMAP_00002060
train,10438,BDMAP_00003048
train,10439,BDMAP_00003913
train,10440,BDMAP_00001903
train,10441,BDMAP_00002751
train,10442,BDMAP_00003335
train,10443,BDMAP_00002120
train,10444,BDMAP_00004246
train,10445,BDMAP_00002690
train,10446,BDMAP_00004503
train,10447,BDMAP_00001924
train,10448,BDMAP_00000076
train,10449,BDMAP_00002346
train,10450,BDMAP_00002352
train,10451,BDMAP_00000431
train,10452,BDMAP_00000953
train,10453,BDMAP_00004271
train,10454,BDMAP_00003773
train,10455,BDMAP_00000241
train,10456,BDMAP_00000784
train,10457,BDMAP_00001355
train,10458,BDMAP_00003067
train,10459,BDMAP_00004833
train,10460,BDMAP_00000978
train,10461,BDMAP_00000810
train,10462,BDMAP_00002169
train,10463,BDMAP_00004538
train,10464,BDMAP_00004863
train,10465,BDMAP_00001600
train,10466,BDMAP_00002942
train,10467,BDMAP_00004721
train,10468,BDMAP_00004052
train,10469,BDMAP_00003919
train,10470,BDMAP_00000685
train,10471,BDMAP_00001621
train,10472,BDMAP_00004356
train,10473,BDMAP_00001483
train,10474,BDMAP_00002147
train,10475,BDMAP_00001802
train,10476,BDMAP_00002096
train,10477,BDMAP_00005157
train,10478,BDMAP_00004443
train,10479,BDMAP_00001358
train,10480,BDMAP_00005139
train,10481,BDMAP_00004658
train,10482,BDMAP_00004396
train,10483,BDMAP_00004011
train,10484,BDMAP_00005108
train,10485,BDMAP_00004619
train,10486,BDMAP_00001610
train,10487,BDMAP_00000495
train,10488,BDMAP_00002416
train,10489,BDMAP_00003320
train,10490,BDMAP_00002018
train,10491,BDMAP_00002329
train,10492,BDMAP_00000030
train,10493,BDMAP_00003119
train,10494,BDMAP_00001093
train,10495,BDMAP_00003247
train,10496,BDMAP_00000125
train,10497,BDMAP_00002299
train,10498,BDMAP_00001554
train,10499,BDMAP_00003342
train,10500,BDMAP_00000599
train,10501,BDMAP_00002124
train,10502,BDMAP_00001417
train,10503,BDMAP_00004997
train,10504,BDMAP_00004993
train,10505,BDMAP_00002198
train,10506,BDMAP_00003606
train,10507,BDMAP_00003363
train,10508,BDMAP_00000726
train,10509,BDMAP_00004476
train,10510,BDMAP_00000979
train,10511,BDMAP_00000809
train,10512,BDMAP_00000959
train,10513,BDMAP_00004186
train,10514,BDMAP_00000811
train,10515,BDMAP_00005035
train,10516,BDMAP_00000835
train,10517,BDMAP_00004989
train,10518,BDMAP_00002424
train,10519,BDMAP_00001236
train,10520,BDMAP_00001226
train,10521,BDMAP_00004047
train,10522,BDMAP_00003218
train,10523,BDMAP_00000288
train,10524,BDMAP_00004669
train,10525,BDMAP_00002967
train,10526,BDMAP_00003165
train,10527,BDMAP_00001658
train,10528,BDMAP_00001976
train,10529,BDMAP_00002398
train,10530,BDMAP_00000453
train,10531,BDMAP_00003860
train,10532,BDMAP_00002620
train,10533,BDMAP_00000423
train,10534,BDMAP_00005138
train,10535,BDMAP_00001221
train,10536,BDMAP_00002930
train,10537,BDMAP_00000658
train,10538,BDMAP_00003302
train,10539,BDMAP_00004953
train,10540,BDMAP_00002846
train,10541,BDMAP_00003024
train,10542,BDMAP_00001002
train,10543,BDMAP_00000103
train,10544,BDMAP_00002419
train,10545,BDMAP_00004478
train,10546,BDMAP_00003848
train,10547,BDMAP_00001581
train,10548,BDMAP_00002249
train,10549,BDMAP_00002207
train,10550,BDMAP_00000171
train,10551,BDMAP_00004985
train,10552,BDMAP_00000136
train,10553,BDMAP_00000758
train,10554,BDMAP_00001311
train,10555,BDMAP_00001218
train,10556,BDMAP_00002285
train,10557,BDMAP_00002906
train,10558,BDMAP_00003963
train,10559,BDMAP_00004869
train,10560,BDMAP_00001936
train,10561,BDMAP_00004013
train,10562,BDMAP_00001744
train,10563,BDMAP_00000808
train,10564,BDMAP_00002046
train,10565,BDMAP_00000463
train,10566,BDMAP_00002928
train,10567,BDMAP_00001957
train,10568,BDMAP_00002446
train,10569,BDMAP_00004982
train,10570,BDMAP_00003236
train,10571,BDMAP_00000800
train,10572,BDMAP_00002403
train,10573,BDMAP_00004861
train,10574,BDMAP_00001074
train,10575,BDMAP_00004668
train,10576,BDMAP_00000145
train,10577,BDMAP_00001341
train,10578,BDMAP_00004909
train,10579,BDMAP_00002092
train,10580,BDMAP_00004996
train,10581,BDMAP_00001004
train,10582,BDMAP_00004599
train,10583,BDMAP_00003471
train,10584,BDMAP_00000556
train,10585,BDMAP_00004195
train,10586,BDMAP_00004504
train,10587,BDMAP_00001486
train,10588,BDMAP_00001273
train,10589,BDMAP_00001412
train,10590,BDMAP_00000754
train,10591,BDMAP_00001472
train,10592,BDMAP_00004557
train,10593,BDMAP_00003077
train,10594,BDMAP_00003887
train,10595,BDMAP_00003289
train,10596,BDMAP_00005012
train,10597,BDMAP_00004353
train,10598,BDMAP_00000982
train,10599,BDMAP_00003781
train,10600,BDMAP_00004337
train,10601,BDMAP_00002723
train,10602,BDMAP_00001269
train,10603,BDMAP_00002463
train,10604,BDMAP_00004639
train,10605,BDMAP_00000269
train,10606,BDMAP_00003581
train,10607,BDMAP_00004631
train,10608,BDMAP_00000655
train,10609,BDMAP_00004536
train,10610,BDMAP_00004181
train,10611,BDMAP_00004373
train,10612,BDMAP_00003598
train,10613,BDMAP_00002414
train,10614,BDMAP_00002822
train,10615,BDMAP_00000429
train,10616,BDMAP_00000590
train,10617,BDMAP_00000496
train,10618,BDMAP_00004274
train,10619,BDMAP_00000529
train,10620,BDMAP_00001809
train,10621,BDMAP_00005058
train,10622,BDMAP_00002056
train,10623,BDMAP_00001232
train,10624,BDMAP_00002029
train,10625,BDMAP_00000678
train,10626,BDMAP_00004754
train,10627,BDMAP_00002742
train,10628,BDMAP_00004263
train,10629,BDMAP_00004627
train,10630,BDMAP_00002433
train,10631,BDMAP_00000552
train,10632,BDMAP_00000897
train,10633,BDMAP_00001612
train,10634,BDMAP_00001271
train,10635,BDMAP_00000674
train,10636,BDMAP_00002005
train,10637,BDMAP_00003807
train,10638,BDMAP_00004699
train,10639,BDMAP_00000606
train,10640,BDMAP_00003962
train,10641,BDMAP_00001469
train,10642,BDMAP_00001983
train,10643,BDMAP_00005045
train,10644,BDMAP_00000891
train,10645,BDMAP_00000844
train,10646,BDMAP_00002156
train,10647,BDMAP_00004318
train,10648,BDMAP_00002078
train,10649,BDMAP_00003521
train,10650,BDMAP_00004948
train,10651,BDMAP_00002800
train,10652,BDMAP_00000585
train,10653,BDMAP_00003269
train,10654,BDMAP_00003933
train,10655,BDMAP_00004783
train,10656,BDMAP_00001261
train,10657,BDMAP_00004343
train,10658,BDMAP_00004768
train,10659,BDMAP_00004722
train,10660,BDMAP_00004061
train,10661,BDMAP_00002551
train,10662,BDMAP_00003784
train,10663,BDMAP_00003252
train,10664,BDMAP_00000345
train,10665,BDMAP_00002186
train,10666,BDMAP_00000872
train,10667,BDMAP_00004299
train,10668,BDMAP_00000091
train,10669,BDMAP_00005071
train,10670,BDMAP_00004865
train,10671,BDMAP_00004310
train,10672,BDMAP_00002118
train,10673,BDMAP_00002938
train,10674,BDMAP_00002837
train,10675,BDMAP_00003097
train,10676,BDMAP_00000948
train,10677,BDMAP_00002926
train,10678,BDMAP_00004569
train,10679,BDMAP_00003215
train,10680,BDMAP_00004635
train,10681,BDMAP_00000884
train,10682,BDMAP_00004881
train,10683,BDMAP_00000628
train,10684,BDMAP_00004990
train,10685,BDMAP_00002399
train,10686,BDMAP_00001187
train,10687,BDMAP_00005101
train,10688,BDMAP_00000916
train,10689,BDMAP_00001306
train,10690,BDMAP_00004630
train,10691,BDMAP_00003050
train,10692,BDMAP_00002797
train,10693,BDMAP_00001399
train,10694,BDMAP_00003359
train,10695,BDMAP_00000184
train,10696,BDMAP_00004506
train,10697,BDMAP_00002657
train,10698,BDMAP_00001962
train,10699,BDMAP_00001252
train,10700,BDMAP_00003177
train,10701,BDMAP_00003290
train,10702,BDMAP_00004790
train,10703,BDMAP_00001052
train,10704,BDMAP_00005112
train,10705,BDMAP_00004710
train,10706,BDMAP_00000273
train,10707,BDMAP_00002043
train,10708,BDMAP_00001087
train,10709,BDMAP_00004915
train,10710,BDMAP_00004642
train,10711,BDMAP_00004340
train,10712,BDMAP_00003479
train,10713,BDMAP_00003925
train,10714,BDMAP_00001749
train,10715,BDMAP_00000733
train,10716,BDMAP_00002663
train,10717,BDMAP_00003114
train,10718,BDMAP_00003304
train,10719,BDMAP_00001345
train,10720,BDMAP_00004253
train,10721,BDMAP_00003309
train,10722,BDMAP_00001505
train,10723,BDMAP_00001807
train,10724,BDMAP_00004555
train,10725,BDMAP_00003792
train,10726,BDMAP_00005014
train,10727,BDMAP_00001849
train,10728,BDMAP_00002432
train,10729,BDMAP_00000143
train,10730,BDMAP_00004760
train,10731,BDMAP_00003410
train,10732,BDMAP_00001118
train,10733,BDMAP_00001757
train,10734,BDMAP_00000498
train,10735,BDMAP_00000871
train,10736,BDMAP_00003358
train,10737,BDMAP_00000913
train,10738,BDMAP_00000722
train,10739,BDMAP_00002806
train,10740,BDMAP_00001521
train,10741,BDMAP_00002747
train,10742,BDMAP_00004808
train,10743,BDMAP_00000315
train,10744,BDMAP_00000328
train,10745,BDMAP_00004205
train,10746,BDMAP_00003130
train,10747,BDMAP_00003969
train,10748,BDMAP_00001974
train,10749,BDMAP_00000337
train,10750,BDMAP_00002765
train,10751,BDMAP_00002986
train,10752,BDMAP_00003478
train,10753,BDMAP_00003559
train,10754,BDMAP_00002810
train,10755,BDMAP_00000308
train,10756,BDMAP_00003909
train,10757,BDMAP_00000349
train,10758,BDMAP_00003683
train,10759,BDMAP_00004983
train,10760,BDMAP_00002054
train,10761,BDMAP_00000072
train,10762,BDMAP_00001667
train,10763,BDMAP_00001446
train,10764,BDMAP_00004428
train,10765,BDMAP_00004764
train,10766,BDMAP_00001696
train,10767,BDMAP_00002893
train,10768,BDMAP_00003204
train,10769,BDMAP_00001631
train,10770,BDMAP_00001882
train,10771,BDMAP_00000849
train,10772,BDMAP_00004976
train,10773,BDMAP_00002878
train,10774,BDMAP_00003780
train,10775,BDMAP_00001831
train,10776,BDMAP_00001235
train,10777,BDMAP_00005068
train,10778,BDMAP_00003916
train,10779,BDMAP_00000447
train,10780,BDMAP_00000845
train,10781,BDMAP_00004892
train,10782,BDMAP_00004582
train,10783,BDMAP_00002441
train,10784,BDMAP_00003104
train,10785,BDMAP_00001295
train,10786,BDMAP_00004304
train,10787,BDMAP_00003443
train,10788,BDMAP_00005187
train,10789,BDMAP_00000777
train,10790,BDMAP_00002154
train,10791,BDMAP_00004688
train,10792,BDMAP_00004943
train,10793,BDMAP_00003184
train,10794,BDMAP_00003200
train,10795,BDMAP_00001290
train,10796,BDMAP_00004107
train,10797,BDMAP_00004127
train,10798,BDMAP_00003967
train,10799,BDMAP_00001880
train,10800,BDMAP_00001037
train,10801,BDMAP_00000637
train,10802,BDMAP_00004135
train,10803,BDMAP_00004526
train,10804,BDMAP_00001084
train,10805,BDMAP_00000862
train,10806,BDMAP_00000904
train,10807,BDMAP_00000192
train,10808,BDMAP_00000110
train,10809,BDMAP_00001943
train,10810,BDMAP_00004332
train,10811,BDMAP_00002776
train,10812,BDMAP_00002324
train,10813,BDMAP_00002618
train,10814,BDMAP_00001095
train,10815,BDMAP_00004826
train,10816,BDMAP_00003136
train,10817,BDMAP_00004820
train,10818,BDMAP_00003806
train,10819,BDMAP_00002655
train,10820,BDMAP_00005124
train,10821,BDMAP_00004814
train,10822,BDMAP_00002203
train,10823,BDMAP_00000976
train,10824,BDMAP_00000942
train,10825,BDMAP_00002388
train,10826,BDMAP_00003222
train,10827,BDMAP_00003883
train,10828,BDMAP_00005022
train,10829,BDMAP_00002790
train,10830,BDMAP_00000945
train,10831,BDMAP_00001858
train,10832,BDMAP_00004109
train,10833,BDMAP_00003256
train,10834,BDMAP_00002691
train,10835,BDMAP_00001320
train,10836,BDMAP_00003476
train,10837,BDMAP_00003506
train,10838,BDMAP_00002478
train,10839,BDMAP_00001875
train,10840,BDMAP_00004465
train,10841,BDMAP_00002905
train,10842,BDMAP_00000571
train,10843,BDMAP_00001449
train,10844,BDMAP_00003227
train,10845,BDMAP_00003979
train,10846,BDMAP_00004384
train,10847,BDMAP_00003540
train,10848,BDMAP_00002828
train,10849,BDMAP_00001339
train,10850,BDMAP_00003263
train,10851,BDMAP_00000651
train,10852,BDMAP_00002903
train,10853,BDMAP_00002259
train,10854,BDMAP_00002731
train,10855,BDMAP_00002585
train,10856,BDMAP_00003197
train,10857,BDMAP_00004933
train,10858,BDMAP_00001259
train,10859,BDMAP_00004472
train,10860,BDMAP_00000992
train,10861,BDMAP_00003505
train,10862,BDMAP_00000114
train,10863,BDMAP_00000920
train,10864,BDMAP_00002510
train,10865,BDMAP_00000950
train,10866,BDMAP_00003771
train,10867,BDMAP_00002851
train,10868,BDMAP_00004447
train,10869,BDMAP_00002506
train,10870,BDMAP_00001115
train,10871,BDMAP_00000299
train,10872,BDMAP_00001676
train,10873,BDMAP_00003348
train,10874,BDMAP_00002736
train,10875,BDMAP_00004930
train,10876,BDMAP_00004326
train,10877,BDMAP_00002104
train,10878,BDMAP_00004926
train,10879,BDMAP_00001838
train,10880,BDMAP_00000608
train,10881,BDMAP_00001094
train,10882,BDMAP_00004602
train,10883,BDMAP_00004488
train,10884,BDMAP_00000161
train,10885,BDMAP_00000204
train,10886,BDMAP_00005000
train,10887,BDMAP_00002935
train,10888,BDMAP_00002436
train,10889,BDMAP_00001231
train,10890,BDMAP_00004852
train,10891,BDMAP_00004252
train,10892,BDMAP_00003294
train,10893,BDMAP_00004035
train,10894,BDMAP_00004291
train,10895,BDMAP_00004335
train,10896,BDMAP_00005031
train,10897,BDMAP_00003878
train,10898,BDMAP_00004607
train,10899,BDMAP_00000858
train,10900,BDMAP_00002562
train,10901,BDMAP_00003802
train,10902,BDMAP_00002641
train,10903,BDMAP_00004746
train,10904,BDMAP_00004491
train,10905,BDMAP_00002348
train,10906,BDMAP_00002782
train,10907,BDMAP_00004795
train,10908,BDMAP_00000616
train,10909,BDMAP_00002576
train,10910,BDMAP_00003341
train,10911,BDMAP_00001706
train,10912,BDMAP_00001494
train,10913,BDMAP_00004776
train,10914,BDMAP_00000804
train,10915,BDMAP_00000991
train,10916,BDMAP_00003514
train,10917,BDMAP_00000220
train,10918,BDMAP_00004701
train,10919,BDMAP_00001289
train,10920,BDMAP_00003164
train,10921,BDMAP_00002619
train,10922,BDMAP_00003613
train,10923,BDMAP_00000044
train,10924,BDMAP_00003793
train,10925,BDMAP_00003572
train,10926,BDMAP_00001504
train,10927,BDMAP_00003440
train,10928,BDMAP_00001893
train,10929,BDMAP_00001956
train,10930,BDMAP_00001506
train,10931,BDMAP_00000671
train,10932,BDMAP_00000898
train,10933,BDMAP_00002667
train,10934,BDMAP_00003194
train,10935,BDMAP_00002891
train,10936,BDMAP_00002622
train,10937,BDMAP_00002371
train,10938,BDMAP_00001770
train,10939,BDMAP_00005115
train,10940,BDMAP_00000532
train,10941,BDMAP_00003121
train,10942,BDMAP_00000732
train,10943,BDMAP_00003407
train,10944,BDMAP_00002340
train,10945,BDMAP_00005065
train,10946,BDMAP_00002566
train,10947,BDMAP_00005073
train,10948,BDMAP_00001256
train,10949,BDMAP_00002105
train,10950,BDMAP_00004956
train,10951,BDMAP_00004435
train,10952,BDMAP_00003485
train,10953,BDMAP_00003817
train,10954,BDMAP_00004857
train,10955,BDMAP_00004706
train,10956,BDMAP_00001622
train,10957,BDMAP_00001097
train,10958,BDMAP_00002464
train,10959,BDMAP_00001789
train,10960,BDMAP_00000193
train,10961,BDMAP_00000821
train,10962,BDMAP_00004167
train,10963,BDMAP_00002688
train,10964,BDMAP_00005075
train,10965,BDMAP_00002608
train,10966,BDMAP_00000239
train,10967,BDMAP_00004016
train,10968,BDMAP_00002978
train,10969,BDMAP_00000946
train,10970,BDMAP_00003553
train,10971,BDMAP_00003361
train,10972,BDMAP_00004711
train,10973,BDMAP_00002411
train,10974,BDMAP_00004508
train,10975,BDMAP_00003983
train,10976,BDMAP_00000147
train,10977,BDMAP_00002295
train,10978,BDMAP_00003612
train,10979,BDMAP_00001737
train,10980,BDMAP_00000115
train,10981,BDMAP_00004792
train,10982,BDMAP_00000499
train,10983,BDMAP_00000721
train,10984,BDMAP_00003090
train,10985,BDMAP_00000597
train,10986,BDMAP_00001648
train,10987,BDMAP_00002701
train,10988,BDMAP_00001701
train,10989,BDMAP_00002943
train,10990,BDMAP_00000087
train,10991,BDMAP_00002309
train,10992,BDMAP_00002678
train,10993,BDMAP_00002595
train,10994,BDMAP_00005019
train,10995,BDMAP_00001030
train,10996,BDMAP_00000137
train,10997,BDMAP_00004410
train,10998,BDMAP_00001201
train,10999,BDMAP_00000567
train,11000,BDMAP_00003928
train,11001,BDMAP_00004803
train,11002,BDMAP_00002331
train,11003,BDMAP_00003516
train,11004,BDMAP_00002188
train,11005,BDMAP_00000196
train,11006,BDMAP_00000803
train,11007,BDMAP_00002069
train,11008,BDMAP_00004904
train,11009,BDMAP_00000645
train,11010,BDMAP_00000121
train,11011,BDMAP_00002982
train,11012,BDMAP_00003075
train,11013,BDMAP_00003279
train,11014,BDMAP_00002136
train,11015,BDMAP_00000135
train,11016,BDMAP_00002560
train,11017,BDMAP_00000063
train,11018,BDMAP_00001359
train,11019,BDMAP_00004938
train,11020,BDMAP_00002468
train,11021,BDMAP_00000680
train,11022,BDMAP_00000742
train,11023,BDMAP_00003642
train,11024,BDMAP_00003259
train,11025,BDMAP_00004664
train,11026,BDMAP_00001874
train,11027,BDMAP_00002597
train,11028,BDMAP_00001718
train,11029,BDMAP_00002913
train,11030,BDMAP_00002844
train,11031,BDMAP_00004028
train,11032,BDMAP_00000490
train,11033,BDMAP_00000494
train,11034,BDMAP_00000691
train,11035,BDMAP_00003822
train,11036,BDMAP_00000603
train,11037,BDMAP_00001912
train,11038,BDMAP_00003758
train,11039,BDMAP_00002367
train,11040,BDMAP_00004371
train,11041,BDMAP_00001362
train,11042,BDMAP_00001527
train,11043,BDMAP_00005165
train,11044,BDMAP_00001552
train,11045,BDMAP_00001338
train,11046,BDMAP_00003902
train,11047,BDMAP_00003011
train,11048,BDMAP_00002251
train,11049,BDMAP_00002347
train,11050,BDMAP_00002785
train,11051,BDMAP_00000151
train,11052,BDMAP_00002805
train,11053,BDMAP_00002087
train,11054,BDMAP_00003752
train,11055,BDMAP_00002260
train,11056,BDMAP_00004018
train,11057,BDMAP_00005193
train,11058,BDMAP_00005145
train,11059,BDMAP_00003857
train,11060,BDMAP_00000860
train,11061,BDMAP_00004740
train,11062,BDMAP_00004463
train,11063,BDMAP_00001780
train,11064,BDMAP_00004786
train,11065,BDMAP_00001819
train,11066,BDMAP_00002705
train,11067,BDMAP_00000176
train,11068,BDMAP_00002094
train,11069,BDMAP_00003492
train,11070,BDMAP_00001921
train,11071,BDMAP_00000083
train,11072,BDMAP_00000817
train,11073,BDMAP_00000284
train,11074,BDMAP_00000610
train,11075,BDMAP_00002916
train,11076,BDMAP_00001814
train,11077,BDMAP_00001272
train,11078,BDMAP_00005027
train,11079,BDMAP_00002643
train,11080,BDMAP_00004509
train,11081,BDMAP_00002306
train,11082,BDMAP_00004196
train,11083,BDMAP_00004841
train,11084,BDMAP_00004656
train,11085,BDMAP_00004169
train,11086,BDMAP_00003850
train,11087,BDMAP_00002415
train,11088,BDMAP_00003555
train,11089,BDMAP_00004692
train,11090,BDMAP_00004499
train,11091,BDMAP_00002196
train,11092,BDMAP_00002601
train,11093,BDMAP_00004765
train,11094,BDMAP_00004315
train,11095,BDMAP_00003367
train,11096,BDMAP_00005149
train,11097,BDMAP_00002634
train,11098,BDMAP_00002435
train,11099,BDMAP_00004521
train,11100,BDMAP_00003546
train,11101,BDMAP_00005063
train,11102,BDMAP_00000518
train,11103,BDMAP_00005191
train,11104,BDMAP_00001416
train,11105,BDMAP_00004665
train,11106,BDMAP_00004457
train,11107,BDMAP_00002762
train,11108,BDMAP_00004856
train,11109,BDMAP_00000128
train,11110,BDMAP_00003475
train,11111,BDMAP_00004311
train,11112,BDMAP_00002439
train,11113,BDMAP_00003766
train,11114,BDMAP_00004951
train,11115,BDMAP_00001474
train,11116,BDMAP_00004822
train,11117,BDMAP_00003561
train,11118,BDMAP_00003952
train,11119,BDMAP_00000050
train,11120,BDMAP_00000888
train,11121,BDMAP_00002617
train,11122,BDMAP_00000517
train,11123,BDMAP_00003169
train,11124,BDMAP_00002950
train,11125,BDMAP_00001425
train,11126,BDMAP_00000140
train,11127,BDMAP_00001925
train,11128,BDMAP_00002379
train,11129,BDMAP_00003198
train,11130,BDMAP_00000113
train,11131,BDMAP_00004560
train,11132,BDMAP_00004596
train,11133,BDMAP_00003251
train,11134,BDMAP_00004691
train,11135,BDMAP_00004547
train,11136,BDMAP_00003278
train,11137,BDMAP_00004409
train,11138,BDMAP_00003223
train,11139,BDMAP_00000452
train,11140,BDMAP_00003732
train,11141,BDMAP_00002764
train,11142,BDMAP_00000659
train,11143,BDMAP_00004621
train,11144,BDMAP_00001000
train,11145,BDMAP_00000390
train,11146,BDMAP_00003408
train,11147,BDMAP_00001477
train,11148,BDMAP_00002241
train,11149,BDMAP_00002387
train,11150,BDMAP_00000993
train,11151,BDMAP_00003923
train,11152,BDMAP_00002973
train,11153,BDMAP_00003387
train,11154,BDMAP_00004770
train,11155,BDMAP_00001294
train,11156,BDMAP_00001825
train,11157,BDMAP_00002874
train,11158,BDMAP_00004174
train,11159,BDMAP_00002536
train,11160,BDMAP_00001908
train,11161,BDMAP_00000369
train,11162,BDMAP_00001152
train,11163,BDMAP_00004161
train,11164,BDMAP_00004288
train,11165,BDMAP_00000175
train,11166,BDMAP_00001904
train,11167,BDMAP_00001100
train,11168,BDMAP_00003409
train,11169,BDMAP_00001539
train,11170,BDMAP_00002293
train,11171,BDMAP_00001364
train,11172,BDMAP_00000681
train,11173,BDMAP_00003665
train,11174,BDMAP_00001662
train,11175,BDMAP_00000509
train,11176,BDMAP_00000167
train,11177,BDMAP_00001007
train,11178,BDMAP_00003495
train,11179,BDMAP_00004991
train,11180,BDMAP_00002537
train,11181,BDMAP_00001105
train,11182,BDMAP_00003876
train,11183,BDMAP_00001753
train,11184,BDMAP_00002917
train,11185,BDMAP_00000153
train,11186,BDMAP_00003908
train,11187,BDMAP_00002553
train,11188,BDMAP_00002774
train,11189,BDMAP_00003552
train,11190,BDMAP_00003723
train,11191,BDMAP_00004539
train,11192,BDMAP_00001823
train,11193,BDMAP_00004087
train,11194,BDMAP_00000310
train,11195,BDMAP_00003600
train,11196,BDMAP_00003623
train,11197,BDMAP_00003451
train,11198,BDMAP_00004592
train,11199,BDMAP_00000206
train,11200,BDMAP_00001136
train,11201,BDMAP_00002750
train,11202,BDMAP_00003614
train,11203,BDMAP_00000306
train,11204,BDMAP_00001850
train,11205,BDMAP_00001989
train,11206,BDMAP_00003241
train,11207,BDMAP_00002799
train,11208,BDMAP_00004516
train,11209,BDMAP_00003110
train,11210,BDMAP_00004940
train,11211,BDMAP_00004060
train,11212,BDMAP_00001988
train,11213,BDMAP_00000384
train,11214,BDMAP_00004308
train,11215,BDMAP_00003389
train,11216,BDMAP_00003157
train,11217,BDMAP_00002728
train,11218,BDMAP_00003833
train,11219,BDMAP_00004777
train,11220,BDMAP_00004277
train,11221,BDMAP_00000254
train,11222,BDMAP_00000279
train,11223,BDMAP_00003253
train,11224,BDMAP_00002481
train,11225,BDMAP_00000290
train,11226,BDMAP_00005169
train,11227,BDMAP_00003076
train,11228,BDMAP_00000271
train,11229,BDMAP_00004571
train,11230,BDMAP_00004208
train,11231,BDMAP_00003219
train,11232,BDMAP_00001392
train,11233,BDMAP_00003976
train,11234,BDMAP_00004317
train,11235,BDMAP_00000084
train,11236,BDMAP_00000874
train,11237,BDMAP_00004558
train,11238,BDMAP_00004501
train,11239,BDMAP_00004648
train,11240,BDMAP_00002039
train,11241,BDMAP_00002451
train,11242,BDMAP_00003955
train,11243,BDMAP_00002330
train,11244,BDMAP_00005043
train,11245,BDMAP_00004747
train,11246,BDMAP_00001217
train,11247,BDMAP_00001065
train,11248,BDMAP_00003787
train,11249,BDMAP_00004411
train,11250,BDMAP_00002162
train,11251,BDMAP_00003009
train,11252,BDMAP_00001106
train,11253,BDMAP_00004957
train,11254,BDMAP_00004370
train,11255,BDMAP_00002766
train,11256,BDMAP_00003930
train,11257,BDMAP_00002452
train,11258,BDMAP_00003825
train,11259,BDMAP_00002653
train,11260,BDMAP_00003744
train,11261,BDMAP_00002177
train,11262,BDMAP_00003319
train,11263,BDMAP_00002788
train,11264,BDMAP_00004106
train,11265,BDMAP_00001677
train,11266,BDMAP_00003948
train,11267,BDMAP_00002504
train,11268,BDMAP_00002370
train,11269,BDMAP_00004968
train,11270,BDMAP_00002218
train,11271,BDMAP_00002219
train,11272,BDMAP_00003327
train,11273,BDMAP_00003584
train,11274,BDMAP_00000086
train,11275,BDMAP_00002802
train,11276,BDMAP_00003672
train,11277,BDMAP_00003668
train,11278,BDMAP_00004591
train,11279,BDMAP_00002020
train,11280,BDMAP_00002526
train,11281,BDMAP_00002896
train,11282,BDMAP_00004715
train,11283,BDMAP_00003426
train,11284,BDMAP_00002002
train,11285,BDMAP_00000870
train,11286,BDMAP_00000357
train,11287,BDMAP_00001276
train,11288,BDMAP_00001891
train,11289,BDMAP_00003564
train,11290,BDMAP_00004959
train,11291,BDMAP_00002381
train,11292,BDMAP_00003824
train,11293,BDMAP_00003307
train,11294,BDMAP_00003500
train,11295,BDMAP_00001117
train,11296,BDMAP_00003646
train,11297,BDMAP_00002501
train,11298,BDMAP_00002784
train,11299,BDMAP_00003810
train,11300,BDMAP_00001697
train,11301,BDMAP_00002053
train,11302,BDMAP_00001777
train,11303,BDMAP_00003314
train,11304,BDMAP_00004782
train,11305,BDMAP_00001593
train,11306,BDMAP_00001724
train,11307,BDMAP_00000491
train,11308,BDMAP_00003484
train,11309,BDMAP_00005103
train,11310,BDMAP_00005188
train,11311,BDMAP_00003432
train,11312,BDMAP_00000026
train,11313,BDMAP_00003513
train,11314,BDMAP_00002410
train,11315,BDMAP_00003271
train,11316,BDMAP_00001553
train,11317,BDMAP_00003872
train,11318,BDMAP_00003403
train,11319,BDMAP_00004530
train,11320,BDMAP_00000980
train,11321,BDMAP_00002656
train,11322,BDMAP_00001848
train,11323,BDMAP_00001103
train,11324,BDMAP_00003277
train,11325,BDMAP_00003997
train,11326,BDMAP_00000195
train,11327,BDMAP_00004712
train,11328,BDMAP_00000644
train,11329,BDMAP_00003286
train,11330,BDMAP_00003117
train,11331,BDMAP_00003576
train,11332,BDMAP_00004321
train,11333,BDMAP_00002208
train,11334,BDMAP_00004553
train,11335,BDMAP_00003719
train,11336,BDMAP_00000973
train,11337,BDMAP_00000720
train,11338,BDMAP_00003897
train,11339,BDMAP_00002804
train,11340,BDMAP_00002567
train,11341,BDMAP_00004026
train,11342,BDMAP_00000033
train,11343,BDMAP_00004064
train,11344,BDMAP_00001698
train,11345,BDMAP_00002793
train,11346,BDMAP_00002223
train,11347,BDMAP_00003765
train,11348,BDMAP_00003867
train,11349,BDMAP_00003759
train,11350,BDMAP_00003228
train,11351,BDMAP_00003905
train,11352,BDMAP_00002278
train,11353,BDMAP_00001402
train,11354,BDMAP_00000740
train,11355,BDMAP_00004267
train,11356,BDMAP_00003852
train,11357,BDMAP_00000675
train,11358,BDMAP_00003842
train,11359,BDMAP_00001816
train,11360,BDMAP_00004654
train,11361,BDMAP_00002101
train,11362,BDMAP_00001674
train,11363,BDMAP_00002102
train,11364,BDMAP_00004214
train,11365,BDMAP_00001549
train,11366,BDMAP_00003324
train,11367,BDMAP_00000356
train,11368,BDMAP_00005185
train,11369,BDMAP_00001462
train,11370,BDMAP_00003221
train,11371,BDMAP_00005148
train,11372,BDMAP_00001752
train,11373,BDMAP_00001773
train,11374,BDMAP_00001197
train,11375,BDMAP_00001879
train,11376,BDMAP_00002669
train,11377,BDMAP_00003172
train,11378,BDMAP_00002017
train,11379,BDMAP_00002006
train,11380,BDMAP_00003894
train,11381,BDMAP_00003238
train,11382,BDMAP_00004425
train,11383,BDMAP_00004745
train,11384,BDMAP_00002079
train,11385,BDMAP_00000397
train,11386,BDMAP_00002789
train,11387,BDMAP_00004073
train,11388,BDMAP_00001520
train,11389,BDMAP_00001379
train,11390,BDMAP_00001024
train,11391,BDMAP_00002588
train,11392,BDMAP_00005009
train,11393,BDMAP_00002858
train,11394,BDMAP_00001630
train,11395,BDMAP_00004889
train,11396,BDMAP_00004527
train,11397,BDMAP_00003524
train,11398,BDMAP_00003608
train,11399,BDMAP_00000235
train,11400,BDMAP_00003797
train,11401,BDMAP_00004119
train,11402,BDMAP_00005002
train,11403,BDMAP_00003801
train,11404,BDMAP_00005025
train,11405,BDMAP_00001949
train,11406,BDMAP_00000471
train,11407,BDMAP_00003493
train,11408,BDMAP_00002672
train,11409,BDMAP_00002225
train,11410,BDMAP_00001107
train,11411,BDMAP_00002189
train,11412,BDMAP_00000819
train,11413,BDMAP_00004524
train,11414,BDMAP_00000889
train,11415,BDMAP_00002438
train,11416,BDMAP_00000818
train,11417,BDMAP_00003415
train,11418,BDMAP_00002342
train,11419,BDMAP_00003168
train,11420,BDMAP_00001265
train,11421,BDMAP_00005087
train,11422,BDMAP_00005195
train,11423,BDMAP_00004450
train,11424,BDMAP_00004946
train,11425,BDMAP_00004046
train,11426,BDMAP_00001229
train,11427,BDMAP_00005142
train,11428,BDMAP_00000053
train,11429,BDMAP_00000160
train,11430,BDMAP_00001588
train,11431,BDMAP_00001590
train,11432,BDMAP_00003859
train,11433,BDMAP_00002829
train,11434,BDMAP_00000437
train,11435,BDMAP_00003879
train,11436,BDMAP_00001589
train,11437,BDMAP_00002781
train,11438,BDMAP_00004728
train,11439,BDMAP_00000974
train,11440,BDMAP_00001239
train,11441,BDMAP_00002952
train,11442,BDMAP_00002343
train,11443,BDMAP_00002159
train,11444,BDMAP_00001498
train,11445,BDMAP_00004546
train,11446,BDMAP_00004258
train,11447,BDMAP_00002423
train,11448,BDMAP_00005186
train,11449,BDMAP_00000358
train,11450,BDMAP_00002093
train,11451,BDMAP_00002016
train,11452,BDMAP_00000188
train,11453,BDMAP_00003656
train,11454,BDMAP_00003427
train,11455,BDMAP_00001382
train,11456,BDMAP_00000414
train,11457,BDMAP_00005038
train,11458,BDMAP_00004898
train,11459,BDMAP_00003337
train,11460,BDMAP_00003607
train,11461,BDMAP_00003176
train,11462,BDMAP_00000257
train,11463,BDMAP_00000201
train,11464,BDMAP_00002236
train,11465,BDMAP_00004744
train,11466,BDMAP_00001768
train,11467,BDMAP_00004237
train,11468,BDMAP_00001573
train,11469,BDMAP_00000025
train,11470,BDMAP_00003364
train,11471,BDMAP_00001089
train,11472,BDMAP_00004675
train,11473,BDMAP_00002695
train,11474,BDMAP_00003399
train,11475,BDMAP_00003560
train,11476,BDMAP_00002842
train,11477,BDMAP_00002312
train,11478,BDMAP_00003235
train,11479,BDMAP_00004153
train,11480,BDMAP_00001310
train,11481,BDMAP_00000696
train,11482,BDMAP_00003753
train,11483,BDMAP_00001228
train,11484,BDMAP_00002000
train,11485,BDMAP_00000277
train,11486,BDMAP_00002954
train,11487,BDMAP_00003638
train,11488,BDMAP_00004779
train,11489,BDMAP_00004118
train,11490,BDMAP_00001138
train,11491,BDMAP_00002768
train,11492,BDMAP_00000943
train,11493,BDMAP_00002491
train,11494,BDMAP_00004936
train,11495,BDMAP_00003936
train,11496,BDMAP_00002385
train,11497,BDMAP_00000116
train,11498,BDMAP_00003120
train,11499,BDMAP_00004259
train,11500,BDMAP_00002820
train,11501,BDMAP_00003823
train,11502,BDMAP_00004700
train,11503,BDMAP_00003803
train,11504,BDMAP_00003537
train,11505,BDMAP_00003826
train,11506,BDMAP_00004811
train,11507,BDMAP_00001947
train,11508,BDMAP_00003489
train,11509,BDMAP_00001611
train,11510,BDMAP_00004678
train,11511,BDMAP_00004960
train,11512,BDMAP_00004762
train,11513,BDMAP_00002195
train,11514,BDMAP_00005114
train,11515,BDMAP_00000558
train,11516,BDMAP_00001208
train,11517,BDMAP_00001511
train,11518,BDMAP_00003830
train,11519,BDMAP_00003733
train,11520,BDMAP_00003212
train,11521,BDMAP_00003631
train,11522,BDMAP_00000267
train,11523,BDMAP_00001141
train,11524,BDMAP_00003163
train,11525,BDMAP_00003731
train,11526,BDMAP_00001910
train,11527,BDMAP_00002661
train,11528,BDMAP_00000657
train,11529,BDMAP_00000999
train,11530,BDMAP_00002835
train,11531,BDMAP_00001238
train,11532,BDMAP_00002152
train,11533,BDMAP_00005092
train,11534,BDMAP_00002187
train,11535,BDMAP_00001135
train,11536,BDMAP_00005005
train,11537,BDMAP_00001304
train,11538,BDMAP_00001628
train,11539,BDMAP_00001523
train,11540,BDMAP_00000359
train,11541,BDMAP_00000139
train,11542,BDMAP_00000300
train,11543,BDMAP_00001557
train,11544,BDMAP_00005100
train,11545,BDMAP_00000383
train,11546,BDMAP_00004858
train,11547,BDMAP_00003181
train,11548,BDMAP_00000947
train,11549,BDMAP_00002722
train,11550,BDMAP_00001933
train,11551,BDMAP_00003237
train,11552,BDMAP_00003141
train,11553,BDMAP_00004164
train,11554,BDMAP_00003808
train,11555,BDMAP_00004155
train,11556,BDMAP_00004173
train,11557,BDMAP_00000797
train,11558,BDMAP_00002417
train,11559,BDMAP_00000786
train,11560,BDMAP_00003159
train,11561,BDMAP_00000124
train,11562,BDMAP_00002173
train,11563,BDMAP_00004341
train,11564,BDMAP_00000911
train,11565,BDMAP_00002310
train,11566,BDMAP_00003635
train,11567,BDMAP_00001258
train,11568,BDMAP_00004459
train,11569,BDMAP_00001179
train,11570,BDMAP_00004653
train,11571,BDMAP_00003651
train,11572,BDMAP_00000443
train,11573,BDMAP_00001400
train,11574,BDMAP_00001458
train,11575,BDMAP_00001055
train,11576,BDMAP_00003276
train,11577,BDMAP_00003700
train,11578,BDMAP_00003760
train,11579,BDMAP_00000930
train,11580,BDMAP_00001830
train,11581,BDMAP_00002929
train,11582,BDMAP_00004222
train,11583,BDMAP_00003547
train,11584,BDMAP_00002012
train,11585,BDMAP_00003220
train,11586,BDMAP_00002607
train,11587,BDMAP_00003265
train,11588,BDMAP_00004929
train,11589,BDMAP_00000007
train,11590,BDMAP_00002981
train,11591,BDMAP_00003362
train,11592,BDMAP_00004775
train,11593,BDMAP_00001944
train,11594,BDMAP_00001636
train,11595,BDMAP_00001142
train,11596,BDMAP_00002071
train,11597,BDMAP_00003135
train,11598,BDMAP_00005161
train,11599,BDMAP_00002243
train,11600,BDMAP_00001475
train,11601,BDMAP_00001890
train,11602,BDMAP_00003436
train,11603,BDMAP_00003706
train,11604,BDMAP_00002022
train,11605,BDMAP_00004021
train,11606,BDMAP_00002659
train,11607,BDMAP_00001131
train,11608,BDMAP_00001820
train,11609,BDMAP_00004319
train,11610,BDMAP_00004145
train,11611,BDMAP_00004670
train,11612,BDMAP_00001237
train,11613,BDMAP_00001857
train,11614,BDMAP_00002283
train,11615,BDMAP_00004094
train,11616,BDMAP_00003422
train,11617,BDMAP_00000387
train,11618,BDMAP_00001629
train,11619,BDMAP_00003586
train,11620,BDMAP_00002715
train,11621,BDMAP_00003190
train,11622,BDMAP_00004306
train,11623,BDMAP_00000910
train,11624,BDMAP_00001867
train,11625,BDMAP_00001843
train,11626,BDMAP_00002498
train,11627,BDMAP_00000202
train,11628,BDMAP_00005055
train,11629,BDMAP_00004007
train,11630,BDMAP_00002703
train,11631,BDMAP_00003450
train,11632,BDMAP_00000332
train,11633,BDMAP_00002460
train,11634,BDMAP_00001775
train,11635,BDMAP_00002687
train,11636,BDMAP_00000990
train,11637,BDMAP_00000174
train,11638,BDMAP_00004616
train,11639,BDMAP_00003322
train,11640,BDMAP_00003373
train,11641,BDMAP_00003312
train,11642,BDMAP_00004680
train,11643,BDMAP_00003404
train,11644,BDMAP_00000019
train,11645,BDMAP_00003692
train,11646,BDMAP_00004097
train,11647,BDMAP_00003629
train,11648,BDMAP_00002175
train,11649,BDMAP_00001357
train,11650,BDMAP_00005003
train,11651,BDMAP_00003113
train,11652,BDMAP_00000183
train,11653,BDMAP_00001813
train,11654,BDMAP_00004913
train,11655,BDMAP_00001801
train,11656,BDMAP_00002430
train,11657,BDMAP_00001969
train,11658,BDMAP_00004988
train,11659,BDMAP_00004651
train,11660,BDMAP_00001160
train,11661,BDMAP_00001214
train,11662,BDMAP_00001326
train,11663,BDMAP_00004797
train,11664,BDMAP_00001456
train,11665,BDMAP_00004963
train,11666,BDMAP_00001645
train,11667,BDMAP_00002141
train,11668,BDMAP_00004537
train,11669,BDMAP_00004458
train,11670,BDMAP_00004379
train,11671,BDMAP_00000730
train,11672,BDMAP_00004358
train,11673,BDMAP_00001937
train,11674,BDMAP_00003794
train,11675,BDMAP_00003737
train,11676,BDMAP_00002262
train,11677,BDMAP_00001111
train,11678,BDMAP_00002999
train,11679,BDMAP_00002395
train,11680,BDMAP_00001186
train,11681,BDMAP_00002008
train,11682,BDMAP_00000194
train,11683,BDMAP_00002902
train,11684,BDMAP_00000579
train,11685,BDMAP_00000772
train,11686,BDMAP_00002396
train,11687,BDMAP_00001479
train,11688,BDMAP_00001847
train,11689,BDMAP_00004275
train,11690,BDMAP_00003741
train,11691,BDMAP_00004601
train,11692,BDMAP_00004916
train,11693,BDMAP_00002074
train,11694,BDMAP_00004755
train,11695,BDMAP_00001897
train,11696,BDMAP_00003660
train,11697,BDMAP_00002380
train,11698,BDMAP_00001448
train,11699,BDMAP_00000343
train,11700,BDMAP_00005128
train,11701,BDMAP_00003137
train,11702,BDMAP_00002528
train,11703,BDMAP_00000728
train,11704,BDMAP_00004578
train,11705,BDMAP_00000977
train,11706,BDMAP_00003517
train,11707,BDMAP_00003941
train,11708,BDMAP_00001300
train,11709,BDMAP_00001349
train,11710,BDMAP_00000661
train,11711,BDMAP_00001493
train,11712,BDMAP_00005155
train,11713,BDMAP_00002316
train,11714,BDMAP_00001086
train,11715,BDMAP_00002525
train,11716,BDMAP_00003199
train,11717,BDMAP_00000068
train,11718,BDMAP_00000041
train,11719,BDMAP_00002270
train,11720,BDMAP_00004917
train,11721,BDMAP_00003448
train,11722,BDMAP_00002368
train,11723,BDMAP_00002513
train,11724,BDMAP_00002724
train,11725,BDMAP_00001144
train,11726,BDMAP_00004729
train,11727,BDMAP_00003790
train,11728,BDMAP_00002221
train,11729,BDMAP_00005076
train,11730,BDMAP_00002332
train,11731,BDMAP_00004089
train,11732,BDMAP_00001968
train,11733,BDMAP_00004366
train,11734,BDMAP_00000424
train,11735,BDMAP_00000281
train,11736,BDMAP_00001905
train,11737,BDMAP_00000596
train,11738,BDMAP_00003918
train,11739,BDMAP_00003619
train,11740,BDMAP_00000840
train,11741,BDMAP_00004597
train,11742,BDMAP_00000142
train,11743,BDMAP_00002598
train,11744,BDMAP_00001378
train,11745,BDMAP_00003675
train,11746,BDMAP_00004742
train,11747,BDMAP_00003809
train,11748,BDMAP_00001139
train,11749,BDMAP_00002258
train,11750,BDMAP_00001788
train,11751,BDMAP_00003939
train,11752,BDMAP_00004647
train,11753,BDMAP_00000460
train,11754,BDMAP_00000949
train,11755,BDMAP_00003701
train,11756,BDMAP_00001337
train,11757,BDMAP_00004629
train,11758,BDMAP_00000442
train,11759,BDMAP_00001603
train,11760,BDMAP_00002239
train,11761,BDMAP_00000640
train,11762,BDMAP_00003831
train,11763,BDMAP_00001959
train,11764,BDMAP_00001071
train,11765,BDMAP_00000156
train,11766,BDMAP_00002296
train,11767,BDMAP_00004579
train,11768,BDMAP_00001090
train,11769,BDMAP_00002941
train,11770,BDMAP_00000724
train,11771,BDMAP_00004385
train,11772,BDMAP_00000931
train,11773,BDMAP_00002910
train,11774,BDMAP_00000896
train,11775,BDMAP_00003248
train,11776,BDMAP_00002327
train,11777,BDMAP_00005039
train,11778,BDMAP_00004137
train,11779,BDMAP_00001716
train,11780,BDMAP_00001699
train,11781,BDMAP_00003832
train,11782,BDMAP_00003349
train,11783,BDMAP_00000986
train,11784,BDMAP_00001822
train,11785,BDMAP_00004572
train,11786,BDMAP_00000588
train,11787,BDMAP_00005078
train,11788,BDMAP_00003558
train,11789,BDMAP_00001396
train,11790,BDMAP_00000265
train,11791,BDMAP_00003548
train,11792,BDMAP_00003070
train,11793,BDMAP_00005026
train,11794,BDMAP_00003865
train,11795,BDMAP_00002401
train,11796,BDMAP_00003712
train,11797,BDMAP_00000247
train,11798,BDMAP_00001595
train,11799,BDMAP_00001530
train,11800,BDMAP_00000924
train,11801,BDMAP_00004365
train,11802,BDMAP_00000670
train,11803,BDMAP_00003605
train,11804,BDMAP_00005109
train,11805,BDMAP_00001911
train,11806,BDMAP_00003959
train,11807,BDMAP_00002697
train,11808,BDMAP_00002592
train,11809,BDMAP_00001782
train,11810,BDMAP_00003014
train,11811,BDMAP_00002308
train,11812,BDMAP_00003691
train,11813,BDMAP_00000688
train,11814,BDMAP_00000613
train,11815,BDMAP_00003201
train,11816,BDMAP_00002268
train,11817,BDMAP_00001899
train,11818,BDMAP_00000259
train,11819,BDMAP_00002925
train,11820,BDMAP_00004944
train,11821,BDMAP_00002823
train,11822,BDMAP_00003340
train,11823,BDMAP_00003526
train,11824,BDMAP_00004564
train,11825,BDMAP_00002286
train,11826,BDMAP_00004655
train,11827,BDMAP_00005001
train,11828,BDMAP_00000485
train,11829,BDMAP_00002212
train,11830,BDMAP_00002556
train,11831,BDMAP_00000008
train,11832,BDMAP_00003658
train,11833,BDMAP_00004875
train,11834,BDMAP_00004403
train,11835,BDMAP_00002427
train,11836,BDMAP_00001815
train,11837,BDMAP_00002275
train,11838,BDMAP_00001012
train,11839,BDMAP_00001068
train,11840,BDMAP_00001992
train,11841,BDMAP_00003971
train,11842,BDMAP_00004543
train,11843,BDMAP_00003868
train,11844,BDMAP_00003049
train,11845,BDMAP_00000782
train,11846,BDMAP_00002676
train,11847,BDMAP_00001750
train,11848,BDMAP_00002792
train,11849,BDMAP_00004980
train,11850,BDMAP_00001092
train,11851,BDMAP_00004628
train,11852,BDMAP_00002325
train,11853,BDMAP_00005056
train,11854,BDMAP_00002609
train,11855,BDMAP_00002291
train,11856,BDMAP_00001728
train,11857,BDMAP_00000611
train,11858,BDMAP_00004667
train,11859,BDMAP_00000344
train,11860,BDMAP_00003751
train,11861,BDMAP_00003216
train,11862,BDMAP_00000098
train,11863,BDMAP_00005177
train,11864,BDMAP_00001538
train,11865,BDMAP_00003589
train,11866,BDMAP_00003649
train,11867,BDMAP_00002658
train,11868,BDMAP_00001518
train,11869,BDMAP_00005062
train,11870,BDMAP_00004625
train,11871,BDMAP_00004273
train,11872,BDMAP_00003670
train,11873,BDMAP_00002091
train,11874,BDMAP_00000573
train,11875,BDMAP_00003063
train,11876,BDMAP_00004480
train,11877,BDMAP_00004949
train,11878,BDMAP_00000371
train,11879,BDMAP_00001939
train,11880,BDMAP_00001754
train,11881,BDMAP_00003671
train,11882,BDMAP_00003653
train,11883,BDMAP_00002362
train,11884,BDMAP_00004261
train,11885,BDMAP_00004992
train,11886,BDMAP_00003738
train,11887,BDMAP_00001172
train,11888,BDMAP_00001423
train,11889,BDMAP_00000875
train,11890,BDMAP_00002298
train,11891,BDMAP_00002644
train,11892,BDMAP_00001720
train,11893,BDMAP_00000841
train,11894,BDMAP_00000582
train,11895,BDMAP_00000205
train,11896,BDMAP_00001642
train,11897,BDMAP_00002015
train,11898,BDMAP_00003254
train,11899,BDMAP_00000906
train,11900,BDMAP_00000632
train,11901,BDMAP_00001975
train,11902,BDMAP_00000163
train,11903,BDMAP_00004999
train,11904,BDMAP_00004714
train,11905,BDMAP_00000876
train,11906,BDMAP_00001432
train,11907,BDMAP_00004644
train,11908,BDMAP_00005081
train,11909,BDMAP_00002857
train,11910,BDMAP_00001862
train,11911,BDMAP_00002660
train,11912,BDMAP_00003385
train,11913,BDMAP_00004734
train,11914,BDMAP_00003332
train,11915,BDMAP_00002097
train,11916,BDMAP_00002004
train,11917,BDMAP_00005018
train,11918,BDMAP_00000547
train,11919,BDMAP_00001450
train,11920,BDMAP_00002611
train,11921,BDMAP_00001901
train,11922,BDMAP_00002758
train,11923,BDMAP_00001886
train,11924,BDMAP_00002098
train,11925,BDMAP_00000500
train,11926,BDMAP_00000837
train,11927,BDMAP_00003472
train,11928,BDMAP_00004698
train,11929,BDMAP_00002172
train,11930,BDMAP_00000399
train,11931,BDMAP_00002011
train,11932,BDMAP_00005167
train,11933,BDMAP_00001284
train,11934,BDMAP_00004257
train,11935,BDMAP_00001837
train,11936,BDMAP_00001020
train,11937,BDMAP_00001327
train,11938,BDMAP_00000476
train,11939,BDMAP_00002811
train,11940,BDMAP_00001652
train,11941,BDMAP_00001170
train,11942,BDMAP_00002529
train,11943,BDMAP_00001207
train,11944,BDMAP_00000868
train,11945,BDMAP_00002975
train,11946,BDMAP_00005094
train,11947,BDMAP_00000542
train,11948,BDMAP_00005196
train,11949,BDMAP_00001133
train,11950,BDMAP_00003391
train,11951,BDMAP_00002963
train,11952,BDMAP_00004156
train,11953,BDMAP_00003260
train,11954,BDMAP_00002584
train,11955,BDMAP_00002814
train,11956,BDMAP_00002948
train,11957,BDMAP_00005175
train,11958,BDMAP_00003587
train,11959,BDMAP_00002564
train,11960,BDMAP_00002631
train,11961,BDMAP_00003191
train,11962,BDMAP_00005037
train,11963,BDMAP_00001081
train,11964,BDMAP_00004284
train,11965,BDMAP_00002086
train,11966,BDMAP_00002453
train,11967,BDMAP_00004967
train,11968,BDMAP_00002024
train,11969,BDMAP_00000227
train,11970,BDMAP_00001014
train,11971,BDMAP_00001930
train,11972,BDMAP_00001405
train,11973,BDMAP_00002180
train,11974,BDMAP_00000698
train,11975,BDMAP_00001125
train,11976,BDMAP_00003896
train,11977,BDMAP_00005111
train,11978,BDMAP_00001779
train,11979,BDMAP_00002635
train,11980,BDMAP_00003490
train,11981,BDMAP_00001038
train,11982,BDMAP_00002257
train,11983,BDMAP_00002614
train,11984,BDMAP_00000314
train,11985,BDMAP_00002650
train,11986,BDMAP_00002282
train,11987,BDMAP_00002548
train,11988,BDMAP_00005133
train,11989,BDMAP_00002160
train,11990,BDMAP_00003138
train,11991,BDMAP_00003968
train,11992,BDMAP_00001429
train,11993,BDMAP_00002521
train,11994,BDMAP_00000449
train,11995,BDMAP_00001285
train,11996,BDMAP_00003728
train,11997,BDMAP_00000362
train,11998,BDMAP_00005150
train,11999,BDMAP_00002461
train,12000,BDMAP_00000023
train,12001,BDMAP_00002067
train,12002,BDMAP_00001654
train,12003,BDMAP_00000703
train,12004,BDMAP_00002744
train,12005,BDMAP_00001377
train,12006,BDMAP_00001725
train,12007,BDMAP_00002469
train,12008,BDMAP_00003755
train,12009,BDMAP_00002326
train,12010,BDMAP_00000461
train,12011,BDMAP_00005164
train,12012,BDMAP_00004184
train,12013,BDMAP_00004083
train,12014,BDMAP_00001487
train,12015,BDMAP_00003679
train,12016,BDMAP_00000283
train,12017,BDMAP_00004559
train,12018,BDMAP_00004309
train,12019,BDMAP_00004866
train,12020,BDMAP_00003538
train,12021,BDMAP_00002582
train,12022,BDMAP_00001369
train,12023,BDMAP_00000598
train,12024,BDMAP_00004352
train,12025,BDMAP_00004759
train,12026,BDMAP_00000647
train,12027,BDMAP_00003469
train,12028,BDMAP_00002991
train,12029,BDMAP_00004876
train,12030,BDMAP_00002545
train,12031,BDMAP_00004067
train,12032,BDMAP_00003989
train,12033,BDMAP_00002161
train,12034,BDMAP_00000686
train,12035,BDMAP_00003244
train,12036,BDMAP_00004084
train,12037,BDMAP_00002838
train,12038,BDMAP_00003698
train,12039,BDMAP_00004942
train,12040,BDMAP_00004584
train,12041,BDMAP_00004041
train,12042,BDMAP_00002231
train,12043,BDMAP_00002321
train,12044,BDMAP_00004879
train,12045,BDMAP_00000522
train,12046,BDMAP_00000523
train,12047,BDMAP_00001312
train,12048,BDMAP_00003984
train,12049,BDMAP_00000781
train,12050,BDMAP_00000652
train,12051,BDMAP_00002197
train,12052,BDMAP_00000370
train,12053,BDMAP_00004215
train,12054,BDMAP_00000378
train,12055,BDMAP_00002217
train,12056,BDMAP_00001614
train,12057,BDMAP_00001828
train,12058,BDMAP_00003633
train,12059,BDMAP_00000963
train,12060,BDMAP_00002994
train,12061,BDMAP_00000360
train,12062,BDMAP_00003840
train,12063,BDMAP_00001247
train,12064,BDMAP_00005088
train,12065,BDMAP_00003695
train,12066,BDMAP_00001574
train,12067,BDMAP_00002568
train,12068,BDMAP_00003424
train,12069,BDMAP_00002038
train,12070,BDMAP_00000773
train,12071,BDMAP_00003563
train,12072,BDMAP_00000563
train,12073,BDMAP_00002547
train,12074,BDMAP_00004532
train,12075,BDMAP_00001675
train,12076,BDMAP_00000366
train,12077,BDMAP_00004328
train,12078,BDMAP_00000148
train,12079,BDMAP_00001669
train,12080,BDMAP_00003089
train,12081,BDMAP_00000408
train,12082,BDMAP_00003457
train,12083,BDMAP_00004183
train,12084,BDMAP_00003577
train,12085,BDMAP_00003272
train,12086,BDMAP_00004941
train,12087,BDMAP_00001032
train,12088,BDMAP_00000856
train,12089,BDMAP_00003927
train,12090,BDMAP_00000079
train,12091,BDMAP_00002248
train,12092,BDMAP_00000789
train,12093,BDMAP_00002280
train,12094,BDMAP_00004096
train,12095,BDMAP_00003898
train,12096,BDMAP_00003632
train,12097,BDMAP_00000425
train,12098,BDMAP_00000393
train,12099,BDMAP_00000017
train,12100,BDMAP_00004201
train,12101,BDMAP_00002673
train,12102,BDMAP_00002445
train,12103,BDMAP_00003494
train,12104,BDMAP_00001460
train,12105,BDMAP_00003836
train,12106,BDMAP_00004725
train,12107,BDMAP_00002356
train,12108,BDMAP_00004799
train,12109,BDMAP_00002443
train,12110,BDMAP_00004593
train,12111,BDMAP_00000465
train,12112,BDMAP_00000164
train,12113,BDMAP_00000242
train,12114,BDMAP_00002010
train,12115,BDMAP_00003085
train,12116,BDMAP_00000901
train,12117,BDMAP_00004838
train,12118,BDMAP_00002294
train,12119,BDMAP_00004482
train,12120,BDMAP_00004606
train,12121,BDMAP_00003717
train,12122,BDMAP_00001765
train,12123,BDMAP_00001550
train,12124,BDMAP_00003030
train,12125,BDMAP_00002045
train,12126,BDMAP_00000768
train,12127,BDMAP_00001509
train,12128,BDMAP_00003303
train,12129,BDMAP_00004518
train,12130,BDMAP_00004220
train,12131,BDMAP_00003293
train,12132,BDMAP_00000820
train,12133,BDMAP_00001404
train,12134,BDMAP_00001383
train,12135,BDMAP_00002149
train,12136,BDMAP_00001639
train,12137,BDMAP_00000609
train,12138,BDMAP_00000400
train,12139,BDMAP_00000883
train,12140,BDMAP_00003566
train,12141,BDMAP_00004286
train,12142,BDMAP_00001180
train,12143,BDMAP_00004245
train,12144,BDMAP_00002131
train,12145,BDMAP_00005079
train,12146,BDMAP_00000457
train,12147,BDMAP_00005176
train,12148,BDMAP_00001951
train,12149,BDMAP_00000690
train,12150,BDMAP_00001954
train,12151,BDMAP_00002711
train,12152,BDMAP_00004350
train,12153,BDMAP_00004139
train,12154,BDMAP_00001885
train,12155,BDMAP_00004486
train,12156,BDMAP_00002495
train,12157,BDMAP_00003037
train,12158,BDMAP_00003604
train,12159,BDMAP_00000846
train,12160,BDMAP_00000543
train,12161,BDMAP_00003725
train,12162,BDMAP_00004188
train,12163,BDMAP_00003680
train,12164,BDMAP_00002965
train,12165,BDMAP_00002530
train,12166,BDMAP_00001049
train,12167,BDMAP_00001961
train,12168,BDMAP_00002531
train,12169,BDMAP_00000238
train,12170,BDMAP_00004918
train,12171,BDMAP_00001134
train,12172,BDMAP_00004260
train,12173,BDMAP_00002979
train,12174,BDMAP_00003920
train,12175,BDMAP_00003139
train,12176,BDMAP_00004074
train,12177,BDMAP_00003288
train,12178,BDMAP_00003230
train,12179,BDMAP_00001827
train,12180,BDMAP_00000594
train,12181,BDMAP_00002726
train,12182,BDMAP_00004138
train,12183,BDMAP_00000561
train,12184,BDMAP_00000244
train,12185,BDMAP_00004438
train,12186,BDMAP_00000406
train,12187,BDMAP_00001443
train,12188,BDMAP_00000262
train,12189,BDMAP_00001690
train,12190,BDMAP_00001726
train,12191,BDMAP_00004931
train,12192,BDMAP_00002497
train,12193,BDMAP_00000341
train,12194,BDMAP_00001602
train,12195,BDMAP_00004577
train,12196,BDMAP_00003726
train,12197,BDMAP_00002557
train,12198,BDMAP_00002786
train,12199,BDMAP_00001524
train,12200,BDMAP_00002832
train,12201,BDMAP_00001013
train,12202,BDMAP_00004896
train,12203,BDMAP_00001767
train,12204,BDMAP_00004552
train,12205,BDMAP_00004038
train,12206,BDMAP_00000149
train,12207,BDMAP_00000286
train,12208,BDMAP_00000364
train,12209,BDMAP_00004726
train,12210,BDMAP_00004444
train,12211,BDMAP_00000237
train,12212,BDMAP_00002563
train,12213,BDMAP_00003084
train,12214,BDMAP_00002960
train,12215,BDMAP_00002103
train,12216,BDMAP_00000633
train,12217,BDMAP_00002494
train,12218,BDMAP_00002666
train,12219,BDMAP_00004407
train,12220,BDMAP_00002335
train,12221,BDMAP_00003620
train,12222,BDMAP_00003884
train,12223,BDMAP_00004212
train,12224,BDMAP_00001495
train,12225,BDMAP_00002402
train,12226,BDMAP_00003875
train,12227,BDMAP_00001233
train,12228,BDMAP_00002662
train,12229,BDMAP_00002818
train,12230,BDMAP_00002775
train,12231,BDMAP_00004154
train,12232,BDMAP_00003062
train,12233,BDMAP_00000067
train,12234,BDMAP_00001736
train,12235,BDMAP_00002824
train,12236,BDMAP_00002476
train,12237,BDMAP_00002565
train,12238,BDMAP_00003714
train,12239,BDMAP_00000708
train,12240,BDMAP_00003047
train,12241,BDMAP_00005190
train,12242,BDMAP_00000073
train,12243,BDMAP_00004449
train,12244,BDMAP_00004840
train,12245,BDMAP_00004132
train,12246,BDMAP_00005102
train,12247,BDMAP_00001191
train,12248,BDMAP_00002602
train,12249,BDMAP_00001126
train,12250,BDMAP_00001242
train,12251,BDMAP_00003603
train,12252,BDMAP_00002350
train,12253,BDMAP_00003352
train,12254,BDMAP_00005095
train,12255,BDMAP_00004009
train,12256,BDMAP_00001578
train,12257,BDMAP_00003907
train,12258,BDMAP_00003730
train,12259,BDMAP_00004359
train,12260,BDMAP_00001344
train,12261,BDMAP_00000441
train,12262,BDMAP_00001101
train,12263,BDMAP_00002638
train,12264,BDMAP_00000650
train,12265,BDMAP_00001547
train,12266,BDMAP_00002853
train,12267,BDMAP_00003504
train,12268,BDMAP_00000631
train,12269,BDMAP_00004769
train,12270,BDMAP_00001250
train,12271,BDMAP_00000483
train,12272,BDMAP_00001585
train,12273,BDMAP_00004677
train,12274,BDMAP_00001463
train,12275,BDMAP_00003041
train,12276,BDMAP_00005011
train,12277,BDMAP_00003274
train,12278,BDMAP_00003684
train,12279,BDMAP_00004146
train,12280,BDMAP_00004955
train,12281,BDMAP_00003226
train,12282,BDMAP_00001073
train,12283,BDMAP_00004816
train,12284,BDMAP_00002632
train,12285,BDMAP_00001661
train,12286,BDMAP_00002426
train,12287,BDMAP_00005080
train,12288,BDMAP_00003098
train,12289,BDMAP_00003977
train,12290,BDMAP_00001244
train,12291,BDMAP_00001301
train,12292,BDMAP_00001709
train,12293,BDMAP_00001409
train,12294,BDMAP_00001846
train,12295,BDMAP_00001799
train,12296,BDMAP_00003958
train,12297,BDMAP_00001476
train,12298,BDMAP_00000036
train,12299,BDMAP_00000445
train,12300,BDMAP_00002360
train,12301,BDMAP_00003655
train,12302,BDMAP_00003180
train,12303,BDMAP_00001287
train,12304,BDMAP_00004446
train,12305,BDMAP_00003417
train,12306,BDMAP_00002138
train,12307,BDMAP_00002637
train,12308,BDMAP_00004017
train,12309,BDMAP_00004098
train,12310,BDMAP_00001682
train,12311,BDMAP_00001693
train,12312,BDMAP_00003636
train,12313,BDMAP_00000373
train,12314,BDMAP_00004883
train,12315,BDMAP_00004566
train,12316,BDMAP_00000141
train,12317,BDMAP_00004885
train,12318,BDMAP_00004420
train,12319,BDMAP_00000715
train,12320,BDMAP_00003189
train,12321,BDMAP_00004432
train,12322,BDMAP_00000407
train,12323,BDMAP_00000021
train,12324,BDMAP_00001005
train,12325,BDMAP_00004987
train,12326,BDMAP_00002412
train,12327,BDMAP_00002546
train,12328,BDMAP_00002391
train,12329,BDMAP_00000043
train,12330,BDMAP_00002831
train,12331,BDMAP_00003372
train,12332,BDMAP_00003023
train,12333,BDMAP_00003365
train,12334,BDMAP_00004400
train,12335,BDMAP_00000012
train,12336,BDMAP_00004761
train,12337,BDMAP_00001178
train,12338,BDMAP_00001948
train,12339,BDMAP_00002502
train,12340,BDMAP_00002864
train,12341,BDMAP_00003866
train,12342,BDMAP_00001027
train,12343,BDMAP_00003849
train,12344,BDMAP_00002990
train,12345,BDMAP_00000962
train,12346,BDMAP_00002890
train,12347,BDMAP_00003016
train,12348,BDMAP_00003339
train,12349,BDMAP_00000736
train,12350,BDMAP_00004401
train,12351,BDMAP_00001441
train,12352,BDMAP_00002876
train,12353,BDMAP_00003987
train,12354,BDMAP_00000917
train,12355,BDMAP_00004090
train,12356,BDMAP_00002773
train,12357,BDMAP_00001625
train,12358,BDMAP_00000455
train,12359,BDMAP_00000822
train,12360,BDMAP_00001368
train,12361,BDMAP_00003713
train,12362,BDMAP_00001389
train,12363,BDMAP_00000851
train,12364,BDMAP_00001001
train,12365,BDMAP_00004115
train,12366,BDMAP_00001638
train,12367,BDMAP_00001668
train,12368,BDMAP_00004590
train,12369,BDMAP_00003174
train,12370,BDMAP_00001348
train,12371,BDMAP_00003231
train,12372,BDMAP_00004784
train,12373,BDMAP_00003233
train,12374,BDMAP_00000704
train,12375,BDMAP_00005106
train,12376,BDMAP_00003292
train,12377,BDMAP_00003674
train,12378,BDMAP_00002409
train,12379,BDMAP_00001328
train,12380,BDMAP_00004910
train,12381,BDMAP_00004441
train,12382,BDMAP_00001864
train,12383,BDMAP_00000987
train,12384,BDMAP_00004684
train,12385,BDMAP_00003953
train,12386,BDMAP_00004050
train,12387,BDMAP_00003486
train,12388,BDMAP_00002475
train,12389,BDMAP_00003874
train,12390,BDMAP_00001199
train,12391,BDMAP_00004182
train,12392,BDMAP_00001519
train,12393,BDMAP_00001800
train,12394,BDMAP_00001015
train,12395,BDMAP_00000129
train,12396,BDMAP_00001365
train,12397,BDMAP_00004471
train,12398,BDMAP_00000892
train,12399,BDMAP_00002794
train,12400,BDMAP_00001970
train,12401,BDMAP_00004404
train,12402,BDMAP_00003924
train,12403,BDMAP_00003250
train,12404,BDMAP_00001209
train,12405,BDMAP_00003869
train,12406,BDMAP_00004066
train,12407,BDMAP_00001240
train,12408,BDMAP_00002290
train,12409,BDMAP_00002741
train,12410,BDMAP_00000276
train,12411,BDMAP_00004586
train,12412,BDMAP_00001036
train,12413,BDMAP_00001230
train,12414,BDMAP_00001009
train,12415,BDMAP_00005179
train,12416,BDMAP_00003829
train,12417,BDMAP_00002533
train,12418,BDMAP_00004294
train,12419,BDMAP_00001059
train,12420,BDMAP_00000282
train,12421,BDMAP_00001044
train,12422,BDMAP_00001317
train,12423,BDMAP_00000969
train,12424,BDMAP_00002382
train,12425,BDMAP_00003954
train,12426,BDMAP_00001940
train,12427,BDMAP_00001275
train,12428,BDMAP_00000620
train,12429,BDMAP_00001743
train,12430,BDMAP_00001391
train,12431,BDMAP_00002204
train,12432,BDMAP_00001580
train,12433,BDMAP_00001656
train,12434,BDMAP_00003569
train,12435,BDMAP_00002353
train,12436,BDMAP_00002213
train,12437,BDMAP_00003179
train,12438,BDMAP_00003193
train,12439,BDMAP_00001308
train,12440,BDMAP_00000576
train,12441,BDMAP_00002361
train,12442,BDMAP_00001281
train,12443,BDMAP_00004958
train,12444,BDMAP_00001994
train,12445,BDMAP_00002640
train,12446,BDMAP_00000270
train,12447,BDMAP_00000630
train,12448,BDMAP_00003082
train,12449,BDMAP_00003467
train,12450,BDMAP_00004397
train,12451,BDMAP_00004024
train,12452,BDMAP_00002047
train,12453,BDMAP_00004357
train,12454,BDMAP_00002114
train,12455,BDMAP_00000028
train,12456,BDMAP_00002041
train,12457,BDMAP_00003929
train,12458,BDMAP_00002939
train,12459,BDMAP_00003217
train,12460,BDMAP_00004934
train,12461,BDMAP_00003815
train,12462,BDMAP_00000130
train,12463,BDMAP_00002279
train,12464,BDMAP_00004600
train,12465,BDMAP_00000014
train,12466,BDMAP_00004477
train,12467,BDMAP_00001526
train,12468,BDMAP_00002366
train,12469,BDMAP_00004649
train,12470,BDMAP_00003053
train,12471,BDMAP_00004006
train,12472,BDMAP_00002341
train,12473,BDMAP_00000375
train,12474,BDMAP_00000526
train,12475,BDMAP_00000940
train,12476,BDMAP_00003370
train,12477,BDMAP_00004574
train,12478,BDMAP_00002148
train,12479,BDMAP_00003592
train,12480,BDMAP_00004890
train,12481,BDMAP_00002959
train,12482,BDMAP_00003624
train,12483,BDMAP_00000530
train,12484,BDMAP_00003715
train,12485,BDMAP_00004733
train,12486,BDMAP_00001270
train,12487,BDMAP_00004282
train,12488,BDMAP_00001395
train,12489,BDMAP_00004851
train,12490,BDMAP_00004010
train,12491,BDMAP_00004391
train,12492,BDMAP_00001798
train,12493,BDMAP_00002980
train,12494,BDMAP_00001442
train,12495,BDMAP_00002626
train,12496,BDMAP_00003812
train,12497,BDMAP_00001274
train,12498,BDMAP_00004704
train,12499,BDMAP_00001713
train,12500,BDMAP_00000956
train,12501,BDMAP_00000404
train,12502,BDMAP_00002072
train,12503,BDMAP_00001978
train,12504,BDMAP_00000159
train,12505,BDMAP_00003889
train,12506,BDMAP_00000903
train,12507,BDMAP_00000353
train,12508,BDMAP_00004541
train,12509,BDMAP_00004131
train,12510,BDMAP_00000755
train,12511,BDMAP_00002972
train,12512,BDMAP_00001083
train,12513,BDMAP_00002921
train,12514,BDMAP_00000312
train,12515,BDMAP_00004645
train,12516,BDMAP_00000662
train,12517,BDMAP_00001990
train,12518,BDMAP_00003666
train,12519,BDMAP_00000307
train,12520,BDMAP_00002336
train,12521,BDMAP_00004791
train,12522,BDMAP_00002357
train,12523,BDMAP_00003703
train,12524,BDMAP_00003805
train,12525,BDMAP_00001928
train,12526,BDMAP_00003428
train,12527,BDMAP_00000750
train,12528,BDMAP_00003639
train,12529,BDMAP_00001267
train,12530,BDMAP_00002957
train,12531,BDMAP_00003596
train,12532,BDMAP_00002135
train,12533,BDMAP_00005067
train,12534,BDMAP_00004110
train,12535,BDMAP_00004970
train,12536,BDMAP_00004905
train,12537,BDMAP_00000515
train,12538,BDMAP_00000895
train,12539,BDMAP_00000410
train,12540,BDMAP_00003462
train,12541,BDMAP_00000900
train,12542,BDMAP_00000208
train,12543,BDMAP_00000459
train,12544,BDMAP_00002055
train,12545,BDMAP_00002431
train,12546,BDMAP_00000251
train,12547,BDMAP_00001108
train,12548,BDMAP_00003390
train,12549,BDMAP_00001714
train,12550,BDMAP_00003912
train,12551,BDMAP_00000716
train,12552,BDMAP_00000553
train,12553,BDMAP_00001440
train,12554,BDMAP_00002271
train,12555,BDMAP_00003145
train,12556,BDMAP_00002057
train,12557,BDMAP_00001926
train,12558,BDMAP_00000635
train,12559,BDMAP_00000317
train,12560,BDMAP_00000428
train,12561,BDMAP_00000106
train,12562,BDMAP_00003042
train,12563,BDMAP_00004239
train,12564,BDMAP_00002170
train,12565,BDMAP_00001710
train,12566,BDMAP_00000090
train,12567,BDMAP_00002242
train,12568,BDMAP_00003175
train,12569,BDMAP_00001950
train,12570,BDMAP_00004045
train,12571,BDMAP_00002849
train,12572,BDMAP_00000002
train,12573,BDMAP_00004338
train,12574,BDMAP_00000936
train,12575,BDMAP_00000714
train,12576,BDMAP_00002721
train,12577,BDMAP_00000592
train,12578,BDMAP_00002937
train,12579,BDMAP_00002449
train,12580,BDMAP_00001577
train,12581,BDMAP_00003763
train,12582,BDMAP_00000214
train,12583,BDMAP_00000779
train,12584,BDMAP_00003497
train,12585,BDMAP_00002044
train,12586,BDMAP_00001568
train,12587,BDMAP_00000166
train,12588,BDMAP_00004703
train,12589,BDMAP_00003567
train,12590,BDMAP_00002014
train,12591,BDMAP_00000274
train,12592,BDMAP_00003861
train,12593,BDMAP_00004168
train,12594,BDMAP_00003789
train,12595,BDMAP_00005184
train,12596,BDMAP_00000395
train,12597,BDMAP_00000584
train,12598,BDMAP_00000117
train,12599,BDMAP_00000521
train,12600,BDMAP_00001764
train,12601,BDMAP_00001876
train,12602,BDMAP_00003966
train,12603,BDMAP_00003345
train,12604,BDMAP_00002254
train,12605,BDMAP_00003225
train,12606,BDMAP_00000527
train,12607,BDMAP_00002947
train,12608,BDMAP_00004474
train,12609,BDMAP_00003900
train,12610,BDMAP_00000693
train,12611,BDMAP_00000960
train,12612,BDMAP_00004445
train,12613,BDMAP_00003634
train,12614,BDMAP_00001051
train,12615,BDMAP_00000591
train,12616,BDMAP_00000520
train,12617,BDMAP_00003381
train,12618,BDMAP_00003677
train,12619,BDMAP_00005180
train,12620,BDMAP_00001608
train,12621,BDMAP_00003611
train,12622,BDMAP_00001810
train,12623,BDMAP_00000792
train,12624,BDMAP_00000793
train,12625,BDMAP_00003057
train,12626,BDMAP_00001856
train,12627,BDMAP_00001981
train,12628,BDMAP_00003234
train,12629,BDMAP_00003599
train,12630,BDMAP_00000934
train,12631,BDMAP_00003964
train,12632,BDMAP_00001683
train,12633,BDMAP_00004180
train,12634,BDMAP_00004027
train,12635,BDMAP_00004117
train,12636,BDMAP_00000989
train,12637,BDMAP_00003454
train,12638,BDMAP_00002897
train,12639,BDMAP_00003779
train,12640,BDMAP_00003094
train,12641,BDMAP_00003156
train,12642,BDMAP_00005070
train,12643,BDMAP_00003202
train,12644,BDMAP_00001824
train,12645,BDMAP_00001099
train,12646,BDMAP_00002845
train,12647,BDMAP_00000887
train,12648,BDMAP_00003343
train,12649,BDMAP_00000516
train,12650,BDMAP_00003357
train,12651,BDMAP_00004834
train,12652,BDMAP_00001454
train,12653,BDMAP_00003554
train,12654,BDMAP_00003610
train,12655,BDMAP_00004666
train,12656,BDMAP_00002507
train,12657,BDMAP_00002995
train,12658,BDMAP_00004000
train,12659,BDMAP_00000907
train,12660,BDMAP_00000029
train,12661,BDMAP_00002508
train,12662,BDMAP_00002429
train,12663,BDMAP_00005044
train,12664,BDMAP_00000763
train,12665,BDMAP_00003748
train,12666,BDMAP_00004812
train,12667,BDMAP_00000285
train,12668,BDMAP_00000687
train,12669,BDMAP_00004800
train,12670,BDMAP_00002354
train,12671,BDMAP_00003192
train,12672,BDMAP_00004570
train,12673,BDMAP_00000022
train,12674,BDMAP_00002753
train,12675,BDMAP_00000886
train,12676,BDMAP_00000918
train,12677,BDMAP_00001041
train,12678,BDMAP_00004827
train,12679,BDMAP_00001266
train,12680,BDMAP_00004580
train,12681,BDMAP_00000278
train,12682,BDMAP_00005085
train,12683,BDMAP_00002085
train,12684,BDMAP_00001246
train,12685,BDMAP_00002383
train,12686,BDMAP_00000572
train,12687,BDMAP_00001436
train,12688,BDMAP_00003903
train,12689,BDMAP_00005090
train,12690,BDMAP_00001248
train,12691,BDMAP_00004682
train,12692,BDMAP_00003527
train,12693,BDMAP_00002515
train,12694,BDMAP_00001008
train,12695,BDMAP_00004771
train,12696,BDMAP_00004544
train,12697,BDMAP_00004456
train,12698,BDMAP_00002065
train,12699,BDMAP_00001691
train,12700,BDMAP_00003118
train,12701,BDMAP_00001986
train,12702,BDMAP_00000295
train,12703,BDMAP_00001548
train,12704,BDMAP_00002013
train,12705,BDMAP_00000589
train,12706,BDMAP_00003330
train,12707,BDMAP_00002404
train,12708,BDMAP_00002130
train,12709,BDMAP_00003999
train,12710,BDMAP_00001575
train,12711,BDMAP_00003742
train,12712,BDMAP_00003509
train,12713,BDMAP_00002720
train,12714,BDMAP_00004522
train,12715,BDMAP_00005151
train,12716,BDMAP_00002809
train,12717,BDMAP_00000557
train,12718,BDMAP_00004796
train,12719,BDMAP_00002470
train,12720,BDMAP_00003739
train,12721,BDMAP_00004287
train,12722,BDMAP_00001717
train,12723,BDMAP_00002605
train,12724,BDMAP_00000363
train,12725,BDMAP_00001705
train,12726,BDMAP_00002140
train,12727,BDMAP_00003240
train,12728,BDMAP_00002384
train,12729,BDMAP_00004312
train,12730,BDMAP_00001286
train,12731,BDMAP_00001313
train,12732,BDMAP_00001997
train,12733,BDMAP_00003931
train,12734,BDMAP_00001592
train,12735,BDMAP_00002163
train,12736,BDMAP_00002397
train,12737,BDMAP_00000318
train,12738,BDMAP_00003112
train,12739,BDMAP_00004689
train,12740,BDMAP_00005069
train,12741,BDMAP_00004037
train,12742,BDMAP_00000796
train,12743,BDMAP_00003021
train,12744,BDMAP_00001712
train,12745,BDMAP_00003388
train,12746,BDMAP_00000037
train,12747,BDMAP_00004550
train,12748,BDMAP_00000914
train,12749,BDMAP_00003973
train,12750,BDMAP_00004134
train,12751,BDMAP_00000975
train,12752,BDMAP_00000984
train,12753,BDMAP_00000955
train,12754,BDMAP_00001419
train,12755,BDMAP_00001561
train,12756,BDMAP_00004136
train,12757,BDMAP_00004617
train,12758,BDMAP_00004266
train,12759,BDMAP_00001356
train,12760,BDMAP_00005017
train,12761,BDMAP_00000988
train,12762,BDMAP_00002683
train,12763,BDMAP_00005048
train,12764,BDMAP_00001641
train,12765,BDMAP_00001291
train,12766,BDMAP_00003682
train,12767,BDMAP_00001381
train,12768,BDMAP_00001934
train,12769,BDMAP_00004676
train,12770,BDMAP_00002377
train,12771,BDMAP_00003161
train,12772,BDMAP_00002031
train,12773,BDMAP_00000893
train,12774,BDMAP_00004877
train,12775,BDMAP_00004070
train,12776,BDMAP_00004256
train,12777,BDMAP_00000003
train,12778,BDMAP_00002110
train,12779,BDMAP_00000850
train,12780,BDMAP_00002738
train,12781,BDMAP_00002467
train,12782,BDMAP_00001915
train,12783,BDMAP_00001597
train,12784,BDMAP_00001914
train,12785,BDMAP_00005140
train,12786,BDMAP_00002737
train,12787,BDMAP_00000727
train,12788,BDMAP_00000054
train,12789,BDMAP_00001797
train,12790,BDMAP_00003846
train,12791,BDMAP_00002554
train,12792,BDMAP_00002801
train,12793,BDMAP_00000937
train,12794,BDMAP_00002266
train,12795,BDMAP_00000825
train,12796,BDMAP_00004322
train,12797,BDMAP_00003402
train,12798,BDMAP_00001390
train,12799,BDMAP_00003565
train,12800,BDMAP_00000885
train,12801,BDMAP_00004868
train,12802,BDMAP_00001869
train,12803,BDMAP_00005182
train,12804,BDMAP_00000011
train,12805,BDMAP_00003416
train,12806,BDMAP_00001464
train,12807,BDMAP_00000807
train,12808,BDMAP_00004806
train,12809,BDMAP_00004069
train,12810,BDMAP_00002109
train,12811,BDMAP_00002042
train,12812,BDMAP_00002235
train,12813,BDMAP_00000964
train,12814,BDMAP_00004495
train,12815,BDMAP_00002633
train,12816,BDMAP_00000705
train,12817,BDMAP_00000432
train,12818,BDMAP_00004389
train,12819,BDMAP_00000146
train,12820,BDMAP_00002034
train,12821,BDMAP_00000376
train,12822,BDMAP_00001166
train,12823,BDMAP_00003501
train,12824,BDMAP_00002051
train,12825,BDMAP_00003761
train,12826,BDMAP_00002625
train,12827,BDMAP_00004485
train,12828,BDMAP_00004436
train,12829,BDMAP_00003431
train,12830,BDMAP_00004362
train,12831,BDMAP_00002425
train,12832,BDMAP_00001263
train,12833,BDMAP_00001772
train,12834,BDMAP_00003512
train,12835,BDMAP_00000272
train,12836,BDMAP_00004793
train,12837,BDMAP_00004844
train,12838,BDMAP_00000245
train,12839,BDMAP_00004573
train,12840,BDMAP_00002033
train,12841,BDMAP_00005054
train,12842,BDMAP_00000814
train,12843,BDMAP_00003811
train,12844,BDMAP_00003213
train,12845,BDMAP_00001805
train,12846,BDMAP_00004347
train,12847,BDMAP_00002462
train,12848,BDMAP_00000546
train,12849,BDMAP_00003242
train,12850,BDMAP_00000739
train,12851,BDMAP_00000311
train,12852,BDMAP_00003522
train,12853,BDMAP_00001132
train,12854,BDMAP_00000493
train,12855,BDMAP_00004112
train,12856,BDMAP_00002770
train,12857,BDMAP_00000921
train,12858,BDMAP_00003588
train,12859,BDMAP_00003960
train,12860,BDMAP_00000039
train,12861,BDMAP_00004460
train,12862,BDMAP_00004279
train,12863,BDMAP_00002984
train,12864,BDMAP_00000131
train,12865,BDMAP_00002668
train,12866,BDMAP_00003224
train,12867,BDMAP_00001183
train,12868,BDMAP_00000615
train,12869,BDMAP_00001467
train,12870,BDMAP_00004498
train,12871,BDMAP_00003043
train,12872,BDMAP_00000935
train,12873,BDMAP_00002420
train,12874,BDMAP_00005086
train,12875,BDMAP_00003295
train,12876,BDMAP_00001501
train,12877,BDMAP_00004823
train,12878,BDMAP_00000827
train,12879,BDMAP_00001522
train,12880,BDMAP_00002931
train,12881,BDMAP_00004233
train,12882,BDMAP_00000629
train,12883,BDMAP_00004431
train,12884,BDMAP_00003854
train,12885,BDMAP_00000391
train,12886,BDMAP_00004346
train,12887,BDMAP_00003991
train,12888,BDMAP_00000401
train,12889,BDMAP_00004807
train,12890,BDMAP_00005136
train,12891,BDMAP_00003360
train,12892,BDMAP_00000047
train,12893,BDMAP_00000489
train,12894,BDMAP_00003994
train,12895,BDMAP_00003643
train,12896,BDMAP_00003727
train,12897,BDMAP_00000710
train,12898,BDMAP_00002422
train,12899,BDMAP_00001751
train,12900,BDMAP_00004063
train,12901,BDMAP_00000339
train,12902,BDMAP_00000216
train,12903,BDMAP_00003664
train,12904,BDMAP_00001342
train,12905,BDMAP_00003895
train,12906,BDMAP_00003641
train,12907,BDMAP_00000330
train,12908,BDMAP_00003005
train,12909,BDMAP_00004091
train,12910,BDMAP_00003116
train,12911,BDMAP_00002323
train,12912,BDMAP_00004198
train,12913,BDMAP_00003550
train,12914,BDMAP_00001459
train,12915,BDMAP_00000172
train,12916,BDMAP_00004204
train,12917,BDMAP_00003570
train,12918,BDMAP_00004227
train,12919,BDMAP_00005159
train,12920,BDMAP_00004121
train,12921,BDMAP_00001640
train,12922,BDMAP_00000939
train,12923,BDMAP_00000061
train,12924,BDMAP_00001241
train,12925,BDMAP_00005137
train,12926,BDMAP_00002344
train,12927,BDMAP_00002121
train,12928,BDMAP_00001525
train,12929,BDMAP_00000154
train,12930,BDMAP_00000482
train,12931,BDMAP_00004461
train,12932,BDMAP_00003921
train,12933,BDMAP_00001763
train,12934,BDMAP_00000751
train,12935,BDMAP_00001786
train,12936,BDMAP_00004502
train,12937,BDMAP_00004854
train,12938,BDMAP_00002712
train,12939,BDMAP_00004151
train,12940,BDMAP_00004194
train,12941,BDMAP_00001334
train,12942,BDMAP_00001251
train,12943,BDMAP_00002855
train,12944,BDMAP_00000187
train,12945,BDMAP_00001137
train,12946,BDMAP_00002059
train,12947,BDMAP_00003851
train,12948,BDMAP_00004125
train,12949,BDMAP_00004789
train,12950,BDMAP_00002867
train,12951,BDMAP_00001387
train,12952,BDMAP_00003068
train,12953,BDMAP_00003630
train,12954,BDMAP_00003029
train,12955,BDMAP_00002970
train,12956,BDMAP_00004264
train,12957,BDMAP_00000646
train,12958,BDMAP_00002075
train,12959,BDMAP_00000342
train,12960,BDMAP_00001623
train,12961,BDMAP_00000075
train,12962,BDMAP_00002052
train,12963,BDMAP_00002542
train,12964,BDMAP_00001302
train,12965,BDMAP_00001305
train,12966,BDMAP_00002600
train,12967,BDMAP_00002574
train,12968,BDMAP_00003187
train,12969,BDMAP_00002769
train,12970,BDMAP_00004832
train,12971,BDMAP_00004224
train,12972,BDMAP_00002107
train,12973,BDMAP_00002680
train,12974,BDMAP_00001388
train,12975,BDMAP_00001280
train,12976,BDMAP_00000805
train,12977,BDMAP_00001556
train,12978,BDMAP_00004567
train,12979,BDMAP_00004842
train,12980,BDMAP_00003595
train,12981,BDMAP_00004178
train,12982,BDMAP_00001309
train,12983,BDMAP_00003453
train,12984,BDMAP_00003696
train,12985,BDMAP_00004243
train,12986,BDMAP_00002199
train,12987,BDMAP_00004426
train,12988,BDMAP_00000944
train,12989,BDMAP_00000823
train,12990,BDMAP_00005006
train,12991,BDMAP_00004548
train,12992,BDMAP_00002539
train,12993,BDMAP_00003055
train,12994,BDMAP_00003676
train,12995,BDMAP_00003301
train,12996,BDMAP_00003311
train,12997,BDMAP_00000833
train,12998,BDMAP_00003463
train,12999,BDMAP_00000055
train,13000,BDMAP_00003452
train,13001,BDMAP_00001482
train,13002,BDMAP_00004874
train,13003,BDMAP_00003336
train,13004,BDMAP_00004927
train,13005,BDMAP_00005084
train,13006,BDMAP_00000769
train,13007,BDMAP_00002066
train,13008,BDMAP_00004525
train,13009,BDMAP_00002718
train,13010,BDMAP_00002080
train,13011,BDMAP_00000952
train,13012,BDMAP_00002483
train,13013,BDMAP_00001760
train,13014,BDMAP_00004423
train,13015,BDMAP_00005183
train,13016,BDMAP_00003702
train,13017,BDMAP_00004244
train,13018,BDMAP_00000689
train,13019,BDMAP_00003433
train,13020,BDMAP_00004945
train,13021,BDMAP_00000967
train,13022,BDMAP_00002714
train,13023,BDMAP_00004758
train,13024,BDMAP_00003573
train,13025,BDMAP_00001991
train,13026,BDMAP_00001206
train,13027,BDMAP_00004972
train,13028,BDMAP_00003601
train,13029,BDMAP_00001626
train,13030,BDMAP_00000537
train,13031,BDMAP_00004213
test,0,BDMAP_00000005
test,1,BDMAP_00000006
test,2,BDMAP_00000010
test,3,BDMAP_00000056
test,4,BDMAP_00000065
test,5,BDMAP_00000078
test,6,BDMAP_00000095
test,7,BDMAP_00000099
test,8,BDMAP_00000118
test,9,BDMAP_00000126
test,10,BDMAP_00000127
test,11,BDMAP_00000134
test,12,BDMAP_00000138
test,13,BDMAP_00000155
test,14,BDMAP_00000162
test,15,BDMAP_00000190
test,16,BDMAP_00000191
test,17,BDMAP_00000198
test,18,BDMAP_00000203
test,19,BDMAP_00000207
test,20,BDMAP_00000225
test,21,BDMAP_00000226
test,22,BDMAP_00000233
test,23,BDMAP_00000236
test,24,BDMAP_00000250
test,25,BDMAP_00000256
test,26,BDMAP_00000261
test,27,BDMAP_00000263
test,28,BDMAP_00000302
test,29,BDMAP_00000303
test,30,BDMAP_00000346
test,31,BDMAP_00000365
test,32,BDMAP_00000385
test,33,BDMAP_00000392
test,34,BDMAP_00000396
test,35,BDMAP_00000405
test,36,BDMAP_00000413
test,37,BDMAP_00000418
test,38,BDMAP_00000420
test,39,BDMAP_00000467
test,40,BDMAP_00000503
test,41,BDMAP_00000505
test,42,BDMAP_00000513
test,43,BDMAP_00000524
test,44,BDMAP_00000538
test,45,BDMAP_00000540
test,46,BDMAP_00000560
test,47,BDMAP_00000570
test,48,BDMAP_00000575
test,49,BDMAP_00000581
test,50,BDMAP_00000601
test,51,BDMAP_00000607
test,52,BDMAP_00000636
test,53,BDMAP_00000639
test,54,BDMAP_00000660
test,55,BDMAP_00000664
test,56,BDMAP_00000667
test,57,BDMAP_00000668
test,58,BDMAP_00000672
test,59,BDMAP_00000699
test,60,BDMAP_00000700
test,61,BDMAP_00000717
test,62,BDMAP_00000718
test,63,BDMAP_00000729
test,64,BDMAP_00000761
test,65,BDMAP_00000770
test,66,BDMAP_00000771
test,67,BDMAP_00000776
test,68,BDMAP_00000785
test,69,BDMAP_00000794
test,70,BDMAP_00000815
test,71,BDMAP_00000824
test,72,BDMAP_00000826
test,73,BDMAP_00000828
test,74,BDMAP_00000831
test,75,BDMAP_00000847
test,76,BDMAP_00000852
test,77,BDMAP_00000854
test,78,BDMAP_00000855
test,79,BDMAP_00000861
test,80,BDMAP_00000864
test,81,BDMAP_00000877
test,82,BDMAP_00000879
test,83,BDMAP_00000919
test,84,BDMAP_00000923
test,85,BDMAP_00000925
test,86,BDMAP_00000929
test,87,BDMAP_00000951
test,88,BDMAP_00000954
test,89,BDMAP_00000957
test,90,BDMAP_00000981
test,91,BDMAP_00000985
test,92,BDMAP_00000996
test,93,BDMAP_00001016
test,94,BDMAP_00001017
test,95,BDMAP_00001022
test,96,BDMAP_00001029
test,97,BDMAP_00001046
test,98,BDMAP_00001060
test,99,BDMAP_00001061
test,100,BDMAP_00001063
test,101,BDMAP_00001064
test,102,BDMAP_00001066
test,103,BDMAP_00001067
test,104,BDMAP_00001070
test,105,BDMAP_00001078
test,106,BDMAP_00001082
test,107,BDMAP_00001121
test,108,BDMAP_00001123
test,109,BDMAP_00001149
test,110,BDMAP_00001151
test,111,BDMAP_00001155
test,112,BDMAP_00001168
test,113,BDMAP_00001185
test,114,BDMAP_00001192
test,115,BDMAP_00001203
test,116,BDMAP_00001215
test,117,BDMAP_00001219
test,118,BDMAP_00001249
test,119,BDMAP_00001253
test,120,BDMAP_00001257
test,121,BDMAP_00001268
test,122,BDMAP_00001277
test,123,BDMAP_00001292
test,124,BDMAP_00001297
test,125,BDMAP_00001307
test,126,BDMAP_00001325
test,127,BDMAP_00001332
test,128,BDMAP_00001343
test,129,BDMAP_00001354
test,130,BDMAP_00001366
test,131,BDMAP_00001410
test,132,BDMAP_00001461
test,133,BDMAP_00001485
test,134,BDMAP_00001496
test,135,BDMAP_00001529
test,136,BDMAP_00001532
test,137,BDMAP_00001541
test,138,BDMAP_00001543
test,139,BDMAP_00001572
test,140,BDMAP_00001582
test,141,BDMAP_00001586
test,142,BDMAP_00001605
test,143,BDMAP_00001606
test,144,BDMAP_00001620
test,145,BDMAP_00001634
test,146,BDMAP_00001637
test,147,BDMAP_00001646
test,148,BDMAP_00001647
test,149,BDMAP_00001649
test,150,BDMAP_00001664
test,151,BDMAP_00001665
test,152,BDMAP_00001679
test,153,BDMAP_00001680
test,154,BDMAP_00001686
test,155,BDMAP_00001687
test,156,BDMAP_00001688
test,157,BDMAP_00001694
test,158,BDMAP_00001708
test,159,BDMAP_00001734
test,160,BDMAP_00001735
test,161,BDMAP_00001758
test,162,BDMAP_00001762
test,163,BDMAP_00001793
test,164,BDMAP_00001803
test,165,BDMAP_00001811
test,166,BDMAP_00001817
test,167,BDMAP_00001829
test,168,BDMAP_00001839
test,169,BDMAP_00001842
test,170,BDMAP_00001844
test,171,BDMAP_00001853
test,172,BDMAP_00001854
test,173,BDMAP_00001855
test,174,BDMAP_00001866
test,175,BDMAP_00001888
test,176,BDMAP_00001896
test,177,BDMAP_00001900
test,178,BDMAP_00001907
test,179,BDMAP_00001909
test,180,BDMAP_00001918
test,181,BDMAP_00001931
test,182,BDMAP_00001932
test,183,BDMAP_00001960
test,184,BDMAP_00001971
test,185,BDMAP_00001977
test,186,BDMAP_00001987
test,187,BDMAP_00001995
test,188,BDMAP_00001998
test,189,BDMAP_00001999
test,190,BDMAP_00002001
test,191,BDMAP_00002027
test,192,BDMAP_00002028
test,193,BDMAP_00002048
test,194,BDMAP_00002049
test,195,BDMAP_00002050
test,196,BDMAP_00002061
test,197,BDMAP_00002063
test,198,BDMAP_00002083
test,199,BDMAP_00002106
test,200,BDMAP_00002117
test,201,BDMAP_00002126
test,202,BDMAP_00002137
test,203,BDMAP_00002142
test,204,BDMAP_00002144
test,205,BDMAP_00002157
test,206,BDMAP_00002181
test,207,BDMAP_00002191
test,208,BDMAP_00002193
test,209,BDMAP_00002194
test,210,BDMAP_00002201
test,211,BDMAP_00002205
test,212,BDMAP_00002206
test,213,BDMAP_00002220
test,214,BDMAP_00002244
test,215,BDMAP_00002256
test,216,BDMAP_00002328
test,217,BDMAP_00002337
test,218,BDMAP_00002369
test,219,BDMAP_00002372
test,220,BDMAP_00002386
test,221,BDMAP_00002394
test,222,BDMAP_00002428
test,223,BDMAP_00002434
test,224,BDMAP_00002444
test,225,BDMAP_00002455
test,226,BDMAP_00002473
test,227,BDMAP_00002480
test,228,BDMAP_00002490
test,229,BDMAP_00002492
test,230,BDMAP_00002503
test,231,BDMAP_00002505
test,232,BDMAP_00002512
test,233,BDMAP_00002540
test,234,BDMAP_00002552
test,235,BDMAP_00002558
test,236,BDMAP_00002559
test,237,BDMAP_00002561
test,238,BDMAP_00002569
test,239,BDMAP_00002591
test,240,BDMAP_00002594
test,241,BDMAP_00002613
test,242,BDMAP_00002636
test,243,BDMAP_00002646
test,244,BDMAP_00002675
test,245,BDMAP_00002682
test,246,BDMAP_00002694
test,247,BDMAP_00002696
test,248,BDMAP_00002704
test,249,BDMAP_00002709
test,250,BDMAP_00002713
test,251,BDMAP_00002732
test,252,BDMAP_00002734
test,253,BDMAP_00002735
test,254,BDMAP_00002739
test,255,BDMAP_00002740
test,256,BDMAP_00002745
test,257,BDMAP_00002746
test,258,BDMAP_00002748
test,259,BDMAP_00002780
test,260,BDMAP_00002783
test,261,BDMAP_00002787
test,262,BDMAP_00002791
test,263,BDMAP_00002798
test,264,BDMAP_00002807
test,265,BDMAP_00002812
test,266,BDMAP_00002815
test,267,BDMAP_00002825
test,268,BDMAP_00002833
test,269,BDMAP_00002839
test,270,BDMAP_00002840
test,271,BDMAP_00002850
test,272,BDMAP_00002870
test,273,BDMAP_00002872
test,274,BDMAP_00002873
test,275,BDMAP_00002879
test,276,BDMAP_00002892
test,277,BDMAP_00002899
test,278,BDMAP_00002912
test,279,BDMAP_00002915
test,280,BDMAP_00002924
test,281,BDMAP_00002932
test,282,BDMAP_00002951
test,283,BDMAP_00002962
test,284,BDMAP_00002968
test,285,BDMAP_00002976
test,286,BDMAP_00002977
test,287,BDMAP_00003006
test,288,BDMAP_00003010
test,289,BDMAP_00003031
test,290,BDMAP_00003052
test,291,BDMAP_00003073
test,292,BDMAP_00003074
test,293,BDMAP_00003087
test,294,BDMAP_00003100
test,295,BDMAP_00003105
test,296,BDMAP_00003109
test,297,BDMAP_00003125
test,298,BDMAP_00003142
test,299,BDMAP_00003148
test,300,BDMAP_00003153
test,301,BDMAP_00003158
test,302,BDMAP_00003171
test,303,BDMAP_00003178
test,304,BDMAP_00003229
test,305,BDMAP_00003243
test,306,BDMAP_00003267
test,307,BDMAP_00003268
test,308,BDMAP_00003305
test,309,BDMAP_00003325
test,310,BDMAP_00003328
test,311,BDMAP_00003331
test,312,BDMAP_00003344
test,313,BDMAP_00003346
test,314,BDMAP_00003355
test,315,BDMAP_00003369
test,316,BDMAP_00003374
test,317,BDMAP_00003375
test,318,BDMAP_00003377
test,319,BDMAP_00003386
test,320,BDMAP_00003392
test,321,BDMAP_00003395
test,322,BDMAP_00003418
test,323,BDMAP_00003420
test,324,BDMAP_00003421
test,325,BDMAP_00003437
test,326,BDMAP_00003441
test,327,BDMAP_00003445
test,328,BDMAP_00003447
test,329,BDMAP_00003473
test,330,BDMAP_00003477
test,331,BDMAP_00003487
test,332,BDMAP_00003491
test,333,BDMAP_00003507
test,334,BDMAP_00003508
test,335,BDMAP_00003511
test,336,BDMAP_00003518
test,337,BDMAP_00003531
test,338,BDMAP_00003532
test,339,BDMAP_00003557
test,340,BDMAP_00003562
test,341,BDMAP_00003580
test,342,BDMAP_00003582
test,343,BDMAP_00003585
test,344,BDMAP_00003597
test,345,BDMAP_00003628
test,346,BDMAP_00003637
test,347,BDMAP_00003645
test,348,BDMAP_00003673
test,349,BDMAP_00003688
test,350,BDMAP_00003697
test,351,BDMAP_00003710
test,352,BDMAP_00003720
test,353,BDMAP_00003736
test,354,BDMAP_00003745
test,355,BDMAP_00003749
test,356,BDMAP_00003757
test,357,BDMAP_00003764
test,358,BDMAP_00003767
test,359,BDMAP_00003770
test,360,BDMAP_00003776
test,361,BDMAP_00003798
test,362,BDMAP_00003813
test,363,BDMAP_00003819
test,364,BDMAP_00003841
test,365,BDMAP_00003844
test,366,BDMAP_00003855
test,367,BDMAP_00003864
test,368,BDMAP_00003877
test,369,BDMAP_00003891
test,370,BDMAP_00003901
test,371,BDMAP_00003914
test,372,BDMAP_00003926
test,373,BDMAP_00003944
test,374,BDMAP_00003975
test,375,BDMAP_00003988
test,376,BDMAP_00004001
test,377,BDMAP_00004015
test,378,BDMAP_00004019
test,379,BDMAP_00004022
test,380,BDMAP_00004034
test,381,BDMAP_00004062
test,382,BDMAP_00004071
test,383,BDMAP_00004080
test,384,BDMAP_00004108
test,385,BDMAP_00004143
test,386,BDMAP_00004144
test,387,BDMAP_00004147
test,388,BDMAP_00004159
test,389,BDMAP_00004165
test,390,BDMAP_00004172
test,391,BDMAP_00004176
test,392,BDMAP_00004179
test,393,BDMAP_00004187
test,394,BDMAP_00004189
test,395,BDMAP_00004200
test,396,BDMAP_00004207
test,397,BDMAP_00004209
test,398,BDMAP_00004219
test,399,BDMAP_00004226
test,400,BDMAP_00004228
test,401,BDMAP_00004235
test,402,BDMAP_00004250
test,403,BDMAP_00004262
test,404,BDMAP_00004269
test,405,BDMAP_00004283
test,406,BDMAP_00004290
test,407,BDMAP_00004298
test,408,BDMAP_00004301
test,409,BDMAP_00004313
test,410,BDMAP_00004325
test,411,BDMAP_00004331
test,412,BDMAP_00004361
test,413,BDMAP_00004364
test,414,BDMAP_00004381
test,415,BDMAP_00004390
test,416,BDMAP_00004414
test,417,BDMAP_00004427
test,418,BDMAP_00004433
test,419,BDMAP_00004434
test,420,BDMAP_00004452
test,421,BDMAP_00004453
test,422,BDMAP_00004466
test,423,BDMAP_00004469
test,424,BDMAP_00004489
test,425,BDMAP_00004492
test,426,BDMAP_00004493
test,427,BDMAP_00004494
test,428,BDMAP_00004496
test,429,BDMAP_00004497
test,430,BDMAP_00004500
test,431,BDMAP_00004531
test,432,BDMAP_00004545
test,433,BDMAP_00004549
test,434,BDMAP_00004556
test,435,BDMAP_00004612
test,436,BDMAP_00004613
test,437,BDMAP_00004622
test,438,BDMAP_00004633
test,439,BDMAP_00004637
test,440,BDMAP_00004638
test,441,BDMAP_00004643
test,442,BDMAP_00004659
test,443,BDMAP_00004663
test,444,BDMAP_00004671
test,445,BDMAP_00004674
test,446,BDMAP_00004720
test,447,BDMAP_00004730
test,448,BDMAP_00004736
test,449,BDMAP_00004737
test,450,BDMAP_00004738
test,451,BDMAP_00004749
test,452,BDMAP_00004753
test,453,BDMAP_00004778
test,454,BDMAP_00004781
test,455,BDMAP_00004785
test,456,BDMAP_00004805
test,457,BDMAP_00004810
test,458,BDMAP_00004821
test,459,BDMAP_00004836
test,460,BDMAP_00004847
test,461,BDMAP_00004850
test,462,BDMAP_00004855
test,463,BDMAP_00004859
test,464,BDMAP_00004860
test,465,BDMAP_00004870
test,466,BDMAP_00004888
test,467,BDMAP_00004893
test,468,BDMAP_00004894
test,469,BDMAP_00004911
test,470,BDMAP_00004912
test,471,BDMAP_00004932
test,472,BDMAP_00004947
test,473,BDMAP_00004965
test,474,BDMAP_00004969
test,475,BDMAP_00004974
test,476,BDMAP_00004977
test,477,BDMAP_00004981
test,478,BDMAP_00005030
test,479,BDMAP_00005032
test,480,BDMAP_00005052
test,481,BDMAP_00005053
test,482,BDMAP_00005057
test,483,BDMAP_00005064
test,484,BDMAP_00005074
test,485,BDMAP_00005089
test,486,BDMAP_00005105
test,487,BDMAP_00005110
test,488,BDMAP_00005116
test,489,BDMAP_00005117
test,490,BDMAP_00005123
test,491,BDMAP_00005125
test,492,BDMAP_00005127
test,493,BDMAP_00005135
test,494,BDMAP_00005143
test,495,BDMAP_00005162
test,496,BDMAP_00005173
test,497,BDMAP_00005178
test,498,BDMAP_00005189
test,499,BDMAP_00005192
test,500,BDMAP_00005223
test,501,BDMAP_00005233
test,502,BDMAP_00005238
test,503,BDMAP_00005241
test,504,BDMAP_00005250
test,505,BDMAP_00005257
test,506,BDMAP_00005259
test,507,BDMAP_00005277
test,508,BDMAP_00005288
test,509,BDMAP_00005294
test,510,BDMAP_00005302
test,511,BDMAP_00005306
test,512,BDMAP_00005312
test,513,BDMAP_00005316
test,514,BDMAP_00005321
test,515,BDMAP_00005335
test,516,BDMAP_00005343
test,517,BDMAP_00005349
test,518,BDMAP_00005374
test,519,BDMAP_00005388
test,520,BDMAP_00005391
test,521,BDMAP_00005394
test,522,BDMAP_00005402
test,523,BDMAP_00005409
test,524,BDMAP_00005416
test,525,BDMAP_00005424
test,526,BDMAP_00005443
test,527,BDMAP_00005450
test,528,BDMAP_00005451
test,529,BDMAP_00005464
test,530,BDMAP_00005469
test,531,BDMAP_00005487
test,532,BDMAP_00005531
test,533,BDMAP_00005535
test,534,BDMAP_00005536
test,535,BDMAP_00005537
test,536,BDMAP_00005540
test,537,BDMAP_00005542
test,538,BDMAP_00005561
test,539,BDMAP_00005566
test,540,BDMAP_00005568
test,541,BDMAP_00005570
test,542,BDMAP_00005576
test,543,BDMAP_00005579
test,544,BDMAP_00005586
test,545,BDMAP_00005589
test,546,BDMAP_00005593
test,547,BDMAP_00005597
test,548,BDMAP_00005601
test,549,BDMAP_00005619
test,550,BDMAP_00005623
test,551,BDMAP_00005626
test,552,BDMAP_00005645
test,553,BDMAP_00005646
test,554,BDMAP_00005676
test,555,BDMAP_00005692
test,556,BDMAP_00005700
test,557,BDMAP_00005714
test,558,BDMAP_00005727
test,559,BDMAP_00005733
test,560,BDMAP_00005735
test,561,BDMAP_00005743
test,562,BDMAP_00005746
test,563,BDMAP_00005751
test,564,BDMAP_00005760
test,565,BDMAP_00005766
test,566,BDMAP_00005780
test,567,BDMAP_00005789
test,568,BDMAP_00005792
test,569,BDMAP_00005802
test,570,BDMAP_00005812
test,571,BDMAP_00005855
test,572,BDMAP_00005856
test,573,BDMAP_00005865
test,574,BDMAP_00005871
test,575,BDMAP_00005879
test,576,BDMAP_00005882
test,577,BDMAP_00005893
test,578,BDMAP_00005896
test,579,BDMAP_00005916
test,580,BDMAP_00005918
test,581,BDMAP_00005920
test,582,BDMAP_00005950
test,583,BDMAP_00005952
test,584,BDMAP_00005960
test,585,BDMAP_00005967
test,586,BDMAP_00005972
test,587,BDMAP_00005978
test,588,BDMAP_00005985
test,589,BDMAP_00005987
test,590,BDMAP_00005989
test,591,BDMAP_00005990
test,592,BDMAP_00005998
test,593,BDMAP_00006003
test,594,BDMAP_00006016
test,595,BDMAP_00006020
test,596,BDMAP_00006025
test,597,BDMAP_00006029
test,598,BDMAP_00006032
test,599,BDMAP_00006039
test,600,BDMAP_00006043
test,601,BDMAP_00006091
test,602,BDMAP_00006103
test,603,BDMAP_00006133
test,604,BDMAP_00006167
test,605,BDMAP_00006169
test,606,BDMAP_00006173
test,607,BDMAP_00006185
test,608,BDMAP_00006191
test,609,BDMAP_00006198
test,610,BDMAP_00006230
test,611,BDMAP_00006234
test,612,BDMAP_00006236
test,613,BDMAP_00006239
test,614,BDMAP_00006242
test,615,BDMAP_00006255
test,616,BDMAP_00006266
test,617,BDMAP_00006270
test,618,BDMAP_00006279
test,619,BDMAP_00006284
test,620,BDMAP_00006288
test,621,BDMAP_00006289
test,622,BDMAP_00006294
test,623,BDMAP_00006296
test,624,BDMAP_00006304
test,625,BDMAP_00006314
test,626,BDMAP_00006317
test,627,BDMAP_00006328
test,628,BDMAP_00006332
test,629,BDMAP_00006360
test,630,BDMAP_00006372
test,631,BDMAP_00006375
test,632,BDMAP_00006377
test,633,BDMAP_00006397
test,634,BDMAP_00006414
test,635,BDMAP_00006421
test,636,BDMAP_00006440
test,637,BDMAP_00006458
test,638,BDMAP_00006470
test,639,BDMAP_00006485
test,640,BDMAP_00006494
test,641,BDMAP_00006507
test,642,BDMAP_00006515
test,643,BDMAP_00006529
test,644,BDMAP_00006531
test,645,BDMAP_00006542
test,646,BDMAP_00006545
test,647,BDMAP_00006547
test,648,BDMAP_00006566
test,649,BDMAP_00006586
test,650,BDMAP_00006589
test,651,BDMAP_00006601
test,652,BDMAP_00006615
test,653,BDMAP_00006617
test,654,BDMAP_00006618
test,655,BDMAP_00006620
test,656,BDMAP_00006656
test,657,BDMAP_00006666
test,658,BDMAP_00006669
test,659,BDMAP_00006678
test,660,BDMAP_00006695
test,661,BDMAP_00006710
test,662,BDMAP_00006732
test,663,BDMAP_00006737
test,664,BDMAP_00006739
test,665,BDMAP_00006749
test,666,BDMAP_00006768
test,667,BDMAP_00006777
test,668,BDMAP_00006778
test,669,BDMAP_00006800
test,670,BDMAP_00006802
test,671,BDMAP_00006807
test,672,BDMAP_00006810
test,673,BDMAP_00006820
test,674,BDMAP_00006834
test,675,BDMAP_00006864
test,676,BDMAP_00006874
test,677,BDMAP_00006882
test,678,BDMAP_00006883
test,679,BDMAP_00006892
test,680,BDMAP_00006893
test,681,BDMAP_00006894
test,682,BDMAP_00006899
test,683,BDMAP_00006906
test,684,BDMAP_00006911
test,685,BDMAP_00006938
test,686,BDMAP_00006939
test,687,BDMAP_00006942
test,688,BDMAP_00006944
test,689,BDMAP_00006945
test,690,BDMAP_00006950
test,691,BDMAP_00006967
test,692,BDMAP_00006971
test,693,BDMAP_00006972
test,694,BDMAP_00006982
test,695,BDMAP_00006987
test,696,BDMAP_00006989
test,697,BDMAP_00006997
test,698,BDMAP_00007003
test,699,BDMAP_00007005
test,700,BDMAP_00007023
test,701,BDMAP_00007027
test,702,BDMAP_00007028
test,703,BDMAP_00007036
test,704,BDMAP_00007042
test,705,BDMAP_00007044
test,706,BDMAP_00007057
test,707,BDMAP_00007080
test,708,BDMAP_00007099
test,709,BDMAP_00007100
test,710,BDMAP_00007103
test,711,BDMAP_00007113
test,712,BDMAP_00007115
test,713,BDMAP_00007126
test,714,BDMAP_00007141
test,715,BDMAP_00007148
test,716,BDMAP_00007159
test,717,BDMAP_00007165
test,718,BDMAP_00007187
test,719,BDMAP_00007191
test,720,BDMAP_00007193
test,721,BDMAP_00007197
test,722,BDMAP_00007207
test,723,BDMAP_00007209
test,724,BDMAP_00007216
test,725,BDMAP_00007240
test,726,BDMAP_00007241
test,727,BDMAP_00007242
test,728,BDMAP_00007246
test,729,BDMAP_00007254
test,730,BDMAP_00007267
test,731,BDMAP_00007271
test,732,BDMAP_00007281
test,733,BDMAP_00007313
test,734,BDMAP_00007327
test,735,BDMAP_00007331
test,736,BDMAP_00007340
test,737,BDMAP_00007344
test,738,BDMAP_00007351
test,739,BDMAP_00007358
test,740,BDMAP_00007386
test,741,BDMAP_00007391
test,742,BDMAP_00007393
test,743,BDMAP_00007401
test,744,BDMAP_00007405
test,745,BDMAP_00007409
test,746,BDMAP_00007410
test,747,BDMAP_00007419
test,748,BDMAP_00007420
test,749,BDMAP_00007422
test,750,BDMAP_00007450
test,751,BDMAP_00007456
test,752,BDMAP_00007484
test,753,BDMAP_00007490
test,754,BDMAP_00007495
test,755,BDMAP_00007510
test,756,BDMAP_00007514
test,757,BDMAP_00007527
test,758,BDMAP_00007544
test,759,BDMAP_00007547
test,760,BDMAP_00007555
test,761,BDMAP_00007556
test,762,BDMAP_00007561
test,763,BDMAP_00007562
test,764,BDMAP_00007571
test,765,BDMAP_00007575
test,766,BDMAP_00007576
test,767,BDMAP_00007577
test,768,BDMAP_00007578
test,769,BDMAP_00007588
test,770,BDMAP_00007630
test,771,BDMAP_00007642
test,772,BDMAP_00007649
test,773,BDMAP_00007652
test,774,BDMAP_00007668
test,775,BDMAP_00007669
test,776,BDMAP_00007674
test,777,BDMAP_00007680
test,778,BDMAP_00007684
test,779,BDMAP_00007688
test,780,BDMAP_00007715
test,781,BDMAP_00007722
test,782,BDMAP_00007724
test,783,BDMAP_00007731
test,784,BDMAP_00007735
test,785,BDMAP_00007778
test,786,BDMAP_00007784
test,787,BDMAP_00007791
test,788,BDMAP_00007805
test,789,BDMAP_00007806
test,790,BDMAP_00007807
test,791,BDMAP_00007831
test,792,BDMAP_00007850
test,793,BDMAP_00007859
test,794,BDMAP_00007861
test,795,BDMAP_00007864
test,796,BDMAP_00007870
test,797,BDMAP_00007892
test,798,BDMAP_00007893
test,799,BDMAP_00007902
test,800,BDMAP_00007917
test,801,BDMAP_00007940
test,802,BDMAP_00007942
test,803,BDMAP_00007944
test,804,BDMAP_00007957
test,805,BDMAP_00007985
test,806,BDMAP_00007988
test,807,BDMAP_00007990
test,808,BDMAP_00007993
test,809,BDMAP_00007995
test,810,BDMAP_00007997
test,811,BDMAP_00008003
test,812,BDMAP_00008005
test,813,BDMAP_00008007
test,814,BDMAP_00008008
test,815,BDMAP_00008011
test,816,BDMAP_00008018
test,817,BDMAP_00008051
test,818,BDMAP_00008054
test,819,BDMAP_00008083
test,820,BDMAP_00008097
test,821,BDMAP_00008111
test,822,BDMAP_00008121
test,823,BDMAP_00008131
test,824,BDMAP_00008136
test,825,BDMAP_00008151
test,826,BDMAP_00008153
test,827,BDMAP_00008155
test,828,BDMAP_00008156
test,829,BDMAP_00008163
test,830,BDMAP_00008165
test,831,BDMAP_00008173
test,832,BDMAP_00008174
test,833,BDMAP_00008176
test,834,BDMAP_00008196
test,835,BDMAP_00008209
test,836,BDMAP_00008227
test,837,BDMAP_00008259
test,838,BDMAP_00008307
test,839,BDMAP_00008309
test,840,BDMAP_00008312
test,841,BDMAP_00008320
test,842,BDMAP_00008323
test,843,BDMAP_00008336
test,844,BDMAP_00008339
test,845,BDMAP_00008353
test,846,BDMAP_00008390
test,847,BDMAP_00008393
test,848,BDMAP_00008416
test,849,BDMAP_00008428
test,850,BDMAP_00008434
test,851,BDMAP_00008435
test,852,BDMAP_00008446
test,853,BDMAP_00008473
test,854,BDMAP_00008509
test,855,BDMAP_00008528
test,856,BDMAP_00008530
test,857,BDMAP_00008550
test,858,BDMAP_00008572
test,859,BDMAP_00008581
test,860,BDMAP_00008586
test,861,BDMAP_00008595
test,862,BDMAP_00008604
test,863,BDMAP_00008612
test,864,BDMAP_00008615
test,865,BDMAP_00008641
test,866,BDMAP_00008648
test,867,BDMAP_00008650
test,868,BDMAP_00008663
test,869,BDMAP_00008667
test,870,BDMAP_00008668
test,871,BDMAP_00008672
test,872,BDMAP_00008681
test,873,BDMAP_00008685
test,874,BDMAP_00008692
test,875,BDMAP_00008695
test,876,BDMAP_00008703
test,877,BDMAP_00008714
test,878,BDMAP_00008717
test,879,BDMAP_00008719
test,880,BDMAP_00008727
test,881,BDMAP_00008731
test,882,BDMAP_00008744
test,883,BDMAP_00008755
test,884,BDMAP_00008756
test,885,BDMAP_00008757
test,886,BDMAP_00008779
test,887,BDMAP_00008781
test,888,BDMAP_00008786
test,889,BDMAP_00008788
test,890,BDMAP_00008793
test,891,BDMAP_00008801
test,892,BDMAP_00008802
test,893,BDMAP_00008809
test,894,BDMAP_00008816
test,895,BDMAP_00008824
test,896,BDMAP_00008839
test,897,BDMAP_00008848
test,898,BDMAP_00008851
test,899,BDMAP_00008902
test,900,BDMAP_00008912
test,901,BDMAP_00008922
test,902,BDMAP_00008929
test,903,BDMAP_00008938
test,904,BDMAP_00008952
test,905,BDMAP_00008959
test,906,BDMAP_00008997
test,907,BDMAP_00009003
test,908,BDMAP_00009037
test,909,BDMAP_00009038
test,910,BDMAP_00009050
test,911,BDMAP_00009063
test,912,BDMAP_00009072
test,913,BDMAP_00009079
test,914,BDMAP_00009097
test,915,BDMAP_00009122
test,916,BDMAP_00009123
test,917,BDMAP_00009126
test,918,BDMAP_00009149
test,919,BDMAP_00009153
test,920,BDMAP_00009168
test,921,BDMAP_00009217
test,922,BDMAP_00009219
test,923,BDMAP_00009244
test,924,BDMAP_00009245
test,925,BDMAP_00009250
test,926,BDMAP_00000005
test,927,BDMAP_00000006
test,928,BDMAP_00000010
test,929,BDMAP_00000056
test,930,BDMAP_00000065
test,931,BDMAP_00000078
test,932,BDMAP_00000095
test,933,BDMAP_00000099
test,934,BDMAP_00000118
test,935,BDMAP_00000126
test,936,BDMAP_00000127
test,937,BDMAP_00000134
test,938,BDMAP_00000138
test,939,BDMAP_00000155
test,940,BDMAP_00000162
test,941,BDMAP_00000190
test,942,BDMAP_00000191
test,943,BDMAP_00000198
test,944,BDMAP_00000203
test,945,BDMAP_00000207
test,946,BDMAP_00000225
test,947,BDMAP_00000226
test,948,BDMAP_00000233
test,949,BDMAP_00000236
test,950,BDMAP_00000250
test,951,BDMAP_00000256
test,952,BDMAP_00000261
test,953,BDMAP_00000263
test,954,BDMAP_00000302
test,955,BDMAP_00000303
test,956,BDMAP_00000346
test,957,BDMAP_00000365
test,958,BDMAP_00000385
test,959,BDMAP_00000392
test,960,BDMAP_00000396
test,961,BDMAP_00000405
test,962,BDMAP_00000413
test,963,BDMAP_00000418
test,964,BDMAP_00000420
test,965,BDMAP_00000467
test,966,BDMAP_00000503
test,967,BDMAP_00000505
test,968,BDMAP_00000513
test,969,BDMAP_00000524
test,970,BDMAP_00000538
test,971,BDMAP_00000540
test,972,BDMAP_00000560
test,973,BDMAP_00000570
test,974,BDMAP_00000575
test,975,BDMAP_00000581
test,976,BDMAP_00000601
test,977,BDMAP_00000607
test,978,BDMAP_00000636
test,979,BDMAP_00000639
test,980,BDMAP_00000660
test,981,BDMAP_00000664
test,982,BDMAP_00000667
test,983,BDMAP_00000668
test,984,BDMAP_00000672
test,985,BDMAP_00000699
test,986,BDMAP_00000700
test,987,BDMAP_00000717
test,988,BDMAP_00000718
test,989,BDMAP_00000729
test,990,BDMAP_00000761
test,991,BDMAP_00000770
test,992,BDMAP_00000771
test,993,BDMAP_00000776
test,994,BDMAP_00000785
test,995,BDMAP_00000794
test,996,BDMAP_00000815
test,997,BDMAP_00000824
test,998,BDMAP_00000826
test,999,BDMAP_00000828
test,1000,BDMAP_00000831
test,1001,BDMAP_00000847
test,1002,BDMAP_00000852
test,1003,BDMAP_00000854
test,1004,BDMAP_00000855
test,1005,BDMAP_00000861
test,1006,BDMAP_00000864
test,1007,BDMAP_00000877
test,1008,BDMAP_00000879
test,1009,BDMAP_00000919
test,1010,BDMAP_00000923
test,1011,BDMAP_00000925
test,1012,BDMAP_00000929
test,1013,BDMAP_00000951
test,1014,BDMAP_00000954
test,1015,BDMAP_00000957
test,1016,BDMAP_00000981
test,1017,BDMAP_00000985
test,1018,BDMAP_00000996
test,1019,BDMAP_00001016
test,1020,BDMAP_00001017
test,1021,BDMAP_00001022
test,1022,BDMAP_00001029
test,1023,BDMAP_00001046
test,1024,BDMAP_00001060
test,1025,BDMAP_00001061
test,1026,BDMAP_00001063
test,1027,BDMAP_00001064
test,1028,BDMAP_00001066
test,1029,BDMAP_00001067
test,1030,BDMAP_00001070
test,1031,BDMAP_00001078
test,1032,BDMAP_00001082
test,1033,BDMAP_00001121
test,1034,BDMAP_00001123
test,1035,BDMAP_00001149
test,1036,BDMAP_00001151
test,1037,BDMAP_00001155
test,1038,BDMAP_00001168
test,1039,BDMAP_00001185
test,1040,BDMAP_00001192
test,1041,BDMAP_00001203
test,1042,BDMAP_00001215
test,1043,BDMAP_00001219
test,1044,BDMAP_00001249
test,1045,BDMAP_00001253
test,1046,BDMAP_00001257
test,1047,BDMAP_00001268
test,1048,BDMAP_00001277
test,1049,BDMAP_00001292
test,1050,BDMAP_00001297
test,1051,BDMAP_00001307
test,1052,BDMAP_00001325
test,1053,BDMAP_00001332
test,1054,BDMAP_00001343
test,1055,BDMAP_00001354
test,1056,BDMAP_00001366
test,1057,BDMAP_00001410
test,1058,BDMAP_00001461
test,1059,BDMAP_00001485
test,1060,BDMAP_00001496
test,1061,BDMAP_00001529
test,1062,BDMAP_00001532
test,1063,BDMAP_00001541
test,1064,BDMAP_00001543
test,1065,BDMAP_00001572
test,1066,BDMAP_00001582
test,1067,BDMAP_00001586
test,1068,BDMAP_00001605
test,1069,BDMAP_00001606
test,1070,BDMAP_00001620
test,1071,BDMAP_00001634
test,1072,BDMAP_00001637
test,1073,BDMAP_00001646
test,1074,BDMAP_00001647
test,1075,BDMAP_00001649
test,1076,BDMAP_00001664
test,1077,BDMAP_00001665
test,1078,BDMAP_00001679
test,1079,BDMAP_00001680
test,1080,BDMAP_00001686
test,1081,BDMAP_00001687
test,1082,BDMAP_00001688
test,1083,BDMAP_00001694
test,1084,BDMAP_00001708
test,1085,BDMAP_00001734
test,1086,BDMAP_00001735
test,1087,BDMAP_00001758
test,1088,BDMAP_00001762
test,1089,BDMAP_00001793
test,1090,BDMAP_00001803
test,1091,BDMAP_00001811
test,1092,BDMAP_00001817
test,1093,BDMAP_00001829
test,1094,BDMAP_00001839
test,1095,BDMAP_00001842
test,1096,BDMAP_00001844
test,1097,BDMAP_00001853
test,1098,BDMAP_00001854
test,1099,BDMAP_00001855
test,1100,BDMAP_00001866
test,1101,BDMAP_00001888
test,1102,BDMAP_00001896
test,1103,BDMAP_00001900
test,1104,BDMAP_00001907
test,1105,BDMAP_00001909
test,1106,BDMAP_00001918
test,1107,BDMAP_00001931
test,1108,BDMAP_00001932
test,1109,BDMAP_00001960
test,1110,BDMAP_00001971
test,1111,BDMAP_00001977
test,1112,BDMAP_00001987
test,1113,BDMAP_00001995
test,1114,BDMAP_00001998
test,1115,BDMAP_00001999
test,1116,BDMAP_00002001
test,1117,BDMAP_00002027
test,1118,BDMAP_00002028
test,1119,BDMAP_00002048
test,1120,BDMAP_00002049
test,1121,BDMAP_00002050
test,1122,BDMAP_00002061
test,1123,BDMAP_00002063
test,1124,BDMAP_00002083
test,1125,BDMAP_00002106
test,1126,BDMAP_00002117
test,1127,BDMAP_00002126
test,1128,BDMAP_00002137
test,1129,BDMAP_00002142
test,1130,BDMAP_00002144
test,1131,BDMAP_00002157
test,1132,BDMAP_00002181
test,1133,BDMAP_00002191
test,1134,BDMAP_00002193
test,1135,BDMAP_00002194
test,1136,BDMAP_00002201
test,1137,BDMAP_00002205
test,1138,BDMAP_00002206
test,1139,BDMAP_00002220
test,1140,BDMAP_00002244
test,1141,BDMAP_00002256
test,1142,BDMAP_00002328
test,1143,BDMAP_00002337
test,1144,BDMAP_00002369
test,1145,BDMAP_00002372
test,1146,BDMAP_00002386
test,1147,BDMAP_00002394
test,1148,BDMAP_00002428
test,1149,BDMAP_00002434
test,1150,BDMAP_00002444
test,1151,BDMAP_00002455
test,1152,BDMAP_00002473
test,1153,BDMAP_00002480
test,1154,BDMAP_00002490
test,1155,BDMAP_00002492
test,1156,BDMAP_00002503
test,1157,BDMAP_00002505
test,1158,BDMAP_00002512
test,1159,BDMAP_00002540
test,1160,BDMAP_00002552
test,1161,BDMAP_00002558
test,1162,BDMAP_00002559
test,1163,BDMAP_00002561
test,1164,BDMAP_00002569
test,1165,BDMAP_00002591
test,1166,BDMAP_00002594
test,1167,BDMAP_00002613
test,1168,BDMAP_00002636
test,1169,BDMAP_00002646
test,1170,BDMAP_00002675
test,1171,BDMAP_00002682
test,1172,BDMAP_00002694
test,1173,BDMAP_00002696
test,1174,BDMAP_00002704
test,1175,BDMAP_00002709
test,1176,BDMAP_00002713
test,1177,BDMAP_00002732
test,1178,BDMAP_00002734
test,1179,BDMAP_00002735
test,1180,BDMAP_00002739
test,1181,BDMAP_00002740
test,1182,BDMAP_00002745
test,1183,BDMAP_00002746
test,1184,BDMAP_00002748
test,1185,BDMAP_00002780
test,1186,BDMAP_00002783
test,1187,BDMAP_00002787
test,1188,BDMAP_00002791
test,1189,BDMAP_00002798
test,1190,BDMAP_00002807
test,1191,BDMAP_00002812
test,1192,BDMAP_00002815
test,1193,BDMAP_00002825
test,1194,BDMAP_00002833
test,1195,BDMAP_00002839
test,1196,BDMAP_00002840
test,1197,BDMAP_00002850
test,1198,BDMAP_00002870
test,1199,BDMAP_00002872
test,1200,BDMAP_00002873
test,1201,BDMAP_00002879
test,1202,BDMAP_00002892
test,1203,BDMAP_00002899
test,1204,BDMAP_00002912
test,1205,BDMAP_00002915
test,1206,BDMAP_00002924
test,1207,BDMAP_00002932
test,1208,BDMAP_00002951
test,1209,BDMAP_00002962
test,1210,BDMAP_00002968
test,1211,BDMAP_00002976
test,1212,BDMAP_00002977
test,1213,BDMAP_00003006
test,1214,BDMAP_00003010
test,1215,BDMAP_00003031
test,1216,BDMAP_00003052
test,1217,BDMAP_00003073
test,1218,BDMAP_00003074
test,1219,BDMAP_00003087
test,1220,BDMAP_00003100
test,1221,BDMAP_00003105
test,1222,BDMAP_00003109
test,1223,BDMAP_00003125
test,1224,BDMAP_00003142
test,1225,BDMAP_00003148
test,1226,BDMAP_00003153
test,1227,BDMAP_00003158
test,1228,BDMAP_00003171
test,1229,BDMAP_00003178
test,1230,BDMAP_00003229
test,1231,BDMAP_00003243
test,1232,BDMAP_00003267
test,1233,BDMAP_00003268
test,1234,BDMAP_00003305
test,1235,BDMAP_00003325
test,1236,BDMAP_00003328
test,1237,BDMAP_00003331
test,1238,BDMAP_00003344
test,1239,BDMAP_00003346
test,1240,BDMAP_00003355
test,1241,BDMAP_00003369
test,1242,BDMAP_00003374
test,1243,BDMAP_00003375
test,1244,BDMAP_00003377
test,1245,BDMAP_00003386
test,1246,BDMAP_00003392
test,1247,BDMAP_00003395
test,1248,BDMAP_00003418
test,1249,BDMAP_00003420
test,1250,BDMAP_00003421
test,1251,BDMAP_00003437
test,1252,BDMAP_00003441
test,1253,BDMAP_00003445
test,1254,BDMAP_00003447
test,1255,BDMAP_00003473
test,1256,BDMAP_00003477
test,1257,BDMAP_00003487
test,1258,BDMAP_00003491
test,1259,BDMAP_00003507
test,1260,BDMAP_00003508
test,1261,BDMAP_00003511
test,1262,BDMAP_00003518
test,1263,BDMAP_00003531
test,1264,BDMAP_00003532
test,1265,BDMAP_00003557
test,1266,BDMAP_00003562
test,1267,BDMAP_00003580
test,1268,BDMAP_00003582
test,1269,BDMAP_00003585
test,1270,BDMAP_00003597
test,1271,BDMAP_00003628
test,1272,BDMAP_00003637
test,1273,BDMAP_00003645
test,1274,BDMAP_00003673
test,1275,BDMAP_00003688
test,1276,BDMAP_00003697
test,1277,BDMAP_00003710
test,1278,BDMAP_00003720
test,1279,BDMAP_00003736
test,1280,BDMAP_00003745
test,1281,BDMAP_00003749
test,1282,BDMAP_00003757
test,1283,BDMAP_00003764
test,1284,BDMAP_00003767
test,1285,BDMAP_00003770
test,1286,BDMAP_00003776
test,1287,BDMAP_00003798
test,1288,BDMAP_00003813
test,1289,BDMAP_00003819
test,1290,BDMAP_00003841
test,1291,BDMAP_00003844
test,1292,BDMAP_00003855
test,1293,BDMAP_00003864
test,1294,BDMAP_00003877
test,1295,BDMAP_00003891
test,1296,BDMAP_00003901
test,1297,BDMAP_00003914
test,1298,BDMAP_00003926
test,1299,BDMAP_00003944
test,1300,BDMAP_00003975
test,1301,BDMAP_00003988
test,1302,BDMAP_00004001
test,1303,BDMAP_00004015
test,1304,BDMAP_00004019
test,1305,BDMAP_00004022
test,1306,BDMAP_00004034
test,1307,BDMAP_00004062
test,1308,BDMAP_00004071
test,1309,BDMAP_00004080
test,1310,BDMAP_00004108
test,1311,BDMAP_00004143
test,1312,BDMAP_00004144
test,1313,BDMAP_00004147
test,1314,BDMAP_00004159
test,1315,BDMAP_00004165
test,1316,BDMAP_00004172
test,1317,BDMAP_00004176
test,1318,BDMAP_00004179
test,1319,BDMAP_00004187
test,1320,BDMAP_00004189
test,1321,BDMAP_00004200
test,1322,BDMAP_00004207
test,1323,BDMAP_00004209
test,1324,BDMAP_00004219
test,1325,BDMAP_00004226
test,1326,BDMAP_00004228
test,1327,BDMAP_00004235
test,1328,BDMAP_00004250
test,1329,BDMAP_00004262
test,1330,BDMAP_00004269
test,1331,BDMAP_00004283
test,1332,BDMAP_00004290
test,1333,BDMAP_00004298
test,1334,BDMAP_00004301
test,1335,BDMAP_00004313
test,1336,BDMAP_00004325
test,1337,BDMAP_00004331
test,1338,BDMAP_00004361
test,1339,BDMAP_00004364
test,1340,BDMAP_00004381
test,1341,BDMAP_00004390
test,1342,BDMAP_00004414
test,1343,BDMAP_00004427
test,1344,BDMAP_00004433
test,1345,BDMAP_00004434
test,1346,BDMAP_00004452
test,1347,BDMAP_00004453
test,1348,BDMAP_00004466
test,1349,BDMAP_00004469
test,1350,BDMAP_00004489
test,1351,BDMAP_00004492
test,1352,BDMAP_00004493
test,1353,BDMAP_00004494
test,1354,BDMAP_00004496
test,1355,BDMAP_00004497
test,1356,BDMAP_00004500
test,1357,BDMAP_00004531
test,1358,BDMAP_00004545
test,1359,BDMAP_00004549
test,1360,BDMAP_00004556
test,1361,BDMAP_00004612
test,1362,BDMAP_00004613
test,1363,BDMAP_00004622
test,1364,BDMAP_00004633
test,1365,BDMAP_00004637
test,1366,BDMAP_00004638
test,1367,BDMAP_00004643
test,1368,BDMAP_00004659
test,1369,BDMAP_00004663
test,1370,BDMAP_00004671
test,1371,BDMAP_00004674
test,1372,BDMAP_00004720
test,1373,BDMAP_00004730
test,1374,BDMAP_00004736
test,1375,BDMAP_00004737
test,1376,BDMAP_00004738
test,1377,BDMAP_00004749
test,1378,BDMAP_00004753
test,1379,BDMAP_00004778
test,1380,BDMAP_00004781
test,1381,BDMAP_00004785
test,1382,BDMAP_00004805
test,1383,BDMAP_00004810
test,1384,BDMAP_00004821
test,1385,BDMAP_00004836
test,1386,BDMAP_00004847
test,1387,BDMAP_00004850
test,1388,BDMAP_00004855
test,1389,BDMAP_00004859
test,1390,BDMAP_00004860
test,1391,BDMAP_00004870
test,1392,BDMAP_00004888
test,1393,BDMAP_00004893
test,1394,BDMAP_00004894
test,1395,BDMAP_00004911
test,1396,BDMAP_00004912
test,1397,BDMAP_00004932
test,1398,BDMAP_00004947
test,1399,BDMAP_00004965
test,1400,BDMAP_00004969
test,1401,BDMAP_00004974
test,1402,BDMAP_00004977
test,1403,BDMAP_00004981
test,1404,BDMAP_00005030
test,1405,BDMAP_00005032
test,1406,BDMAP_00005052
test,1407,BDMAP_00005053
test,1408,BDMAP_00005057
test,1409,BDMAP_00005064
test,1410,BDMAP_00005074
test,1411,BDMAP_00005089
test,1412,BDMAP_00005105
test,1413,BDMAP_00005110
test,1414,BDMAP_00005116
test,1415,BDMAP_00005117
test,1416,BDMAP_00005123
test,1417,BDMAP_00005125
test,1418,BDMAP_00005127
test,1419,BDMAP_00005135
test,1420,BDMAP_00005143
test,1421,BDMAP_00005162
test,1422,BDMAP_00005173
test,1423,BDMAP_00005178
test,1424,BDMAP_00005189
test,1425,BDMAP_00005192
test,1426,BDMAP_00005223
test,1427,BDMAP_00005233
test,1428,BDMAP_00005238
test,1429,BDMAP_00005241
test,1430,BDMAP_00005250
test,1431,BDMAP_00005257
test,1432,BDMAP_00005259
test,1433,BDMAP_00005277
test,1434,BDMAP_00005288
test,1435,BDMAP_00005294
test,1436,BDMAP_00005302
test,1437,BDMAP_00005306
test,1438,BDMAP_00005312
test,1439,BDMAP_00005316
test,1440,BDMAP_00005321
test,1441,BDMAP_00005335
test,1442,BDMAP_00005343
test,1443,BDMAP_00005349
test,1444,BDMAP_00005374
test,1445,BDMAP_00005388
test,1446,BDMAP_00005391
test,1447,BDMAP_00005394
test,1448,BDMAP_00005402
test,1449,BDMAP_00005409
test,1450,BDMAP_00005416
test,1451,BDMAP_00005424
test,1452,BDMAP_00005443
test,1453,BDMAP_00005450
test,1454,BDMAP_00005451
test,1455,BDMAP_00005464
test,1456,BDMAP_00005469
test,1457,BDMAP_00005487
test,1458,BDMAP_00005531
test,1459,BDMAP_00005535
test,1460,BDMAP_00005536
test,1461,BDMAP_00005537
test,1462,BDMAP_00005540
test,1463,BDMAP_00005542
test,1464,BDMAP_00005561
test,1465,BDMAP_00005566
test,1466,BDMAP_00005568
test,1467,BDMAP_00005570
test,1468,BDMAP_00005576
test,1469,BDMAP_00005579
test,1470,BDMAP_00005586
test,1471,BDMAP_00005589
test,1472,BDMAP_00005593
test,1473,BDMAP_00005597
test,1474,BDMAP_00005601
test,1475,BDMAP_00005619
test,1476,BDMAP_00005623
test,1477,BDMAP_00005626
test,1478,BDMAP_00005645
test,1479,BDMAP_00005646
test,1480,BDMAP_00005676
test,1481,BDMAP_00005692
test,1482,BDMAP_00005700
test,1483,BDMAP_00005714
test,1484,BDMAP_00005727
test,1485,BDMAP_00005733
test,1486,BDMAP_00005735
test,1487,BDMAP_00005743
test,1488,BDMAP_00005746
test,1489,BDMAP_00005751
test,1490,BDMAP_00005760
test,1491,BDMAP_00005766
test,1492,BDMAP_00005780
test,1493,BDMAP_00005789
test,1494,BDMAP_00005792
test,1495,BDMAP_00005802
test,1496,BDMAP_00005812
test,1497,BDMAP_00005855
test,1498,BDMAP_00005856
test,1499,BDMAP_00005865
test,1500,BDMAP_00005871
test,1501,BDMAP_00005879
test,1502,BDMAP_00005882
test,1503,BDMAP_00005893
test,1504,BDMAP_00005896
test,1505,BDMAP_00005916
test,1506,BDMAP_00005918
test,1507,BDMAP_00005920
test,1508,BDMAP_00005950
test,1509,BDMAP_00005952
test,1510,BDMAP_00005960
test,1511,BDMAP_00005967
test,1512,BDMAP_00005972
test,1513,BDMAP_00005978
test,1514,BDMAP_00005985
test,1515,BDMAP_00005987
test,1516,BDMAP_00005989
test,1517,BDMAP_00005990
test,1518,BDMAP_00005998
test,1519,BDMAP_00006003
test,1520,BDMAP_00006016
test,1521,BDMAP_00006020
test,1522,BDMAP_00006025
test,1523,BDMAP_00006029
test,1524,BDMAP_00006032
test,1525,BDMAP_00006039
test,1526,BDMAP_00006043
test,1527,BDMAP_00006091
test,1528,BDMAP_00006103
test,1529,BDMAP_00006133
test,1530,BDMAP_00006167
test,1531,BDMAP_00006169
test,1532,BDMAP_00006173
test,1533,BDMAP_00006185
test,1534,BDMAP_00006191
test,1535,BDMAP_00006198
test,1536,BDMAP_00006230
test,1537,BDMAP_00006234
test,1538,BDMAP_00006236
test,1539,BDMAP_00006239
test,1540,BDMAP_00006242
test,1541,BDMAP_00006255
test,1542,BDMAP_00006266
test,1543,BDMAP_00006270
test,1544,BDMAP_00006279
test,1545,BDMAP_00006284
test,1546,BDMAP_00006288
test,1547,BDMAP_00006289
test,1548,BDMAP_00006294
test,1549,BDMAP_00006296
test,1550,BDMAP_00006304
test,1551,BDMAP_00006314
test,1552,BDMAP_00006317
test,1553,BDMAP_00006328
test,1554,BDMAP_00006332
test,1555,BDMAP_00006360
test,1556,BDMAP_00006372
test,1557,BDMAP_00006375
test,1558,BDMAP_00006377
test,1559,BDMAP_00006397
test,1560,BDMAP_00006414
test,1561,BDMAP_00006421
test,1562,BDMAP_00006440
test,1563,BDMAP_00006458
test,1564,BDMAP_00006470
test,1565,BDMAP_00006485
test,1566,BDMAP_00006494
test,1567,BDMAP_00006507
test,1568,BDMAP_00006515
test,1569,BDMAP_00006529
test,1570,BDMAP_00006531
test,1571,BDMAP_00006542
test,1572,BDMAP_00006545
test,1573,BDMAP_00006547
test,1574,BDMAP_00006566
test,1575,BDMAP_00006586
test,1576,BDMAP_00006589
test,1577,BDMAP_00006601
test,1578,BDMAP_00006615
test,1579,BDMAP_00006617
test,1580,BDMAP_00006618
test,1581,BDMAP_00006620
test,1582,BDMAP_00006656
test,1583,BDMAP_00006666
test,1584,BDMAP_00006669
test,1585,BDMAP_00006678
test,1586,BDMAP_00006695
test,1587,BDMAP_00006710
test,1588,BDMAP_00006732
test,1589,BDMAP_00006737
test,1590,BDMAP_00006739
test,1591,BDMAP_00006749
test,1592,BDMAP_00006768
test,1593,BDMAP_00006777
test,1594,BDMAP_00006778
test,1595,BDMAP_00006800
test,1596,BDMAP_00006802
test,1597,BDMAP_00006807
test,1598,BDMAP_00006810
test,1599,BDMAP_00006820
test,1600,BDMAP_00006834
test,1601,BDMAP_00006864
test,1602,BDMAP_00006874
test,1603,BDMAP_00006882
test,1604,BDMAP_00006883
test,1605,BDMAP_00006892
test,1606,BDMAP_00006893
test,1607,BDMAP_00006894
test,1608,BDMAP_00006899
test,1609,BDMAP_00006906
test,1610,BDMAP_00006911
test,1611,BDMAP_00006938
test,1612,BDMAP_00006939
test,1613,BDMAP_00006942
test,1614,BDMAP_00006944
test,1615,BDMAP_00006945
test,1616,BDMAP_00006950
test,1617,BDMAP_00006967
test,1618,BDMAP_00006971
test,1619,BDMAP_00006972
test,1620,BDMAP_00006982
test,1621,BDMAP_00006987
test,1622,BDMAP_00006989
test,1623,BDMAP_00006997
test,1624,BDMAP_00007003
test,1625,BDMAP_00007005
test,1626,BDMAP_00007023
test,1627,BDMAP_00007027
test,1628,BDMAP_00007028
test,1629,BDMAP_00007036
test,1630,BDMAP_00007042
test,1631,BDMAP_00007044
test,1632,BDMAP_00007057
test,1633,BDMAP_00007080
test,1634,BDMAP_00007099
test,1635,BDMAP_00007100
test,1636,BDMAP_00007103
test,1637,BDMAP_00007113
test,1638,BDMAP_00007115
test,1639,BDMAP_00007126
test,1640,BDMAP_00007141
test,1641,BDMAP_00007148
test,1642,BDMAP_00007159
test,1643,BDMAP_00007165
test,1644,BDMAP_00007187
test,1645,BDMAP_00007191
test,1646,BDMAP_00007193
test,1647,BDMAP_00007197
test,1648,BDMAP_00007207
test,1649,BDMAP_00007209
test,1650,BDMAP_00007216
test,1651,BDMAP_00007240
test,1652,BDMAP_00007241
test,1653,BDMAP_00007242
test,1654,BDMAP_00007246
test,1655,BDMAP_00007254
test,1656,BDMAP_00007267
test,1657,BDMAP_00007271
test,1658,BDMAP_00007281
test,1659,BDMAP_00007313
test,1660,BDMAP_00007327
test,1661,BDMAP_00007331
test,1662,BDMAP_00007340
test,1663,BDMAP_00007344
test,1664,BDMAP_00007351
test,1665,BDMAP_00007358
test,1666,BDMAP_00007386
test,1667,BDMAP_00007391
test,1668,BDMAP_00007393
test,1669,BDMAP_00007401
test,1670,BDMAP_00007405
test,1671,BDMAP_00007409
test,1672,BDMAP_00007410
test,1673,BDMAP_00007419
test,1674,BDMAP_00007420
test,1675,BDMAP_00007422
test,1676,BDMAP_00007450
test,1677,BDMAP_00007456
test,1678,BDMAP_00007484
test,1679,BDMAP_00007490
test,1680,BDMAP_00007495
test,1681,BDMAP_00007510
test,1682,BDMAP_00007514
test,1683,BDMAP_00007527
test,1684,BDMAP_00007544
test,1685,BDMAP_00007547
test,1686,BDMAP_00007555
test,1687,BDMAP_00007556
test,1688,BDMAP_00007561
test,1689,BDMAP_00007562
test,1690,BDMAP_00007571
test,1691,BDMAP_00007575
test,1692,BDMAP_00007576
test,1693,BDMAP_00007577
test,1694,BDMAP_00007578
test,1695,BDMAP_00007588
test,1696,BDMAP_00007630
test,1697,BDMAP_00007642
test,1698,BDMAP_00007649
test,1699,BDMAP_00007652
test,1700,BDMAP_00007668
test,1701,BDMAP_00007669
test,1702,BDMAP_00007674
test,1703,BDMAP_00007680
test,1704,BDMAP_00007684
test,1705,BDMAP_00007688
test,1706,BDMAP_00007715
test,1707,BDMAP_00007722
test,1708,BDMAP_00007724
test,1709,BDMAP_00007731
test,1710,BDMAP_00007735
test,1711,BDMAP_00007778
test,1712,BDMAP_00007784
test,1713,BDMAP_00007791
test,1714,BDMAP_00007805
test,1715,BDMAP_00007806
test,1716,BDMAP_00007807
test,1717,BDMAP_00007831
test,1718,BDMAP_00007850
test,1719,BDMAP_00007859
test,1720,BDMAP_00007861
test,1721,BDMAP_00007864
test,1722,BDMAP_00007870
test,1723,BDMAP_00007892
test,1724,BDMAP_00007893
test,1725,BDMAP_00007902
test,1726,BDMAP_00007917
test,1727,BDMAP_00007940
test,1728,BDMAP_00007942
test,1729,BDMAP_00007944
test,1730,BDMAP_00007957
test,1731,BDMAP_00007985
test,1732,BDMAP_00007988
test,1733,BDMAP_00007990
test,1734,BDMAP_00007993
test,1735,BDMAP_00007995
test,1736,BDMAP_00007997
test,1737,BDMAP_00008003
test,1738,BDMAP_00008005
test,1739,BDMAP_00008007
test,1740,BDMAP_00008008
test,1741,BDMAP_00008011
test,1742,BDMAP_00008018
test,1743,BDMAP_00008051
test,1744,BDMAP_00008054
test,1745,BDMAP_00008083
test,1746,BDMAP_00008097
test,1747,BDMAP_00008111
test,1748,BDMAP_00008121
test,1749,BDMAP_00008131
test,1750,BDMAP_00008136
test,1751,BDMAP_00008151
test,1752,BDMAP_00008153
test,1753,BDMAP_00008155
test,1754,BDMAP_00008156
test,1755,BDMAP_00008163
test,1756,BDMAP_00008165
test,1757,BDMAP_00008173
test,1758,BDMAP_00008174
test,1759,BDMAP_00008176
test,1760,BDMAP_00008196
test,1761,BDMAP_00008209
test,1762,BDMAP_00008227
test,1763,BDMAP_00008259
test,1764,BDMAP_00008307
test,1765,BDMAP_00008309
test,1766,BDMAP_00008312
test,1767,BDMAP_00008320
test,1768,BDMAP_00008323
test,1769,BDMAP_00008336
test,1770,BDMAP_00008339
test,1771,BDMAP_00008353
test,1772,BDMAP_00008390
test,1773,BDMAP_00008393
test,1774,BDMAP_00008416
test,1775,BDMAP_00008428
test,1776,BDMAP_00008434
test,1777,BDMAP_00008435
test,1778,BDMAP_00008446
test,1779,BDMAP_00008473
test,1780,BDMAP_00008509
test,1781,BDMAP_00008528
test,1782,BDMAP_00008530
test,1783,BDMAP_00008550
test,1784,BDMAP_00008572
test,1785,BDMAP_00008581
test,1786,BDMAP_00008586
test,1787,BDMAP_00008595
test,1788,BDMAP_00008604
test,1789,BDMAP_00008612
test,1790,BDMAP_00008615
test,1791,BDMAP_00008641
test,1792,BDMAP_00008648
test,1793,BDMAP_00008650
test,1794,BDMAP_00008663
test,1795,BDMAP_00008667
test,1796,BDMAP_00008668
test,1797,BDMAP_00008672
test,1798,BDMAP_00008681
test,1799,BDMAP_00008685
test,1800,BDMAP_00008692
test,1801,BDMAP_00008695
test,1802,BDMAP_00008703
test,1803,BDMAP_00008714
test,1804,BDMAP_00008717
test,1805,BDMAP_00008719
test,1806,BDMAP_00008727
test,1807,BDMAP_00008731
test,1808,BDMAP_00008744
test,1809,BDMAP_00008755
test,1810,BDMAP_00008756
test,1811,BDMAP_00008757
test,1812,BDMAP_00008779
test,1813,BDMAP_00008781
test,1814,BDMAP_00008786
test,1815,BDMAP_00008788
test,1816,BDMAP_00008793
test,1817,BDMAP_00008801
test,1818,BDMAP_00008802
test,1819,BDMAP_00008809
test,1820,BDMAP_00008816
test,1821,BDMAP_00008824
test,1822,BDMAP_00008839
test,1823,BDMAP_00008848
test,1824,BDMAP_00008851
test,1825,BDMAP_00008902
test,1826,BDMAP_00008912
test,1827,BDMAP_00008922
test,1828,BDMAP_00008929
test,1829,BDMAP_00008938
test,1830,BDMAP_00008952
test,1831,BDMAP_00008959
test,1832,BDMAP_00008997
test,1833,BDMAP_00009003
test,1834,BDMAP_00009037
test,1835,BDMAP_00009038
test,1836,BDMAP_00009050
test,1837,BDMAP_00009063
test,1838,BDMAP_00009072
test,1839,BDMAP_00009079
test,1840,BDMAP_00009097
test,1841,BDMAP_00009122
test,1842,BDMAP_00009123
test,1843,BDMAP_00009126
test,1844,BDMAP_00009149
test,1845,BDMAP_00009153
test,1846,BDMAP_00009168
test,1847,BDMAP_00009217
test,1848,BDMAP_00009219
test,1849,BDMAP_00009244
test,1850,BDMAP_00009245
test,1851,BDMAP_00009250
test,1852,BDMAP_00006697
test,1853,BDMAP_00008515
test,1854,BDMAP_00006305
test,1855,BDMAP_00007190
test,1856,BDMAP_00007933
test,1857,BDMAP_00005737
test,1858,BDMAP_00005654
test,1859,BDMAP_00007132
test,1860,BDMAP_00005859
test,1861,BDMAP_00007286
test,1862,BDMAP_00007264
test,1863,BDMAP_00008934
test,1864,BDMAP_00008230
test,1865,BDMAP_00008868
test,1866,BDMAP_00007987
test,1867,BDMAP_00008385
test,1868,BDMAP_00008636
test,1869,BDMAP_00008943
test,1870,BDMAP_00005197
test,1871,BDMAP_00007672
test,1872,BDMAP_00009208
test,1873,BDMAP_00007376
test,1874,BDMAP_00006467
test,1875,BDMAP_00006319
test,1876,BDMAP_00006659
test,1877,BDMAP_00007442
test,1878,BDMAP_00006604
test,1879,BDMAP_00007406
test,1880,BDMAP_00007192
test,1881,BDMAP_00008981
test,1882,BDMAP_00005279
test,1883,BDMAP_00009150
test,1884,BDMAP_00008160
test,1885,BDMAP_00008266
test,1886,BDMAP_00008500
test,1887,BDMAP_00006628
test,1888,BDMAP_00008862
test,1889,BDMAP_00008526
test,1890,BDMAP_00008652
test,1891,BDMAP_00007960
test,1892,BDMAP_00006702
test,1893,BDMAP_00005747
test,1894,BDMAP_00005538
test,1895,BDMAP_00006051
test,1896,BDMAP_00009178
test,1897,BDMAP_00007663
test,1898,BDMAP_00008697
test,1899,BDMAP_00009194
test,1900,BDMAP_00009116
test,1901,BDMAP_00005397
test,1902,BDMAP_00005358
test,1903,BDMAP_00007284
test,1904,BDMAP_00008167
test,1905,BDMAP_00009102
test,1906,BDMAP_00006996
test,1907,BDMAP_00006843
test,1908,BDMAP_00005480
test,1909,BDMAP_00008371
test,1910,BDMAP_00007488
test,1911,BDMAP_00005919
test,1912,BDMAP_00005689
test,1913,BDMAP_00008570
test,1914,BDMAP_00008960
test,1915,BDMAP_00005713
test,1916,BDMAP_00008190
test,1917,BDMAP_00006307
test,1918,BDMAP_00008166
test,1919,BDMAP_00006129
test,1920,BDMAP_00005633
test,1921,BDMAP_00008198
test,1922,BDMAP_00007225
test,1923,BDMAP_00008482
test,1924,BDMAP_00006118
test,1925,BDMAP_00005559
test,1926,BDMAP_00005675
test,1927,BDMAP_00007365
test,1928,BDMAP_00007587
test,1929,BDMAP_00006042
test,1930,BDMAP_00008113
test,1931,BDMAP_00006182
test,1932,BDMAP_00008326
test,1933,BDMAP_00005510
test,1934,BDMAP_00007043
test,1935,BDMAP_00009147
test,1936,BDMAP_00005825
test,1937,BDMAP_00008646
test,1938,BDMAP_00007764
test,1939,BDMAP_00007611
test,1940,BDMAP_00006793
test,1941,BDMAP_00007530
test,1942,BDMAP_00005305
test,1943,BDMAP_00007374
test,1944,BDMAP_00005362
test,1945,BDMAP_00005263
test,1946,BDMAP_00005494
test,1947,BDMAP_00009120
test,1948,BDMAP_00008143
test,1949,BDMAP_00005283
test,1950,BDMAP_00006392
test,1951,BDMAP_00009073
test,1952,BDMAP_00006559
test,1953,BDMAP_00005261
test,1954,BDMAP_00008499
test,1955,BDMAP_00006625
test,1956,BDMAP_00006134
test,1957,BDMAP_00007400
test,1958,BDMAP_00005624
test,1959,BDMAP_00006109
test,1960,BDMAP_00007837
test,1961,BDMAP_00007938
test,1962,BDMAP_00008533
test,1963,BDMAP_00005313
test,1964,BDMAP_00008172
test,1965,BDMAP_00005840
test,1966,BDMAP_00006849
test,1967,BDMAP_00007502
test,1968,BDMAP_00007404
test,1969,BDMAP_00005307
test,1970,BDMAP_00008245
test,1971,BDMAP_00005680
test,1972,BDMAP_00008789
test,1973,BDMAP_00008453
test,1974,BDMAP_00007200
test,1975,BDMAP_00007310
test,1976,BDMAP_00007198
test,1977,BDMAP_00005941
test,1978,BDMAP_00006082
test,1979,BDMAP_00005571
test,1980,BDMAP_00007843
test,1981,BDMAP_00008053
test,1982,BDMAP_00007922
test,1983,BDMAP_00005289
test,1984,BDMAP_00008273
test,1985,BDMAP_00005492
test,1986,BDMAP_00005609
test,1987,BDMAP_00007274
test,1988,BDMAP_00006540
test,1989,BDMAP_00005380
test,1990,BDMAP_00005337
test,1991,BDMAP_00007934
test,1992,BDMAP_00006087
test,1993,BDMAP_00009226
test,1994,BDMAP_00007135
test,1995,BDMAP_00008122
test,1996,BDMAP_00005610
test,1997,BDMAP_00006261
test,1998,BDMAP_00009104
test,1999,BDMAP_00008350
test,2000,BDMAP_00005199
test,2001,BDMAP_00007109
test,2002,BDMAP_00006755
test,2003,BDMAP_00008988
test,2004,BDMAP_00007865
test,2005,BDMAP_00007818
test,2006,BDMAP_00006912
test,2007,BDMAP_00007260
test,2008,BDMAP_00005341
test,2009,BDMAP_00006422
test,2010,BDMAP_00007342
test,2011,BDMAP_00008655
test,2012,BDMAP_00007483
test,2013,BDMAP_00007676
test,2014,BDMAP_00008634
test,2015,BDMAP_00007955
test,2016,BDMAP_00005524
test,2017,BDMAP_00008337
test,2018,BDMAP_00006170
test,2019,BDMAP_00007181
test,2020,BDMAP_00008407
test,2021,BDMAP_00008274
test,2022,BDMAP_00005844
test,2023,BDMAP_00008718
test,2024,BDMAP_00007424
test,2025,BDMAP_00007087
test,2026,BDMAP_00005677
test,2027,BDMAP_00007900
test,2028,BDMAP_00008720
test,2029,BDMAP_00007703
test,2030,BDMAP_00008319
test,2031,BDMAP_00007636
test,2032,BDMAP_00005649
test,2033,BDMAP_00007217
test,2034,BDMAP_00006986
test,2035,BDMAP_00007539
test,2036,BDMAP_00008030
test,2037,BDMAP_00007886
test,2038,BDMAP_00009031
test,2039,BDMAP_00005863
test,2040,BDMAP_00005497
test,2041,BDMAP_00007800
test,2042,BDMAP_00008417
test,2043,BDMAP_00006313
test,2044,BDMAP_00007089
test,2045,BDMAP_00006262
test,2046,BDMAP_00008833
test,2047,BDMAP_00006394
test,2048,BDMAP_00006879
test,2049,BDMAP_00009124
test,2050,BDMAP_00008794
test,2051,BDMAP_00008649
test,2052,BDMAP_00005864
test,2053,BDMAP_00005214
test,2054,BDMAP_00008253
test,2055,BDMAP_00008301
test,2056,BDMAP_00005498
test,2057,BDMAP_00005799
test,2058,BDMAP_00009140
test,2059,BDMAP_00007361
test,2060,BDMAP_00008115
test,2061,BDMAP_00009229
test,2062,BDMAP_00007463
test,2063,BDMAP_00005604
test,2064,BDMAP_00006384
test,2065,BDMAP_00009171
test,2066,BDMAP_00005328
test,2067,BDMAP_00009160
test,2068,BDMAP_00008904
test,2069,BDMAP_00006756
test,2070,BDMAP_00006393
test,2071,BDMAP_00008525
test,2072,BDMAP_00006648
test,2073,BDMAP_00006817
test,2074,BDMAP_00006120
test,2075,BDMAP_00009060
test,2076,BDMAP_00005339
test,2077,BDMAP_00007461
test,2078,BDMAP_00005582
test,2079,BDMAP_00009109
test,2080,BDMAP_00007151
test,2081,BDMAP_00005988
test,2082,BDMAP_00005734
test,2083,BDMAP_00006565
test,2084,BDMAP_00007208
test,2085,BDMAP_00008874
test,2086,BDMAP_00007345
test,2087,BDMAP_00007825
test,2088,BDMAP_00006351
test,2089,BDMAP_00005275
test,2090,BDMAP_00007521
test,2091,BDMAP_00007550
test,2092,BDMAP_00006023
test,2093,BDMAP_00005428
test,2094,BDMAP_00007262
test,2095,BDMAP_00008518
test,2096,BDMAP_00006071
test,2097,BDMAP_00006405
test,2098,BDMAP_00005466
test,2099,BDMAP_00006147
test,2100,BDMAP_00005575
test,2101,BDMAP_00005710
test,2102,BDMAP_00006823
test,2103,BDMAP_00008715
test,2104,BDMAP_00008725
test,2105,BDMAP_00005533
test,2106,BDMAP_00006940
test,2107,BDMAP_00006290
test,2108,BDMAP_00007541
test,2109,BDMAP_00005372
test,2110,BDMAP_00008109
test,2111,BDMAP_00007717
test,2112,BDMAP_00008492
test,2113,BDMAP_00008758
test,2114,BDMAP_00006643
test,2115,BDMAP_00007678
test,2116,BDMAP_00007018
test,2117,BDMAP_00005829
test,2118,BDMAP_00007536
test,2119,BDMAP_00005939
test,2120,BDMAP_00008412
test,2121,BDMAP_00005485
test,2122,BDMAP_00008249
test,2123,BDMAP_00007606
test,2124,BDMAP_00008244
test,2125,BDMAP_00005938
test,2126,BDMAP_00005435
test,2127,BDMAP_00006022
test,2128,BDMAP_00006536
test,2129,BDMAP_00005262
test,2130,BDMAP_00005686
test,2131,BDMAP_00007581
test,2132,BDMAP_00007090
test,2133,BDMAP_00008425
test,2134,BDMAP_00006862
test,2135,BDMAP_00009256
test,2136,BDMAP_00008257
test,2137,BDMAP_00006847
test,2138,BDMAP_00007858
test,2139,BDMAP_00009258
test,2140,BDMAP_00007082
test,2141,BDMAP_00007350
test,2142,BDMAP_00008460
test,2143,BDMAP_00008406
test,2144,BDMAP_00005667
test,2145,BDMAP_00007664
test,2146,BDMAP_00008472
test,2147,BDMAP_00005432
test,2148,BDMAP_00008490
test,2149,BDMAP_00008303
test,2150,BDMAP_00008709
test,2151,BDMAP_00007655
test,2152,BDMAP_00008677
test,2153,BDMAP_00005764
test,2154,BDMAP_00007073
test,2155,BDMAP_00006992
test,2156,BDMAP_00008795
test,2157,BDMAP_00008523
test,2158,BDMAP_00006058
test,2159,BDMAP_00006473
test,2160,BDMAP_00009143
test,2161,BDMAP_00007583
test,2162,BDMAP_00008564
test,2163,BDMAP_00007446
test,2164,BDMAP_00006799
test,2165,BDMAP_00008601
test,2166,BDMAP_00006177
test,2167,BDMAP_00005272
test,2168,BDMAP_00008125
test,2169,BDMAP_00008797
test,2170,BDMAP_00007453
test,2171,BDMAP_00005211
test,2172,BDMAP_00005678
test,2173,BDMAP_00006338
test,2174,BDMAP_00008089
test,2175,BDMAP_00008589
test,2176,BDMAP_00006630
test,2177,BDMAP_00008826
test,2178,BDMAP_00006232
test,2179,BDMAP_00006067
test,2180,BDMAP_00006970
test,2181,BDMAP_00005590
test,2182,BDMAP_00008986
test,2183,BDMAP_00007890
test,2184,BDMAP_00006537
test,2185,BDMAP_00006352
test,2186,BDMAP_00006842
test,2187,BDMAP_00008372
test,2188,BDMAP_00006114
test,2189,BDMAP_00008647
test,2190,BDMAP_00007534
test,2191,BDMAP_00008449
test,2192,BDMAP_00007770
test,2193,BDMAP_00009170
test,2194,BDMAP_00005831
test,2195,BDMAP_00006759
test,2196,BDMAP_00005588
test,2197,BDMAP_00007829
test,2198,BDMAP_00008462
test,2199,BDMAP_00005957
test,2200,BDMAP_00008600
test,2201,BDMAP_00006436
test,2202,BDMAP_00005628
test,2203,BDMAP_00008850
test,2204,BDMAP_00007303
test,2205,BDMAP_00005462
test,2206,BDMAP_00006464
test,2207,BDMAP_00006359
test,2208,BDMAP_00006953
test,2209,BDMAP_00007683
test,2210,BDMAP_00007301
test,2211,BDMAP_00006845
test,2212,BDMAP_00007549
test,2213,BDMAP_00006157
test,2214,BDMAP_00009261
test,2215,BDMAP_00005849
test,2216,BDMAP_00008993
test,2217,BDMAP_00009010
test,2218,BDMAP_00006199
test,2219,BDMAP_00006621
test,2220,BDMAP_00007903
test,2221,BDMAP_00007382
test,2222,BDMAP_00009002
test,2223,BDMAP_00007095
test,2224,BDMAP_00006968
test,2225,BDMAP_00008538
test,2226,BDMAP_00008216
test,2227,BDMAP_00008553
test,2228,BDMAP_00005757
test,2229,BDMAP_00008066
test,2230,BDMAP_00005707
test,2231,BDMAP_00006193
test,2232,BDMAP_00006576
test,2233,BDMAP_00005379
test,2234,BDMAP_00008328
test,2235,BDMAP_00008602
test,2236,BDMAP_00005940
test,2237,BDMAP_00007403
test,2238,BDMAP_00008549
test,2239,BDMAP_00007863
test,2240,BDMAP_00005458
test,2241,BDMAP_00007796
test,2242,BDMAP_00005964
test,2243,BDMAP_00006546
test,2244,BDMAP_00008088
test,2245,BDMAP_00006052
test,2246,BDMAP_00008707
test,2247,BDMAP_00006785
test,2248,BDMAP_00005505
test,2249,BDMAP_00008279
test,2250,BDMAP_00006865
test,2251,BDMAP_00008376
test,2252,BDMAP_00006150
test,2253,BDMAP_00005866
test,2254,BDMAP_00007651
test,2255,BDMAP_00007936
test,2256,BDMAP_00007106
test,2257,BDMAP_00005560
test,2258,BDMAP_00008067
test,2259,BDMAP_00006315
test,2260,BDMAP_00008585
test,2261,BDMAP_00008735
test,2262,BDMAP_00008366
test,2263,BDMAP_00006104
test,2264,BDMAP_00007007
test,2265,BDMAP_00009238
test,2266,BDMAP_00008147
test,2267,BDMAP_00005390
test,2268,BDMAP_00005772
test,2269,BDMAP_00007949
test,2270,BDMAP_00009210
test,2271,BDMAP_00007857
test,2272,BDMAP_00008465
test,2273,BDMAP_00008484
test,2274,BDMAP_00006192
test,2275,BDMAP_00008985
test,2276,BDMAP_00009014
test,2277,BDMAP_00006065
test,2278,BDMAP_00009131
test,2279,BDMAP_00008531
test,2280,BDMAP_00007257
test,2281,BDMAP_00006248
test,2282,BDMAP_00005550
test,2283,BDMAP_00009007
test,2284,BDMAP_00006316
test,2285,BDMAP_00005508
test,2286,BDMAP_00008733
test,2287,BDMAP_00005816
test,2288,BDMAP_00007632
test,2289,BDMAP_00006026
test,2290,BDMAP_00008760
test,2291,BDMAP_00008015
test,2292,BDMAP_00005884
test,2293,BDMAP_00007049
test,2294,BDMAP_00005459
test,2295,BDMAP_00005461
test,2296,BDMAP_00005805
test,2297,BDMAP_00008495
test,2298,BDMAP_00006046
test,2299,BDMAP_00005636
test,2300,BDMAP_00006226
test,2301,BDMAP_00008842
test,2302,BDMAP_00007894
test,2303,BDMAP_00005800
test,2304,BDMAP_00007124
test,2305,BDMAP_00006482
test,2306,BDMAP_00008827
test,2307,BDMAP_00005265
test,2308,BDMAP_00008969
test,2309,BDMAP_00008049
test,2310,BDMAP_00007614
test,2311,BDMAP_00006660
test,2312,BDMAP_00009192
test,2313,BDMAP_00006904
test,2314,BDMAP_00007754
test,2315,BDMAP_00005663
test,2316,BDMAP_00005357
test,2317,BDMAP_00006253
test,2318,BDMAP_00008774
test,2319,BDMAP_00008560
test,2320,BDMAP_00008208
test,2321,BDMAP_00007537
test,2322,BDMAP_00005841
test,2323,BDMAP_00006487
test,2324,BDMAP_00006692
test,2325,BDMAP_00008478
test,2326,BDMAP_00007965
test,2327,BDMAP_00009193
test,2328,BDMAP_00005953
test,2329,BDMAP_00006018
test,2330,BDMAP_00008423
test,2331,BDMAP_00007756
test,2332,BDMAP_00008908
test,2333,BDMAP_00008219
test,2334,BDMAP_00005742
test,2335,BDMAP_00005370
test,2336,BDMAP_00008367
test,2337,BDMAP_00008288
test,2338,BDMAP_00005818
test,2339,BDMAP_00007585
test,2340,BDMAP_00005205
test,2341,BDMAP_00006891
test,2342,BDMAP_00006907
test,2343,BDMAP_00007248
test,2344,BDMAP_00007827
test,2345,BDMAP_00007086
test,2346,BDMAP_00008637
test,2347,BDMAP_00006356
test,2348,BDMAP_00008811
test,2349,BDMAP_00009181
test,2350,BDMAP_00008327
test,2351,BDMAP_00005222
test,2352,BDMAP_00008203
test,2353,BDMAP_00006662
test,2354,BDMAP_00008297
test,2355,BDMAP_00007360
test,2356,BDMAP_00005854
test,2357,BDMAP_00006400
test,2358,BDMAP_00006108
test,2359,BDMAP_00007755
test,2360,BDMAP_00007798
test,2361,BDMAP_00007841
test,2362,BDMAP_00005385
test,2363,BDMAP_00005442
test,2364,BDMAP_00007647
test,2365,BDMAP_00006197
test,2366,BDMAP_00005786
test,2367,BDMAP_00007171
test,2368,BDMAP_00005673
test,2369,BDMAP_00005486
test,2370,BDMAP_00007478
test,2371,BDMAP_00007112
test,2372,BDMAP_00007564
test,2373,BDMAP_00008818
test,2374,BDMAP_00006119
test,2375,BDMAP_00006504
test,2376,BDMAP_00006744
test,2377,BDMAP_00005574
test,2378,BDMAP_00005804
test,2379,BDMAP_00005867
test,2380,BDMAP_00006111
test,2381,BDMAP_00008712
test,2382,BDMAP_00006585
test,2383,BDMAP_00006476
test,2384,BDMAP_00005970
test,2385,BDMAP_00008139
test,2386,BDMAP_00005285
test,2387,BDMAP_00007129
test,2388,BDMAP_00006605
test,2389,BDMAP_00008678
test,2390,BDMAP_00007220
test,2391,BDMAP_00008527
test,2392,BDMAP_00007969
test,2393,BDMAP_00006269
test,2394,BDMAP_00008544
test,2395,BDMAP_00006952
test,2396,BDMAP_00006070
test,2397,BDMAP_00006138
test,2398,BDMAP_00005900
test,2399,BDMAP_00008192
test,2400,BDMAP_00008924
test,2401,BDMAP_00008017
test,2402,BDMAP_00005447
test,2403,BDMAP_00007876
test,2404,BDMAP_00006922
test,2405,BDMAP_00007309
test,2406,BDMAP_00005961
test,2407,BDMAP_00005870
test,2408,BDMAP_00008107
test,2409,BDMAP_00007609
test,2410,BDMAP_00008014
test,2411,BDMAP_00005352
test,2412,BDMAP_00005991
test,2413,BDMAP_00005732
test,2414,BDMAP_00007147
test,2415,BDMAP_00009248
test,2416,BDMAP_00008867
test,2417,BDMAP_00007883
test,2418,BDMAP_00005366
test,2419,BDMAP_00006561
test,2420,BDMAP_00009169
test,2421,BDMAP_00005857
test,2422,BDMAP_00007255
test,2423,BDMAP_00007470
test,2424,BDMAP_00008578
test,2425,BDMAP_00009252
test,2426,BDMAP_00007937
test,2427,BDMAP_00005974
test,2428,BDMAP_00005273
test,2429,BDMAP_00008565
test,2430,BDMAP_00009043
test,2431,BDMAP_00006049
test,2432,BDMAP_00005229
test,2433,BDMAP_00007897
test,2434,BDMAP_00006598
test,2435,BDMAP_00006786
test,2436,BDMAP_00008436
test,2437,BDMAP_00005398
test,2438,BDMAP_00008150
test,2439,BDMAP_00006554
test,2440,BDMAP_00005255
test,2441,BDMAP_00008906
test,2442,BDMAP_00006932
test,2443,BDMAP_00008872
test,2444,BDMAP_00008094
test,2445,BDMAP_00006365
test,2446,BDMAP_00007364
test,2447,BDMAP_00007804
test,2448,BDMAP_00006720
test,2449,BDMAP_00007482
test,2450,BDMAP_00006527
test,2451,BDMAP_00006534
test,2452,BDMAP_00008448
test,2453,BDMAP_00007431
test,2454,BDMAP_00005946
test,2455,BDMAP_00008513
test,2456,BDMAP_00008607
test,2457,BDMAP_00006672
test,2458,BDMAP_00007079
test,2459,BDMAP_00005228
test,2460,BDMAP_00006651
test,2461,BDMAP_00007270
test,2462,BDMAP_00007307
test,2463,BDMAP_00006342
test,2464,BDMAP_00007948
test,2465,BDMAP_00008699
test,2466,BDMAP_00009182
test,2467,BDMAP_00008314
test,2468,BDMAP_00006218
test,2469,BDMAP_00009082
test,2470,BDMAP_00007613
test,2471,BDMAP_00008984
test,2472,BDMAP_00006158
test,2473,BDMAP_00007156
test,2474,BDMAP_00006850
test,2475,BDMAP_00006681
test,2476,BDMAP_00008251
test,2477,BDMAP_00007184
test,2478,BDMAP_00008522
test,2479,BDMAP_00005994
test,2480,BDMAP_00006522
test,2481,BDMAP_00006806
test,2482,BDMAP_00005517
test,2483,BDMAP_00005556
test,2484,BDMAP_00006921
test,2485,BDMAP_00006728
test,2486,BDMAP_00006055
test,2487,BDMAP_00009130
test,2488,BDMAP_00006929
test,2489,BDMAP_00006030
test,2490,BDMAP_00007852
test,2491,BDMAP_00008971
test,2492,BDMAP_00008141
test,2493,BDMAP_00006276
test,2494,BDMAP_00007604
test,2495,BDMAP_00006709
test,2496,BDMAP_00005553
test,2497,BDMAP_00007290
test,2498,BDMAP_00006456
test,2499,BDMAP_00005711
test,2500,BDMAP_00008466
test,2501,BDMAP_00007075
test,2502,BDMAP_00009088
test,2503,BDMAP_00005706
test,2504,BDMAP_00005418
test,2505,BDMAP_00009228
test,2506,BDMAP_00007498
test,2507,BDMAP_00008905
test,2508,BDMAP_00006885
test,2509,BDMAP_00007616
test,2510,BDMAP_00008711
test,2511,BDMAP_00007034
test,2512,BDMAP_00008822
test,2513,BDMAP_00009152
test,2514,BDMAP_00006839
test,2515,BDMAP_00005401
test,2516,BDMAP_00008010
test,2517,BDMAP_00006776
test,2518,BDMAP_00007388
test,2519,BDMAP_00006086
test,2520,BDMAP_00007472
test,2521,BDMAP_00006577
test,2522,BDMAP_00005827
test,2523,BDMAP_00009103
test,2524,BDMAP_00006217
test,2525,BDMAP_00008798
test,2526,BDMAP_00005235
test,2527,BDMAP_00006444
test,2528,BDMAP_00008016
test,2529,BDMAP_00005906
test,2530,BDMAP_00007473
test,2531,BDMAP_00009207
test,2532,BDMAP_00007745
test,2533,BDMAP_00008182
test,2534,BDMAP_00007952
test,2535,BDMAP_00006838
test,2536,BDMAP_00007229
test,2537,BDMAP_00005338
test,2538,BDMAP_00006915
test,2539,BDMAP_00008521
test,2540,BDMAP_00007568
test,2541,BDMAP_00006190
test,2542,BDMAP_00007690
test,2543,BDMAP_00006812
test,2544,BDMAP_00005696
test,2545,BDMAP_00006661
test,2546,BDMAP_00008639
test,2547,BDMAP_00007682
test,2548,BDMAP_00006772
test,2549,BDMAP_00005731
test,2550,BDMAP_00009202
test,2551,BDMAP_00008341
test,2552,BDMAP_00006178
test,2553,BDMAP_00006978
test,2554,BDMAP_00005420
test,2555,BDMAP_00005635
test,2556,BDMAP_00007256
test,2557,BDMAP_00007421
test,2558,BDMAP_00005688
test,2559,BDMAP_00006202
test,2560,BDMAP_00008835
test,2561,BDMAP_00008013
test,2562,BDMAP_00006502
test,2563,BDMAP_00007177
test,2564,BDMAP_00007854
test,2565,BDMAP_00006518
test,2566,BDMAP_00009239
test,2567,BDMAP_00006539
test,2568,BDMAP_00008644
test,2569,BDMAP_00008229
test,2570,BDMAP_00008837
test,2571,BDMAP_00005616
test,2572,BDMAP_00005668
test,2573,BDMAP_00006556
test,2574,BDMAP_00006673
test,2575,BDMAP_00008626
test,2576,BDMAP_00007462
test,2577,BDMAP_00007842
test,2578,BDMAP_00007236
test,2579,BDMAP_00005387
test,2580,BDMAP_00006991
test,2581,BDMAP_00005528
test,2582,BDMAP_00007763
test,2583,BDMAP_00007928
test,2584,BDMAP_00007486
test,2585,BDMAP_00008503
test,2586,BDMAP_00008408
test,2587,BDMAP_00006926
test,2588,BDMAP_00005304
test,2589,BDMAP_00006028
test,2590,BDMAP_00005943
test,2591,BDMAP_00007214
test,2592,BDMAP_00007661
test,2593,BDMAP_00009223
test,2594,BDMAP_00008865
test,2595,BDMAP_00007353
test,2596,BDMAP_00007392
test,2597,BDMAP_00006557
test,2598,BDMAP_00008217
test,2599,BDMAP_00008548
test,2600,BDMAP_00006498
test,2601,BDMAP_00008810
test,2602,BDMAP_00006040
test,2603,BDMAP_00006638
test,2604,BDMAP_00006433
test,2605,BDMAP_00006175
test,2606,BDMAP_00009040
test,2607,BDMAP_00008739
test,2608,BDMAP_00007506
test,2609,BDMAP_00007235
test,2610,BDMAP_00006015
test,2611,BDMAP_00006752
test,2612,BDMAP_00007069
test,2613,BDMAP_00008910
test,2614,BDMAP_00005412
test,2615,BDMAP_00006425
test,2616,BDMAP_00007402
test,2617,BDMAP_00006654
test,2618,BDMAP_00007595
test,2619,BDMAP_00007650
test,2620,BDMAP_00005622
test,2621,BDMAP_00005993
test,2622,BDMAP_00007580
test,2623,BDMAP_00007612
test,2624,BDMAP_00006341
test,2625,BDMAP_00008962
test,2626,BDMAP_00007188
test,2627,BDMAP_00005763
test,2628,BDMAP_00006189
test,2629,BDMAP_00007752
test,2630,BDMAP_00007910
test,2631,BDMAP_00006211
test,2632,BDMAP_00008364
test,2633,BDMAP_00008132
test,2634,BDMAP_00005741
test,2635,BDMAP_00007444
test,2636,BDMAP_00005465
test,2637,BDMAP_00007133
test,2638,BDMAP_00007436
test,2639,BDMAP_00007808
test,2640,BDMAP_00006081
test,2641,BDMAP_00006452
test,2642,BDMAP_00008351
test,2643,BDMAP_00007848
test,2644,BDMAP_00007849
test,2645,BDMAP_00008098
test,2646,BDMAP_00008184
test,2647,BDMAP_00005817
test,2648,BDMAP_00009041
test,2649,BDMAP_00006943
test,2650,BDMAP_00007055
test,2651,BDMAP_00007452
test,2652,BDMAP_00006205
test,2653,BDMAP_00005815
test,2654,BDMAP_00006469
test,2655,BDMAP_00006404
test,2656,BDMAP_00007781
test,2657,BDMAP_00006339
test,2658,BDMAP_00006401
test,2659,BDMAP_00006142
test,2660,BDMAP_00007615
test,2661,BDMAP_00008349
test,2662,BDMAP_00005503
test,2663,BDMAP_00008377
test,2664,BDMAP_00006861
test,2665,BDMAP_00005359
test,2666,BDMAP_00007432
test,2667,BDMAP_00007475
test,2668,BDMAP_00007834
test,2669,BDMAP_00005266
test,2670,BDMAP_00005325
test,2671,BDMAP_00007477
test,2672,BDMAP_00007451
test,2673,BDMAP_00006889
test,2674,BDMAP_00005378
test,2675,BDMAP_00008659
test,2676,BDMAP_00006463
test,2677,BDMAP_00009056
test,2678,BDMAP_00008891
test,2679,BDMAP_00008375
test,2680,BDMAP_00005897
test,2681,BDMAP_00006927
test,2682,BDMAP_00006516
test,2683,BDMAP_00008566
test,2684,BDMAP_00005541
test,2685,BDMAP_00005643
test,2686,BDMAP_00007114
test,2687,BDMAP_00005749
test,2688,BDMAP_00008282
test,2689,BDMAP_00007912
test,2690,BDMAP_00008608
test,2691,BDMAP_00007553
test,2692,BDMAP_00006623
test,2693,BDMAP_00009084
test,2694,BDMAP_00006434
test,2695,BDMAP_00007810
test,2696,BDMAP_00006760
test,2697,BDMAP_00007862
test,2698,BDMAP_00005573
test,2699,BDMAP_00007531
test,2700,BDMAP_00009024
test,2701,BDMAP_00008189
test,2702,BDMAP_00006743
test,2703,BDMAP_00006815
test,2704,BDMAP_00008614
test,2705,BDMAP_00006995
test,2706,BDMAP_00008705
test,2707,BDMAP_00009156
test,2708,BDMAP_00009055
test,2709,BDMAP_00005529
test,2710,BDMAP_00006736
test,2711,BDMAP_00005665
test,2712,BDMAP_00005501
test,2713,BDMAP_00007119
test,2714,BDMAP_00005877
test,2715,BDMAP_00005954
test,2716,BDMAP_00009146
test,2717,BDMAP_00006461
test,2718,BDMAP_00008901
test,2719,BDMAP_00006324
test,2720,BDMAP_00009128
test,2721,BDMAP_00007046
test,2722,BDMAP_00008662
test,2723,BDMAP_00009221
test,2724,BDMAP_00009163
test,2725,BDMAP_00006144
test,2726,BDMAP_00007098
test,2727,BDMAP_00006154
test,2728,BDMAP_00007399
test,2729,BDMAP_00005653
test,2730,BDMAP_00008028
test,2731,BDMAP_00007762
test,2732,BDMAP_00006580
test,2733,BDMAP_00007559
test,2734,BDMAP_00006471
test,2735,BDMAP_00007037
test,2736,BDMAP_00008161
test,2737,BDMAP_00009144
test,2738,BDMAP_00007012
test,2739,BDMAP_00005318
test,2740,BDMAP_00006423
test,2741,BDMAP_00008355
test,2742,BDMAP_00005966
test,2743,BDMAP_00008897
test,2744,BDMAP_00008414
test,2745,BDMAP_00009159
test,2746,BDMAP_00007505
test,2747,BDMAP_00007266
test,2748,BDMAP_00006085
test,2749,BDMAP_00008077
test,2750,BDMAP_00005767
test,2751,BDMAP_00006227
test,2752,BDMAP_00007489
test,2753,BDMAP_00007166
test,2754,BDMAP_00007926
test,2755,BDMAP_00005823
test,2756,BDMAP_00006782
test,2757,BDMAP_00008966
test,2758,BDMAP_00007218
test,2759,BDMAP_00006962
test,2760,BDMAP_00009025
test,2761,BDMAP_00006530
test,2762,BDMAP_00008272
test,2763,BDMAP_00008675
test,2764,BDMAP_00006533
test,2765,BDMAP_00008343
test,2766,BDMAP_00006010
test,2767,BDMAP_00006674
test,2768,BDMAP_00006391
test,2769,BDMAP_00006308
test,2770,BDMAP_00007801
test,2771,BDMAP_00008622
test,2772,BDMAP_00008457
test,2773,BDMAP_00008191
test,2774,BDMAP_00007522
test,2775,BDMAP_00006318
test,2776,BDMAP_00008488
test,2777,BDMAP_00008967
test,2778,BDMAP_00006183
test,2779,BDMAP_00007815
test,2780,BDMAP_00008231
test,2781,BDMAP_00005251
test,2782,BDMAP_00009254
test,2783,BDMAP_00007328
test,2784,BDMAP_00009205
test,2785,BDMAP_00005467
test,2786,BDMAP_00008916
test,2787,BDMAP_00008749
test,2788,BDMAP_00006225
test,2789,BDMAP_00007337
test,2790,BDMAP_00006966
test,2791,BDMAP_00007212
test,2792,BDMAP_00005595
test,2793,BDMAP_00007844
test,2794,BDMAP_00007930
test,2795,BDMAP_00008091
test,2796,BDMAP_00006596
test,2797,BDMAP_00007760
test,2798,BDMAP_00006745
test,2799,BDMAP_00007213
test,2800,BDMAP_00005969
test,2801,BDMAP_00008468
test,2802,BDMAP_00008773
test,2803,BDMAP_00005367
test,2804,BDMAP_00006322
test,2805,BDMAP_00007167
test,2806,BDMAP_00005838
test,2807,BDMAP_00009177
test,2808,BDMAP_00006584
test,2809,BDMAP_00007579
test,2810,BDMAP_00007737
test,2811,BDMAP_00008178
test,2812,BDMAP_00005837
test,2813,BDMAP_00009220
test,2814,BDMAP_00008391
test,2815,BDMAP_00005203
test,2816,BDMAP_00008920
test,2817,BDMAP_00007518
test,2818,BDMAP_00008736
test,2819,BDMAP_00008930
test,2820,BDMAP_00005876
test,2821,BDMAP_00006074
test,2822,BDMAP_00005360
test,2823,BDMAP_00008784
test,2824,BDMAP_00008103
test,2825,BDMAP_00007836
test,2826,BDMAP_00007592
test,2827,BDMAP_00008034
test,2828,BDMAP_00008716
test,2829,BDMAP_00007300
test,2830,BDMAP_00008633
test,2831,BDMAP_00008852
test,2832,BDMAP_00006935
test,2833,BDMAP_00008404
test,2834,BDMAP_00008494
test,2835,BDMAP_00006378
test,2836,BDMAP_00005755
test,2837,BDMAP_00008594
test,2838,BDMAP_00008524
test,2839,BDMAP_00007958
test,2840,BDMAP_00007146
test,2841,BDMAP_00005377
test,2842,BDMAP_00008087
test,2843,BDMAP_00006632
test,2844,BDMAP_00006827
test,2845,BDMAP_00006606
test,2846,BDMAP_00007440
test,2847,BDMAP_00008571
test,2848,BDMAP_00005607
test,2849,BDMAP_00008105
test,2850,BDMAP_00008561
test,2851,BDMAP_00008849
test,2852,BDMAP_00008142
test,2853,BDMAP_00006856
test,2854,BDMAP_00008431
test,2855,BDMAP_00006427
test,2856,BDMAP_00005565
test,2857,BDMAP_00008975
test,2858,BDMAP_00005982
test,2859,BDMAP_00008611
test,2860,BDMAP_00007507
test,2861,BDMAP_00009057
test,2862,BDMAP_00009201
test,2863,BDMAP_00008440
test,2864,BDMAP_00007050
test,2865,BDMAP_00007052
test,2866,BDMAP_00005226
test,2867,BDMAP_00008949
test,2868,BDMAP_00007128
test,2869,BDMAP_00006102
test,2870,BDMAP_00005308
test,2871,BDMAP_00007325
test,2872,BDMAP_00005355
test,2873,BDMAP_00009222
test,2874,BDMAP_00008056
test,2875,BDMAP_00006680
test,2876,BDMAP_00008987
test,2877,BDMAP_00007097
test,2878,BDMAP_00006344
test,2879,BDMAP_00006683
test,2880,BDMAP_00009179
test,2881,BDMAP_00007253
test,2882,BDMAP_00009048
test,2883,BDMAP_00008262
test,2884,BDMAP_00007599
test,2885,BDMAP_00007062
test,2886,BDMAP_00006089
test,2887,BDMAP_00008866
test,2888,BDMAP_00006769
test,2889,BDMAP_00009020
test,2890,BDMAP_00007809
test,2891,BDMAP_00005264
test,2892,BDMAP_00008258
test,2893,BDMAP_00007620
test,2894,BDMAP_00006088
test,2895,BDMAP_00007597
test,2896,BDMAP_00007194
test,2897,BDMAP_00005973
test,2898,BDMAP_00006798
test,2899,BDMAP_00009133
test,2900,BDMAP_00006254
test,2901,BDMAP_00006408
test,2902,BDMAP_00006007
test,2903,BDMAP_00009161
test,2904,BDMAP_00006930
test,2905,BDMAP_00007161
test,2906,BDMAP_00005489
test,2907,BDMAP_00008546
test,2908,BDMAP_00007968
test,2909,BDMAP_00007279
test,2910,BDMAP_00009197
test,2911,BDMAP_00005929
test,2912,BDMAP_00008545
test,2913,BDMAP_00005830
test,2914,BDMAP_00005925
test,2915,BDMAP_00008728
test,2916,BDMAP_00007205
test,2917,BDMAP_00007628
test,2918,BDMAP_00006162
test,2919,BDMAP_00007509
test,2920,BDMAP_00006524
test,2921,BDMAP_00009067
test,2922,BDMAP_00006244
test,2923,BDMAP_00006634
test,2924,BDMAP_00006501
test,2925,BDMAP_00007162
test,2926,BDMAP_00007302
test,2927,BDMAP_00006309
test,2928,BDMAP_00008689
test,2929,BDMAP_00005618
test,2930,BDMAP_00005901
test,2931,BDMAP_00007258
test,2932,BDMAP_00009115
test,2933,BDMAP_00008871
test,2934,BDMAP_00008171
test,2935,BDMAP_00007908
test,2936,BDMAP_00005814
test,2937,BDMAP_00007414
test,2938,BDMAP_00007157
test,2939,BDMAP_00009186
test,2940,BDMAP_00006249
test,2941,BDMAP_00009183
test,2942,BDMAP_00007232
test,2943,BDMAP_00005439
test,2944,BDMAP_00005314
test,2945,BDMAP_00007747
test,2946,BDMAP_00005506
test,2947,BDMAP_00007992
test,2948,BDMAP_00007914
test,2949,BDMAP_00008057
test,2950,BDMAP_00007525
test,2951,BDMAP_00007689
test,2952,BDMAP_00006325
test,2953,BDMAP_00008397
test,2954,BDMAP_00005426
test,2955,BDMAP_00006153
test,2956,BDMAP_00006056
test,2957,BDMAP_00005282
test,2958,BDMAP_00006195
test,2959,BDMAP_00005267
test,2960,BDMAP_00007691
test,2961,BDMAP_00007812
test,2962,BDMAP_00006126
test,2963,BDMAP_00007882
test,2964,BDMAP_00005309
test,2965,BDMAP_00008169
test,2966,BDMAP_00008214
test,2967,BDMAP_00007407
test,2968,BDMAP_00008250
test,2969,BDMAP_00008236
test,2970,BDMAP_00009006
test,2971,BDMAP_00005468
test,2972,BDMAP_00008890
test,2973,BDMAP_00006287
test,2974,BDMAP_00007418
test,2975,BDMAP_00008487
test,2976,BDMAP_00006146
test,2977,BDMAP_00008060
test,2978,BDMAP_00006376
test,2979,BDMAP_00006635
test,2980,BDMAP_00006520
test,2981,BDMAP_00005606
test,2982,BDMAP_00006127
test,2983,BDMAP_00007476
test,2984,BDMAP_00008815
test,2985,BDMAP_00007963
test,2986,BDMAP_00007742
test,2987,BDMAP_00008354
test,2988,BDMAP_00009005
test,2989,BDMAP_00005514
test,2990,BDMAP_00007250
test,2991,BDMAP_00009174
test,2992,BDMAP_00008693
test,2993,BDMAP_00008330
test,2994,BDMAP_00008324
test,2995,BDMAP_00006124
test,2996,BDMAP_00006696
test,2997,BDMAP_00006734
test,2998,BDMAP_00008180
test,2999,BDMAP_00005354
test,3000,BDMAP_00006724
test,3001,BDMAP_00005745
test,3002,BDMAP_00007311
test,3003,BDMAP_00008420
test,3004,BDMAP_00008221
test,3005,BDMAP_00008643
test,3006,BDMAP_00005577
test,3007,BDMAP_00006250
test,3008,BDMAP_00009173
test,3009,BDMAP_00007989
test,3010,BDMAP_00006499
test,3011,BDMAP_00006757
test,3012,BDMAP_00005585
test,3013,BDMAP_00008447
test,3014,BDMAP_00008315
test,3015,BDMAP_00006363
test,3016,BDMAP_00008761
test,3017,BDMAP_00009259
test,3018,BDMAP_00007183
test,3019,BDMAP_00005369
test,3020,BDMAP_00008619
test,3021,BDMAP_00007481
test,3022,BDMAP_00005639
test,3023,BDMAP_00007021
test,3024,BDMAP_00006402
test,3025,BDMAP_00007479
test,3026,BDMAP_00007640
test,3027,BDMAP_00005928
test,3028,BDMAP_00006496
test,3029,BDMAP_00005545
test,3030,BDMAP_00006115
test,3031,BDMAP_00006122
test,3032,BDMAP_00005598
test,3033,BDMAP_00009190
test,3034,BDMAP_00008762
test,3035,BDMAP_00006481
test,3036,BDMAP_00007775
test,3037,BDMAP_00008963
test,3038,BDMAP_00008383
test,3039,BDMAP_00006884
test,3040,BDMAP_00007291
test,3041,BDMAP_00005846
test,3042,BDMAP_00006415
test,3043,BDMAP_00006994
test,3044,BDMAP_00008418
test,3045,BDMAP_00006413
test,3046,BDMAP_00008426
test,3047,BDMAP_00006796
test,3048,BDMAP_00005699
test,3049,BDMAP_00006711
test,3050,BDMAP_00005875
test,3051,BDMAP_00006740
test,3052,BDMAP_00008072
test,3053,BDMAP_00008225
test,3054,BDMAP_00007322
test,3055,BDMAP_00009093
test,3056,BDMAP_00005651
test,3057,BDMAP_00005850
test,3058,BDMAP_00008120
test,3059,BDMAP_00006983
test,3060,BDMAP_00006688
test,3061,BDMAP_00007121
test,3062,BDMAP_00006863
test,3063,BDMAP_00007591
test,3064,BDMAP_00005364
test,3065,BDMAP_00007596
test,3066,BDMAP_00006877
test,3067,BDMAP_00006367
test,3068,BDMAP_00008977
test,3069,BDMAP_00008775
test,3070,BDMAP_00005322
test,3071,BDMAP_00007455
test,3072,BDMAP_00005334
test,3073,BDMAP_00008084
test,3074,BDMAP_00008082
test,3075,BDMAP_00006579
test,3076,BDMAP_00008024
test,3077,BDMAP_00009009
test,3078,BDMAP_00008892
test,3079,BDMAP_00006331
test,3080,BDMAP_00005389
test,3081,BDMAP_00008501
test,3082,BDMAP_00007273
test,3083,BDMAP_00005762
test,3084,BDMAP_00008037
test,3085,BDMAP_00006976
test,3086,BDMAP_00008917
test,3087,BDMAP_00008832
test,3088,BDMAP_00008321
test,3089,BDMAP_00005638
test,3090,BDMAP_00005310
test,3091,BDMAP_00005479
test,3092,BDMAP_00007059
test,3093,BDMAP_00008665
test,3094,BDMAP_00006149
test,3095,BDMAP_00006033
test,3096,BDMAP_00007195
test,3097,BDMAP_00006500
test,3098,BDMAP_00008074
test,3099,BDMAP_00006152
test,3100,BDMAP_00006965
test,3101,BDMAP_00007390
test,3102,BDMAP_00005690
test,3103,BDMAP_00008918
test,3104,BDMAP_00008433
test,3105,BDMAP_00007779
test,3106,BDMAP_00007532
test,3107,BDMAP_00009127
test,3108,BDMAP_00008199
test,3109,BDMAP_00005917
test,3110,BDMAP_00007726
test,3111,BDMAP_00007673
test,3112,BDMAP_00007297
test,3113,BDMAP_00006490
test,3114,BDMAP_00005730
test,3115,BDMAP_00009013
test,3116,BDMAP_00009062
test,3117,BDMAP_00005557
test,3118,BDMAP_00005270
test,3119,BDMAP_00005936
test,3120,BDMAP_00005248
test,3121,BDMAP_00006416
test,3122,BDMAP_00007371
test,3123,BDMAP_00008759
test,3124,BDMAP_00008360
test,3125,BDMAP_00006274
test,3126,BDMAP_00007719
test,3127,BDMAP_00008450
test,3128,BDMAP_00005340
test,3129,BDMAP_00007819
test,3130,BDMAP_00006664
test,3131,BDMAP_00007977
test,3132,BDMAP_00008246
test,3133,BDMAP_00008009
test,3134,BDMAP_00008535
test,3135,BDMAP_00005661
test,3136,BDMAP_00005591
test,3137,BDMAP_00006428
test,3138,BDMAP_00008597
test,3139,BDMAP_00006247
test,3140,BDMAP_00006746
test,3141,BDMAP_00007911
test,3142,BDMAP_00006969
test,3143,BDMAP_00006224
test,3144,BDMAP_00005580
test,3145,BDMAP_00008206
test,3146,BDMAP_00008769
test,3147,BDMAP_00006426
test,3148,BDMAP_00007459
test,3149,BDMAP_00007268
test,3150,BDMAP_00006704
test,3151,BDMAP_00005726
test,3152,BDMAP_00006908
test,3153,BDMAP_00008455
test,3154,BDMAP_00005795
test,3155,BDMAP_00007901
test,3156,BDMAP_00006880
test,3157,BDMAP_00007665
test,3158,BDMAP_00005847
test,3159,BDMAP_00006902
test,3160,BDMAP_00006562
test,3161,BDMAP_00006872
test,3162,BDMAP_00008348
test,3163,BDMAP_00005400
test,3164,BDMAP_00008471
test,3165,BDMAP_00009184
test,3166,BDMAP_00007545
test,3167,BDMAP_00006652
test,3168,BDMAP_00005909
test,3169,BDMAP_00007813
test,3170,BDMAP_00006283
test,3171,BDMAP_00008284
test,3172,BDMAP_00008373
test,3173,BDMAP_00007797
test,3174,BDMAP_00007326
test,3175,BDMAP_00007729
test,3176,BDMAP_00005951
test,3177,BDMAP_00008403
test,3178,BDMAP_00008638
test,3179,BDMAP_00009157
test,3180,BDMAP_00008702
test,3181,BDMAP_00006220
test,3182,BDMAP_00005934
test,3183,BDMAP_00008764
test,3184,BDMAP_00008289
test,3185,BDMAP_00006374
test,3186,BDMAP_00008776
test,3187,BDMAP_00007767
test,3188,BDMAP_00006840
test,3189,BDMAP_00005683
test,3190,BDMAP_00007343
test,3191,BDMAP_00006841
test,3192,BDMAP_00007077
test,3193,BDMAP_00007150
test,3194,BDMAP_00007610
test,3195,BDMAP_00008138
test,3196,BDMAP_00005642
test,3197,BDMAP_00006116
test,3198,BDMAP_00006622
test,3199,BDMAP_00006903
test,3200,BDMAP_00006742
test,3201,BDMAP_00007381
test,3202,BDMAP_00006493
test,3203,BDMAP_00005796
test,3204,BDMAP_00008956
test,3205,BDMAP_00009137
test,3206,BDMAP_00007795
test,3207,BDMAP_00007237
test,3208,BDMAP_00007078
test,3209,BDMAP_00005431
test,3210,BDMAP_00008844
test,3211,BDMAP_00005256
test,3212,BDMAP_00006985
test,3213,BDMAP_00006300
test,3214,BDMAP_00008708
test,3215,BDMAP_00006430
test,3216,BDMAP_00008044
test,3217,BDMAP_00007962
test,3218,BDMAP_00005552
test,3219,BDMAP_00008439
test,3220,BDMAP_00005332
test,3221,BDMAP_00006761
test,3222,BDMAP_00005992
test,3223,BDMAP_00006099
test,3224,BDMAP_00005702
test,3225,BDMAP_00006069
test,3226,BDMAP_00005293
test,3227,BDMAP_00005488
test,3228,BDMAP_00008338
test,3229,BDMAP_00007677
test,3230,BDMAP_00006804
test,3231,BDMAP_00006725
test,3232,BDMAP_00007289
test,3233,BDMAP_00007468
test,3234,BDMAP_00008322
test,3235,BDMAP_00005227
test,3236,BDMAP_00005930
test,3237,BDMAP_00005317
test,3238,BDMAP_00007384
test,3239,BDMAP_00005217
test,3240,BDMAP_00008000
test,3241,BDMAP_00008442
test,3242,BDMAP_00006789
test,3243,BDMAP_00008596
test,3244,BDMAP_00005472
test,3245,BDMAP_00007552
test,3246,BDMAP_00008796
test,3247,BDMAP_00008124
test,3248,BDMAP_00008829
test,3249,BDMAP_00005868
test,3250,BDMAP_00005712
test,3251,BDMAP_00006914
test,3252,BDMAP_00007947
test,3253,BDMAP_00005611
test,3254,BDMAP_00006009
test,3255,BDMAP_00008629
test,3256,BDMAP_00009110
test,3257,BDMAP_00008946
test,3258,BDMAP_00009191
test,3259,BDMAP_00007526
test,3260,BDMAP_00005698
test,3261,BDMAP_00006196
test,3262,BDMAP_00008481
test,3263,BDMAP_00005502
test,3264,BDMAP_00005650
test,3265,BDMAP_00009046
test,3266,BDMAP_00007363
test,3267,BDMAP_00005905
test,3268,BDMAP_00006063
test,3269,BDMAP_00008159
test,3270,BDMAP_00006573
test,3271,BDMAP_00007029
test,3272,BDMAP_00005311
test,3273,BDMAP_00008427
test,3274,BDMAP_00008317
test,3275,BDMAP_00006721
test,3276,BDMAP_00005361
test,3277,BDMAP_00007144
test,3278,BDMAP_00006483
test,3279,BDMAP_00006251
test,3280,BDMAP_00006159
test,3281,BDMAP_00008378
test,3282,BDMAP_00006686
test,3283,BDMAP_00006460
test,3284,BDMAP_00008843
test,3285,BDMAP_00007851
test,3286,BDMAP_00005278
test,3287,BDMAP_00007277
test,3288,BDMAP_00007356
test,3289,BDMAP_00007768
test,3290,BDMAP_00005555
test,3291,BDMAP_00007366
test,3292,BDMAP_00005213
test,3293,BDMAP_00008855
test,3294,BDMAP_00005921
test,3295,BDMAP_00007306
test,3296,BDMAP_00008680
test,3297,BDMAP_00008215
test,3298,BDMAP_00006297
test,3299,BDMAP_00007924
test,3300,BDMAP_00006093
test,3301,BDMAP_00007396
test,3302,BDMAP_00006396
test,3303,BDMAP_00006866
test,3304,BDMAP_00006677
test,3305,BDMAP_00007785
test,3306,BDMAP_00005843
test,3307,BDMAP_00006859
test,3308,BDMAP_00007921
test,3309,BDMAP_00008954
test,3310,BDMAP_00009198
test,3311,BDMAP_00008898
test,3312,BDMAP_00008477
test,3313,BDMAP_00007497
test,3314,BDMAP_00008081
test,3315,BDMAP_00007437
test,3316,BDMAP_00008183
test,3317,BDMAP_00006795
test,3318,BDMAP_00008951
test,3319,BDMAP_00006054
test,3320,BDMAP_00009061
test,3321,BDMAP_00005858
test,3322,BDMAP_00008370
test,3323,BDMAP_00006014
test,3324,BDMAP_00008753
test,3325,BDMAP_00009039
test,3326,BDMAP_00005548
test,3327,BDMAP_00008128
test,3328,BDMAP_00006168
test,3329,BDMAP_00006748
test,3330,BDMAP_00005956
test,3331,BDMAP_00005564
test,3332,BDMAP_00005363
test,3333,BDMAP_00005648
test,3334,BDMAP_00007101
test,3335,BDMAP_00005839
test,3336,BDMAP_00006302
test,3337,BDMAP_00005399
test,3338,BDMAP_00006980
test,3339,BDMAP_00005715
test,3340,BDMAP_00007771
test,3341,BDMAP_00006021
test,3342,BDMAP_00005965
test,3343,BDMAP_00008679
test,3344,BDMAP_00007773
test,3345,BDMAP_00008137
test,3346,BDMAP_00008365
test,3347,BDMAP_00008277
test,3348,BDMAP_00006693
test,3349,BDMAP_00007574
test,3350,BDMAP_00006353
test,3351,BDMAP_00006128
test,3352,BDMAP_00006729
test,3353,BDMAP_00007589
test,3354,BDMAP_00005842
test,3355,BDMAP_00008254
test,3356,BDMAP_00008507
test,3357,BDMAP_00006642
test,3358,BDMAP_00008767
test,3359,BDMAP_00006113
test,3360,BDMAP_00007173
test,3361,BDMAP_00008575
test,3362,BDMAP_00005297
test,3363,BDMAP_00005471
test,3364,BDMAP_00008029
test,3365,BDMAP_00008587
test,3366,BDMAP_00008247
test,3367,BDMAP_00006956
test,3368,BDMAP_00007535
test,3369,BDMAP_00006868
test,3370,BDMAP_00005493
test,3371,BDMAP_00008222
test,3372,BDMAP_00005685
test,3373,BDMAP_00008335
test,3374,BDMAP_00007728
test,3375,BDMAP_00006459
test,3376,BDMAP_00007352
test,3377,BDMAP_00008812
test,3378,BDMAP_00007758
test,3379,BDMAP_00006886
test,3380,BDMAP_00007397
test,3381,BDMAP_00008529
test,3382,BDMAP_00008058
test,3383,BDMAP_00005212
test,3384,BDMAP_00006750
test,3385,BDMAP_00008129
test,3386,BDMAP_00007189
test,3387,BDMAP_00007168
test,3388,BDMAP_00008170
test,3389,BDMAP_00008032
test,3390,BDMAP_00005404
test,3391,BDMAP_00005572
test,3392,BDMAP_00006267
test,3393,BDMAP_00008932
test,3394,BDMAP_00008961
test,3395,BDMAP_00006057
test,3396,BDMAP_00008931
test,3397,BDMAP_00007447
test,3398,BDMAP_00005655
test,3399,BDMAP_00008883
test,3400,BDMAP_00008743
test,3401,BDMAP_00009166
test,3402,BDMAP_00006424
test,3403,BDMAP_00005534
test,3404,BDMAP_00007738
test,3405,BDMAP_00008211
test,3406,BDMAP_00007348
test,3407,BDMAP_00005287
test,3408,BDMAP_00006726
test,3409,BDMAP_00005315
test,3410,BDMAP_00008389
test,3411,BDMAP_00007170
test,3412,BDMAP_00008869
test,3413,BDMAP_00008255
test,3414,BDMAP_00009107
test,3415,BDMAP_00007278
test,3416,BDMAP_00007373
test,3417,BDMAP_00009076
test,3418,BDMAP_00006988
test,3419,BDMAP_00009080
test,3420,BDMAP_00005216
test,3421,BDMAP_00008205
test,3422,BDMAP_00006753
test,3423,BDMAP_00007986
test,3424,BDMAP_00006161
test,3425,BDMAP_00006449
test,3426,BDMAP_00006716
test,3427,BDMAP_00007140
test,3428,BDMAP_00007503
test,3429,BDMAP_00006301
test,3430,BDMAP_00007653
test,3431,BDMAP_00008424
test,3432,BDMAP_00007269
test,3433,BDMAP_00006174
test,3434,BDMAP_00005881
test,3435,BDMAP_00009225
test,3436,BDMAP_00005280
test,3437,BDMAP_00006462
test,3438,BDMAP_00005721
test,3439,BDMAP_00008706
test,3440,BDMAP_00008362
test,3441,BDMAP_00006924
test,3442,BDMAP_00007051
test,3443,BDMAP_00006492
test,3444,BDMAP_00005319
test,3445,BDMAP_00006474
test,3446,BDMAP_00006851
test,3447,BDMAP_00009176
test,3448,BDMAP_00006959
test,3449,BDMAP_00006572
test,3450,BDMAP_00006417
test,3451,BDMAP_00006135
test,3452,BDMAP_00006164
test,3453,BDMAP_00006044
test,3454,BDMAP_00008745
test,3455,BDMAP_00009077
test,3456,BDMAP_00005460
test,3457,BDMAP_00008430
test,3458,BDMAP_00007904
test,3459,BDMAP_00006330
test,3460,BDMAP_00009108
test,3461,BDMAP_00006591
test,3462,BDMAP_00008474
test,3463,BDMAP_00008777
test,3464,BDMAP_00008732
test,3465,BDMAP_00008579
test,3466,BDMAP_00005329
test,3467,BDMAP_00008651
test,3468,BDMAP_00008947
test,3469,BDMAP_00005490
test,3470,BDMAP_00005819
test,3471,BDMAP_00005365
test,3472,BDMAP_00006271
test,3473,BDMAP_00009066
test,3474,BDMAP_00008218
test,3475,BDMAP_00008290
test,3476,BDMAP_00008359
test,3477,BDMAP_00005457
test,3478,BDMAP_00008181
test,3479,BDMAP_00007448
test,3480,BDMAP_00006811
test,3481,BDMAP_00005885
test,3482,BDMAP_00006633
test,3483,BDMAP_00006334
test,3484,BDMAP_00007022
test,3485,BDMAP_00005631
test,3486,BDMAP_00007131
test,3487,BDMAP_00006825
test,3488,BDMAP_00006034
test,3489,BDMAP_00006278
test,3490,BDMAP_00007228
test,3491,BDMAP_00006362
test,3492,BDMAP_00008926
test,3493,BDMAP_00006349
test,3494,BDMAP_00006465
test,3495,BDMAP_00008298
test,3496,BDMAP_00007557
test,3497,BDMAP_00007667
test,3498,BDMAP_00005821
test,3499,BDMAP_00008213
test,3500,BDMAP_00005910
test,3501,BDMAP_00006429
test,3502,BDMAP_00006595
test,3503,BDMAP_00009022
test,3504,BDMAP_00005215
test,3505,BDMAP_00005567
test,3506,BDMAP_00007319
test,3507,BDMAP_00007551
test,3508,BDMAP_00007013
test,3509,BDMAP_00005716
test,3510,BDMAP_00006751
test,3511,BDMAP_00008086
test,3512,BDMAP_00006148
test,3513,BDMAP_00007294
test,3514,BDMAP_00008311
test,3515,BDMAP_00006156
test,3516,BDMAP_00006519
test,3517,BDMAP_00006265
test,3518,BDMAP_00008210
test,3519,BDMAP_00008064
test,3520,BDMAP_00008458
test,3521,BDMAP_00007416
test,3522,BDMAP_00008723
test,3523,BDMAP_00008666
test,3524,BDMAP_00008106
test,3525,BDMAP_00005630
test,3526,BDMAP_00006837
test,3527,BDMAP_00006385
test,3528,BDMAP_00005962
test,3529,BDMAP_00006821
test,3530,BDMAP_00008079
test,3531,BDMAP_00008485
test,3532,BDMAP_00009241
test,3533,BDMAP_00006131
test,3534,BDMAP_00007648
test,3535,BDMAP_00007820
test,3536,BDMAP_00008095
test,3537,BDMAP_00007954
test,3538,BDMAP_00006503
test,3539,BDMAP_00006658
test,3540,BDMAP_00005351
test,3541,BDMAP_00006881
test,3542,BDMAP_00007519
test,3543,BDMAP_00006973
test,3544,BDMAP_00008654
test,3545,BDMAP_00006038
test,3546,BDMAP_00008062
test,3547,BDMAP_00008584
test,3548,BDMAP_00006936
test,3549,BDMAP_00005198
test,3550,BDMAP_00005295
test,3551,BDMAP_00007056
test,3552,BDMAP_00005415
test,3553,BDMAP_00007976
test,3554,BDMAP_00008489
test,3555,BDMAP_00007605
test,3556,BDMAP_00006327
test,3557,BDMAP_00007734
test,3558,BDMAP_00007622
test,3559,BDMAP_00007395
test,3560,BDMAP_00008899
test,3561,BDMAP_00006101
test,3562,BDMAP_00007645
test,3563,BDMAP_00005811
test,3564,BDMAP_00007572
test,3565,BDMAP_00005836
test,3566,BDMAP_00009052
test,3567,BDMAP_00005890
test,3568,BDMAP_00005776
test,3569,BDMAP_00005771
test,3570,BDMAP_00007601
test,3571,BDMAP_00005729
test,3572,BDMAP_00008026
test,3573,BDMAP_00006619
test,3574,BDMAP_00006684
test,3575,BDMAP_00005268
test,3576,BDMAP_00008700
test,3577,BDMAP_00009083
test,3578,BDMAP_00007317
test,3579,BDMAP_00005271
test,3580,BDMAP_00007428
test,3581,BDMAP_00007533
test,3582,BDMAP_00005701
test,3583,BDMAP_00009081
test,3584,BDMAP_00005613
test,3585,BDMAP_00008025
test,3586,BDMAP_00007699
test,3587,BDMAP_00005419
test,3588,BDMAP_00007136
test,3589,BDMAP_00006418
test,3590,BDMAP_00006323
test,3591,BDMAP_00006719
test,3592,BDMAP_00007867
test,3593,BDMAP_00006513
test,3594,BDMAP_00007873
test,3595,BDMAP_00005912
test,3596,BDMAP_00006443
test,3597,BDMAP_00005474
test,3598,BDMAP_00006624
test,3599,BDMAP_00005232
test,3600,BDMAP_00008240
test,3601,BDMAP_00005207
test,3602,BDMAP_00008021
test,3603,BDMAP_00006913
test,3604,BDMAP_00008886
test,3605,BDMAP_00007434
test,3606,BDMAP_00007282
test,3607,BDMAP_00007860
test,3608,BDMAP_00007460
test,3609,BDMAP_00008814
test,3610,BDMAP_00009069
test,3611,BDMAP_00007465
test,3612,BDMAP_00009158
test,3613,BDMAP_00006517
test,3614,BDMAP_00008820
test,3615,BDMAP_00007449
test,3616,BDMAP_00006846
test,3617,BDMAP_00007435
test,3618,BDMAP_00009262
test,3619,BDMAP_00005937
test,3620,BDMAP_00006833
test,3621,BDMAP_00007508
test,3622,BDMAP_00005427
test,3623,BDMAP_00005883
test,3624,BDMAP_00009237
test,3625,BDMAP_00006691
test,3626,BDMAP_00008256
test,3627,BDMAP_00008519
test,3628,BDMAP_00005551
test,3629,BDMAP_00005475
test,3630,BDMAP_00006466
test,3631,BDMAP_00005852
test,3632,BDMAP_00007905
test,3633,BDMAP_00007529
test,3634,BDMAP_00006900
test,3635,BDMAP_00006741
test,3636,BDMAP_00005670
test,3637,BDMAP_00006860
test,3638,BDMAP_00006582
test,3639,BDMAP_00007772
test,3640,BDMAP_00005247
test,3641,BDMAP_00005759
test,3642,BDMAP_00006047
test,3643,BDMAP_00007931
test,3644,BDMAP_00008516
test,3645,BDMAP_00006553
test,3646,BDMAP_00005899
test,3647,BDMAP_00007789
test,3648,BDMAP_00005516
test,3649,BDMAP_00007866
test,3650,BDMAP_00008819
test,3651,BDMAP_00006221
test,3652,BDMAP_00007048
test,3653,BDMAP_00006171
test,3654,BDMAP_00005781
test,3655,BDMAP_00006364
test,3656,BDMAP_00008048
test,3657,BDMAP_00005932
test,3658,BDMAP_00007980
test,3659,BDMAP_00009209
test,3660,BDMAP_00007554
test,3661,BDMAP_00008884
test,3662,BDMAP_00005594
test,3663,BDMAP_00007975
test,3664,BDMAP_00009164
test,3665,BDMAP_00007280
test,3666,BDMAP_00008233
test,3667,BDMAP_00006006
test,3668,BDMAP_00005720
test,3669,BDMAP_00005448
test,3670,BDMAP_00006506
test,3671,BDMAP_00008299
test,3672,BDMAP_00008483
test,3673,BDMAP_00007201
test,3674,BDMAP_00007230
test,3675,BDMAP_00008073
test,3676,BDMAP_00008800
test,3677,BDMAP_00005584
test,3678,BDMAP_00007500
test,3679,BDMAP_00008618
test,3680,BDMAP_00008361
test,3681,BDMAP_00006667
test,3682,BDMAP_00006920
test,3683,BDMAP_00006484
test,3684,BDMAP_00008195
test,3685,BDMAP_00005326
test,3686,BDMAP_00007802
test,3687,BDMAP_00006340
test,3688,BDMAP_00007387
test,3689,BDMAP_00006819
test,3690,BDMAP_00008978
test,3691,BDMAP_00005254
test,3692,BDMAP_00008187
test,3693,BDMAP_00006951
test,3694,BDMAP_00008552
test,3695,BDMAP_00007582
test,3696,BDMAP_00007693
test,3697,BDMAP_00008846
test,3698,BDMAP_00007877
test,3699,BDMAP_00006179
test,3700,BDMAP_00008998
test,3701,BDMAP_00008791
test,3702,BDMAP_00005971
test,3703,BDMAP_00007874
test,3704,BDMAP_00005765
test,3705,BDMAP_00005968
test,3706,BDMAP_00005258
test,3707,BDMAP_00008268
test,3708,BDMAP_00006075
test,3709,BDMAP_00007566
test,3710,BDMAP_00006993
test,3711,BDMAP_00007542
test,3712,BDMAP_00008609
test,3713,BDMAP_00005808
test,3714,BDMAP_00008287
test,3715,BDMAP_00006256
test,3716,BDMAP_00007182
test,3717,BDMAP_00006689
test,3718,BDMAP_00007009
test,3719,BDMAP_00005236
test,3720,BDMAP_00006291
test,3721,BDMAP_00007617
test,3722,BDMAP_00008369
test,3723,BDMAP_00006235
test,3724,BDMAP_00005820
test,3725,BDMAP_00007065
test,3726,BDMAP_00009230
test,3727,BDMAP_00007160
test,3728,BDMAP_00008555
test,3729,BDMAP_00008591
test,3730,BDMAP_00007172
test,3731,BDMAP_00006747
test,3732,BDMAP_00005724
test,3733,BDMAP_00006479
test,3734,BDMAP_00008278
test,3735,BDMAP_00008972
test,3736,BDMAP_00005284
test,3737,BDMAP_00007999
test,3738,BDMAP_00006214
test,3739,BDMAP_00006602
test,3740,BDMAP_00008741
test,3741,BDMAP_00008941
test,3742,BDMAP_00008243
test,3743,BDMAP_00009145
test,3744,BDMAP_00007560
test,3745,BDMAP_00005769
test,3746,BDMAP_00009151
test,3747,BDMAP_00006389
test,3748,BDMAP_00008409
test,3749,BDMAP_00006245
test,3750,BDMAP_00006201
test,3751,BDMAP_00008704
test,3752,BDMAP_00008470
test,3753,BDMAP_00006259
test,3754,BDMAP_00009134
test,3755,BDMAP_00008035
test,3756,BDMAP_00009091
test,3757,BDMAP_00006358
test,3758,BDMAP_00005396
test,3759,BDMAP_00005794
test,3760,BDMAP_00007123
test,3761,BDMAP_00009023
test,3762,BDMAP_00008583
test,3763,BDMAP_00007071
test,3764,BDMAP_00005723
test,3765,BDMAP_00005429
test,3766,BDMAP_00006399
test,3767,BDMAP_00008027
test,3768,BDMAP_00008342
test,3769,BDMAP_00007916
test,3770,BDMAP_00006005
test,3771,BDMAP_00007081
test,3772,BDMAP_00006818
test,3773,BDMAP_00008710
test,3774,BDMAP_00007603
test,3775,BDMAP_00006080
test,3776,BDMAP_00008569
test,3777,BDMAP_00009148
test,3778,BDMAP_00005504
test,3779,BDMAP_00008265
test,3780,BDMAP_00006312
test,3781,BDMAP_00008162
test,3782,BDMAP_00005791
test,3783,BDMAP_00007336
test,3784,BDMAP_00008294
test,3785,BDMAP_00008325
test,3786,BDMAP_00005708
test,3787,BDMAP_00008562
test,3788,BDMAP_00006366
test,3789,BDMAP_00006671
test,3790,BDMAP_00006326
test,3791,BDMAP_00008970
test,3792,BDMAP_00007830
test,3793,BDMAP_00007203
test,3794,BDMAP_00008660
test,3795,BDMAP_00005376
test,3796,BDMAP_00008296
test,3797,BDMAP_00005981
test,3798,BDMAP_00006216
test,3799,BDMAP_00007871
test,3800,BDMAP_00006998
test,3801,BDMAP_00008940
test,3802,BDMAP_00006511
test,3803,BDMAP_00005445
test,3804,BDMAP_00007263
test,3805,BDMAP_00008925
test,3806,BDMAP_00007298
test,3807,BDMAP_00007039
test,3808,BDMAP_00007619
test,3809,BDMAP_00007875
test,3810,BDMAP_00007423
test,3811,BDMAP_00007925
test,3812,BDMAP_00008738
test,3813,BDMAP_00007367
test,3814,BDMAP_00006002
test,3815,BDMAP_00009227
test,3816,BDMAP_00006390
test,3817,BDMAP_00008461
test,3818,BDMAP_00006977
test,3819,BDMAP_00006337
test,3820,BDMAP_00005455
test,3821,BDMAP_00008568
test,3822,BDMAP_00007339
test,3823,BDMAP_00005539
test,3824,BDMAP_00007520
test,3825,BDMAP_00007154
test,3826,BDMAP_00009105
test,3827,BDMAP_00008632
test,3828,BDMAP_00009187
test,3829,BDMAP_00008242
test,3830,BDMAP_00005995
test,3831,BDMAP_00005246
test,3832,BDMAP_00005682
test,3833,BDMAP_00005835
test,3834,BDMAP_00007907
test,3835,BDMAP_00006727
test,3836,BDMAP_00008432
test,3837,BDMAP_00007443
test,3838,BDMAP_00007824
test,3839,BDMAP_00005614
test,3840,BDMAP_00008346
test,3841,BDMAP_00005862
test,3842,BDMAP_00008664
test,3843,BDMAP_00006647
test,3844,BDMAP_00005703
test,3845,BDMAP_00005945
test,3846,BDMAP_00005958
test,3847,BDMAP_00008305
test,3848,BDMAP_00007233
test,3849,BDMAP_00005286
test,3850,BDMAP_00008467
test,3851,BDMAP_00008300
test,3852,BDMAP_00005810
test,3853,BDMAP_00008792
test,3854,BDMAP_00007458
test,3855,BDMAP_00006665
test,3856,BDMAP_00008729
test,3857,BDMAP_00005423
test,3858,BDMAP_00005301
test,3859,BDMAP_00008237
test,3860,BDMAP_00005518
test,3861,BDMAP_00008780
test,3862,BDMAP_00006077
test,3863,BDMAP_00007528
test,3864,BDMAP_00006275
test,3865,BDMAP_00008445
test,3866,BDMAP_00005269
test,3867,BDMAP_00008004
test,3868,BDMAP_00007199
test,3869,BDMAP_00005984
test,3870,BDMAP_00007439
test,3871,BDMAP_00006475
test,3872,BDMAP_00008669
test,3873,BDMAP_00006333
test,3874,BDMAP_00008573
test,3875,BDMAP_00008248
test,3876,BDMAP_00005793
test,3877,BDMAP_00005453
test,3878,BDMAP_00006855
test,3879,BDMAP_00007710
test,3880,BDMAP_00006766
test,3881,BDMAP_00009233
test,3882,BDMAP_00007457
test,3883,BDMAP_00005647
test,3884,BDMAP_00007634
test,3885,BDMAP_00006505
test,3886,BDMAP_00008200
test,3887,BDMAP_00007720
test,3888,BDMAP_00006139
test,3889,BDMAP_00006203
test,3890,BDMAP_00005523
test,3891,BDMAP_00008413
test,3892,BDMAP_00006264
test,3893,BDMAP_00007238
test,3894,BDMAP_00008857
test,3895,BDMAP_00006298
test,3896,BDMAP_00008276
test,3897,BDMAP_00008684
test,3898,BDMAP_00008340
test,3899,BDMAP_00005350
test,3900,BDMAP_00006999
test,3901,BDMAP_00006567
test,3902,BDMAP_00008948
test,3903,BDMAP_00008052
test,3904,BDMAP_00008186
test,3905,BDMAP_00009044
test,3906,BDMAP_00005600
test,3907,BDMAP_00006532
test,3908,BDMAP_00008421
test,3909,BDMAP_00006514
test,3910,BDMAP_00005581
test,3911,BDMAP_00005750
test,3912,BDMAP_00007105
test,3913,BDMAP_00007961
test,3914,BDMAP_00005405
test,3915,BDMAP_00006707
test,3916,BDMAP_00008075
test,3917,BDMAP_00009059
test,3918,BDMAP_00007224
test,3919,BDMAP_00008261
test,3920,BDMAP_00005260
test,3921,BDMAP_00006569
test,3922,BDMAP_00008928
test,3923,BDMAP_00005770
test,3924,BDMAP_00008226
test,3925,BDMAP_00007104
test,3926,BDMAP_00006910
test,3927,BDMAP_00005413
test,3928,BDMAP_00007794
test,3929,BDMAP_00008076
test,3930,BDMAP_00006919
test,3931,BDMAP_00007153
test,3932,BDMAP_00005230
test,3933,BDMAP_00007370
test,3934,BDMAP_00005437
test,3935,BDMAP_00005848
test,3936,BDMAP_00005959
test,3937,BDMAP_00006130
test,3938,BDMAP_00007249
test,3939,BDMAP_00006112
test,3940,BDMAP_00005324
test,3941,BDMAP_00008973
test,3942,BDMAP_00008149
test,3943,BDMAP_00008592
test,3944,BDMAP_00005886
test,3945,BDMAP_00008787
test,3946,BDMAP_00007998
test,3947,BDMAP_00006829
test,3948,BDMAP_00006448
test,3949,BDMAP_00006876
test,3950,BDMAP_00006215
test,3951,BDMAP_00007656
test,3952,BDMAP_00007708
test,3953,BDMAP_00007283
test,3954,BDMAP_00008995
test,3955,BDMAP_00005383
test,3956,BDMAP_00006629
test,3957,BDMAP_00006348
test,3958,BDMAP_00007543
test,3959,BDMAP_00006240
test,3960,BDMAP_00007380
test,3961,BDMAP_00005744
test,3962,BDMAP_00008145
test,3963,BDMAP_00006570
test,3964,BDMAP_00008887
test,3965,BDMAP_00007723
test,3966,BDMAP_00008688
test,3967,BDMAP_00006241
test,3968,BDMAP_00005563
test,3969,BDMAP_00005519
test,3970,BDMAP_00006917
test,3971,BDMAP_00009121
test,3972,BDMAP_00008989
test,3973,BDMAP_00006700
test,3974,BDMAP_00007276
test,3975,BDMAP_00007415
test,3976,BDMAP_00006957
test,3977,BDMAP_00008092
test,3978,BDMAP_00007107
test,3979,BDMAP_00005736
test,3980,BDMAP_00005615
test,3981,BDMAP_00008293
test,3982,BDMAP_00008118
test,3983,BDMAP_00005832
test,3984,BDMAP_00006775
test,3985,BDMAP_00005274
test,3986,BDMAP_00009047
test,3987,BDMAP_00005874
test,3988,BDMAP_00007727
test,3989,BDMAP_00007088
test,3990,BDMAP_00006600
test,3991,BDMAP_00005788
test,3992,BDMAP_00008771
test,3993,BDMAP_00005748
test,3994,BDMAP_00007964
test,3995,BDMAP_00005225
test,3996,BDMAP_00007697
test,3997,BDMAP_00006588
test,3998,BDMAP_00006990
test,3999,BDMAP_00008285
test,4000,BDMAP_00008117
test,4001,BDMAP_00006521
test,4002,BDMAP_00006701
test,4003,BDMAP_00005915
test,4004,BDMAP_00008451
test,4005,BDMAP_00008823
test,4006,BDMAP_00008790
test,4007,BDMAP_00006587
test,4008,BDMAP_00005406
test,4009,BDMAP_00006644
test,4010,BDMAP_00005522
test,4011,BDMAP_00006383
test,4012,BDMAP_00008040
test,4013,BDMAP_00007946
test,4014,BDMAP_00006890
test,4015,BDMAP_00008610
test,4016,BDMAP_00005931
test,4017,BDMAP_00005629
test,4018,BDMAP_00005787
test,4019,BDMAP_00007293
test,4020,BDMAP_00008625
test,4021,BDMAP_00009049
test,4022,BDMAP_00007155
test,4023,BDMAP_00008875
test,4024,BDMAP_00007638
test,4025,BDMAP_00007143
test,4026,BDMAP_00009029
test,4027,BDMAP_00006381
test,4028,BDMAP_00007137
test,4029,BDMAP_00006848
test,4030,BDMAP_00008454
test,4031,BDMAP_00007074
test,4032,BDMAP_00005640
test,4033,BDMAP_00007627
test,4034,BDMAP_00006828
test,4035,BDMAP_00005754
test,4036,BDMAP_00008915
test,4037,BDMAP_00008002
test,4038,BDMAP_00006222
test,4039,BDMAP_00006578
test,4040,BDMAP_00006560
test,4041,BDMAP_00006210
test,4042,BDMAP_00007445
test,4043,BDMAP_00007686
test,4044,BDMAP_00007002
test,4045,BDMAP_00006555
test,4046,BDMAP_00006979
test,4047,BDMAP_00005382
test,4048,BDMAP_00005333
test,4049,BDMAP_00007896
test,4050,BDMAP_00007730
test,4051,BDMAP_00007935
test,4052,BDMAP_00005240
test,4053,BDMAP_00008882
test,4054,BDMAP_00008556
test,4055,BDMAP_00007884
test,4056,BDMAP_00007272
test,4057,BDMAP_00005441
test,4058,BDMAP_00007769
test,4059,BDMAP_00008146
test,4060,BDMAP_00008999
test,4061,BDMAP_00007341
test,4062,BDMAP_00005200
test,4063,BDMAP_00008742
test,4064,BDMAP_00006685
test,4065,BDMAP_00008768
test,4066,BDMAP_00008175
test,4067,BDMAP_00008061
test,4068,BDMAP_00005687
test,4069,BDMAP_00006233
test,4070,BDMAP_00008476
test,4071,BDMAP_00008896
test,4072,BDMAP_00006486
test,4073,BDMAP_00008979
test,4074,BDMAP_00007839
test,4075,BDMAP_00008444
test,4076,BDMAP_00008422
test,4077,BDMAP_00008671
test,4078,BDMAP_00008674
test,4079,BDMAP_00005509
test,4080,BDMAP_00006822
test,4081,BDMAP_00008502
test,4082,BDMAP_00008661
test,4083,BDMAP_00007918
test,4084,BDMAP_00005833
test,4085,BDMAP_00005738
test,4086,BDMAP_00008158
test,4087,BDMAP_00005652
test,4088,BDMAP_00007643
test,4089,BDMAP_00006373
test,4090,BDMAP_00006523
test,4091,BDMAP_00007496
test,4092,BDMAP_00006062
test,4093,BDMAP_00007994
test,4094,BDMAP_00006387
test,4095,BDMAP_00009004
test,4096,BDMAP_00008080
test,4097,BDMAP_00005299
test,4098,BDMAP_00008567
test,4099,BDMAP_00008834
test,4100,BDMAP_00008628
test,4101,BDMAP_00008574
test,4102,BDMAP_00005392
test,4103,BDMAP_00005403
test,4104,BDMAP_00007646
test,4105,BDMAP_00007586
test,4106,BDMAP_00006867
test,4107,BDMAP_00006774
test,4108,BDMAP_00006311
test,4109,BDMAP_00007499
test,4110,BDMAP_00005717
test,4111,BDMAP_00008880
test,4112,BDMAP_00006964
test,4113,BDMAP_00006548
test,4114,BDMAP_00008933
test,4115,BDMAP_00008130
test,4116,BDMAP_00009070
test,4117,BDMAP_00007110
test,4118,BDMAP_00007359
test,4119,BDMAP_00006208
test,4120,BDMAP_00007821
test,4121,BDMAP_00008613
test,4122,BDMAP_00007654
test,4123,BDMAP_00005740
test,4124,BDMAP_00009078
test,4125,BDMAP_00008520
test,4126,BDMAP_00005889
test,4127,BDMAP_00005709
test,4128,BDMAP_00005634
test,4129,BDMAP_00005245
test,4130,BDMAP_00006160
test,4131,BDMAP_00007748
test,4132,BDMAP_00006955
test,4133,BDMAP_00007749
test,4134,BDMAP_00007898
test,4135,BDMAP_00005578
test,4136,BDMAP_00008496
test,4137,BDMAP_00007040
test,4138,BDMAP_00007239
test,4139,BDMAP_00007338
test,4140,BDMAP_00008031
test,4141,BDMAP_00005822
test,4142,BDMAP_00008068
test,4143,BDMAP_00009138
test,4144,BDMAP_00008069
test,4145,BDMAP_00005697
test,4146,BDMAP_00007019
test,4147,BDMAP_00006941
test,4148,BDMAP_00005242
test,4149,BDMAP_00005530
test,4150,BDMAP_00005621
test,4151,BDMAP_00007887
test,4152,BDMAP_00006640
test,4153,BDMAP_00007252
test,4154,BDMAP_00008207
test,4155,BDMAP_00007466
test,4156,BDMAP_00006031
test,4157,BDMAP_00008116
test,4158,BDMAP_00008627
test,4159,BDMAP_00007996
test,4160,BDMAP_00008452
test,4161,BDMAP_00005345
test,4162,BDMAP_00006551
test,4163,BDMAP_00005210
test,4164,BDMAP_00008510
test,4165,BDMAP_00007761
test,4166,BDMAP_00006770
test,4167,BDMAP_00007047
test,4168,BDMAP_00006072
test,4169,BDMAP_00009032
test,4170,BDMAP_00007714
test,4171,BDMAP_00006121
test,4172,BDMAP_00007149
test,4173,BDMAP_00008588
test,4174,BDMAP_00008104
test,4175,BDMAP_00007231
test,4176,BDMAP_00007320
test,4177,BDMAP_00008347
test,4178,BDMAP_00009255
test,4179,BDMAP_00006212
test,4180,BDMAP_00007757
test,4181,BDMAP_00008734
test,4182,BDMAP_00007174
test,4183,BDMAP_00009051
test,4184,BDMAP_00008280
test,4185,BDMAP_00007847
test,4186,BDMAP_00008271
test,4187,BDMAP_00005666
test,4188,BDMAP_00008881
test,4189,BDMAP_00006923
test,4190,BDMAP_00006631
test,4191,BDMAP_00007515
test,4192,BDMAP_00005782
test,4193,BDMAP_00009132
test,4194,BDMAP_00006238
test,4195,BDMAP_00006717
test,4196,BDMAP_00007786
test,4197,BDMAP_00006974
test,4198,BDMAP_00006948
test,4199,BDMAP_00005813
test,4200,BDMAP_00008358
test,4201,BDMAP_00005408
test,4202,BDMAP_00007227
test,4203,BDMAP_00009113
test,4204,BDMAP_00008514
test,4205,BDMAP_00006758
test,4206,BDMAP_00006552
test,4207,BDMAP_00005913
test,4208,BDMAP_00006650
test,4209,BDMAP_00006163
test,4210,BDMAP_00006477
test,4211,BDMAP_00008751
test,4212,BDMAP_00007417
test,4213,BDMAP_00006699
test,4214,BDMAP_00007064
test,4215,BDMAP_00006454
test,4216,BDMAP_00008164
test,4217,BDMAP_00005220
test,4218,BDMAP_00006068
test,4219,BDMAP_00005521
test,4220,BDMAP_00007287
test,4221,BDMAP_00008806
test,4222,BDMAP_00009200
test,4223,BDMAP_00006145
test,4224,BDMAP_00007945
test,4225,BDMAP_00005983
test,4226,BDMAP_00006488
test,4227,BDMAP_00007067
test,4228,BDMAP_00007474
test,4229,BDMAP_00006612
test,4230,BDMAP_00008724
test,4231,BDMAP_00005221
test,4232,BDMAP_00006590
test,4233,BDMAP_00006406
test,4234,BDMAP_00007641
test,4235,BDMAP_00006412
test,4236,BDMAP_00009075
test,4237,BDMAP_00008078
test,4238,BDMAP_00007991
test,4239,BDMAP_00008410
test,4240,BDMAP_00008698
test,4241,BDMAP_00009185
test,4242,BDMAP_00007590
test,4243,BDMAP_00009018
test,4244,BDMAP_00007666
test,4245,BDMAP_00006830
test,4246,BDMAP_00007493
test,4247,BDMAP_00007314
test,4248,BDMAP_00006176
test,4249,BDMAP_00006916
test,4250,BDMAP_00006219
test,4251,BDMAP_00008957
test,4252,BDMAP_00006409
test,4253,BDMAP_00008505
test,4254,BDMAP_00005602
test,4255,BDMAP_00006535
test,4256,BDMAP_00009089
test,4257,BDMAP_00005681
test,4258,BDMAP_00006934
test,4259,BDMAP_00008310
test,4260,BDMAP_00008782
test,4261,BDMAP_00007631
test,4262,BDMAP_00005532
test,4263,BDMAP_00006207
test,4264,BDMAP_00005596
test,4265,BDMAP_00005243
test,4266,BDMAP_00006809
test,4267,BDMAP_00008551
test,4268,BDMAP_00005410
test,4269,BDMAP_00008381
test,4270,BDMAP_00007569
test,4271,BDMAP_00005826
test,4272,BDMAP_00006110
test,4273,BDMAP_00006335
test,4274,BDMAP_00007563
test,4275,BDMAP_00008992
test,4276,BDMAP_00006626
test,4277,BDMAP_00005999
test,4278,BDMAP_00007426
test,4279,BDMAP_00006439
test,4280,BDMAP_00008577
test,4281,BDMAP_00007223
test,4282,BDMAP_00005664
test,4283,BDMAP_00006188
test,4284,BDMAP_00009012
test,4285,BDMAP_00008676
test,4286,BDMAP_00008983
test,4287,BDMAP_00008593
test,4288,BDMAP_00007972
test,4289,BDMAP_00009065
test,4290,BDMAP_00006508
test,4291,BDMAP_00007846
test,4292,BDMAP_00005911
test,4293,BDMAP_00007259
test,4294,BDMAP_00009240
test,4295,BDMAP_00005695
test,4296,BDMAP_00007471
test,4297,BDMAP_00008411
test,4298,BDMAP_00008252
test,4299,BDMAP_00007811
test,4300,BDMAP_00007740
test,4301,BDMAP_00007751
test,4302,BDMAP_00006200
test,4303,BDMAP_00005336
test,4304,BDMAP_00008598
test,4305,BDMAP_00005997
test,4306,BDMAP_00008055
test,4307,BDMAP_00006801
test,4308,BDMAP_00006852
test,4309,BDMAP_00007919
test,4310,BDMAP_00005975
test,4311,BDMAP_00006206
test,4312,BDMAP_00006764
test,4313,BDMAP_00007092
test,4314,BDMAP_00007096
test,4315,BDMAP_00007385
test,4316,BDMAP_00006204
test,4317,BDMAP_00007354
test,4318,BDMAP_00008936
test,4319,BDMAP_00006451
test,4320,BDMAP_00008491
test,4321,BDMAP_00006731
test,4322,BDMAP_00007920
test,4323,BDMAP_00006682
test,4324,BDMAP_00009085
test,4325,BDMAP_00007186
test,4326,BDMAP_00005904
test,4327,BDMAP_00007540
test,4328,BDMAP_00006061
test,4329,BDMAP_00005674
test,4330,BDMAP_00007163
test,4331,BDMAP_00005499
test,4332,BDMAP_00006180
test,4333,BDMAP_00008542
test,4334,BDMAP_00007072
test,4335,BDMAP_00008224
test,4336,BDMAP_00008778
test,4337,BDMAP_00006329
test,4338,BDMAP_00008239
test,4339,BDMAP_00005895
test,4340,BDMAP_00007501
test,4341,BDMAP_00007741
test,4342,BDMAP_00008606
test,4343,BDMAP_00008944
test,4344,BDMAP_00007956
test,4345,BDMAP_00006575
test,4346,BDMAP_00007872
test,4347,BDMAP_00007959
test,4348,BDMAP_00007594
test,4349,BDMAP_00007357
test,4350,BDMAP_00005894
test,4351,BDMAP_00005599
test,4352,BDMAP_00008270
test,4353,BDMAP_00008653
test,4354,BDMAP_00006898
test,4355,BDMAP_00008386
test,4356,BDMAP_00007061
test,4357,BDMAP_00007845
test,4358,BDMAP_00006901
test,4359,BDMAP_00006320
test,4360,BDMAP_00005500
test,4361,BDMAP_00007967
test,4362,BDMAP_00007681
test,4363,BDMAP_00006594
test,4364,BDMAP_00008096
test,4365,BDMAP_00007702
test,4366,BDMAP_00006450
test,4367,BDMAP_00006538
test,4368,BDMAP_00009162
test,4369,BDMAP_00007413
test,4370,BDMAP_00008907
test,4371,BDMAP_00005853
test,4372,BDMAP_00005558
test,4373,BDMAP_00006243
test,4374,BDMAP_00006395
test,4375,BDMAP_00006350
test,4376,BDMAP_00008895
test,4377,BDMAP_00005477
test,4378,BDMAP_00009111
test,4379,BDMAP_00008459
test,4380,BDMAP_00008630
test,4381,BDMAP_00006001
test,4382,BDMAP_00005201
test,4383,BDMAP_00007626
test,4384,BDMAP_00009045
test,4385,BDMAP_00006092
test,4386,BDMAP_00007398
test,4387,BDMAP_00008631
test,4388,BDMAP_00005660
test,4389,BDMAP_00009232
test,4390,BDMAP_00005386
test,4391,BDMAP_00007840
test,4392,BDMAP_00006718
test,4393,BDMAP_00006563
test,4394,BDMAP_00006066
test,4395,BDMAP_00008292
test,4396,BDMAP_00006931
test,4397,BDMAP_00007713
test,4398,BDMAP_00006453
test,4399,BDMAP_00007117
test,4400,BDMAP_00008464
test,4401,BDMAP_00008493
test,4402,BDMAP_00007244
test,4403,BDMAP_00006836
test,4404,BDMAP_00007629
test,4405,BDMAP_00007700
test,4406,BDMAP_00009206
test,4407,BDMAP_00007923
test,4408,BDMAP_00009142
test,4409,BDMAP_00007803
test,4410,BDMAP_00005463
test,4411,BDMAP_00007068
test,4412,BDMAP_00006004
test,4413,BDMAP_00006194
test,4414,BDMAP_00006441
test,4415,BDMAP_00008126
test,4416,BDMAP_00006928
test,4417,BDMAP_00007979
test,4418,BDMAP_00008202
test,4419,BDMAP_00006272
test,4420,BDMAP_00005824
test,4421,BDMAP_00009071
test,4422,BDMAP_00005671
test,4423,BDMAP_00008099
test,4424,BDMAP_00008197
test,4425,BDMAP_00006694
test,4426,BDMAP_00007408
test,4427,BDMAP_00005669
test,4428,BDMAP_00008157
test,4429,BDMAP_00005483
test,4430,BDMAP_00008006
test,4431,BDMAP_00006371
test,4432,BDMAP_00007234
test,4433,BDMAP_00009155
test,4434,BDMAP_00006398
test,4435,BDMAP_00009034
test,4436,BDMAP_00006228
test,4437,BDMAP_00008388
test,4438,BDMAP_00006437
test,4439,BDMAP_00005809
test,4440,BDMAP_00005411
test,4441,BDMAP_00006059
test,4442,BDMAP_00007383
test,4443,BDMAP_00007932
test,4444,BDMAP_00008283
test,4445,BDMAP_00005587
test,4446,BDMAP_00006583
test,4447,BDMAP_00008670
test,4448,BDMAP_00008352
test,4449,BDMAP_00005481
test,4450,BDMAP_00005612
test,4451,BDMAP_00005526
test,4452,BDMAP_00008429
test,4453,BDMAP_00007085
test,4454,BDMAP_00007035
test,4455,BDMAP_00006897
test,4456,BDMAP_00007637
test,4457,BDMAP_00007324
test,4458,BDMAP_00005444
test,4459,BDMAP_00007025
test,4460,BDMAP_00009064
test,4461,BDMAP_00009042
test,4462,BDMAP_00005887
test,4463,BDMAP_00006984
test,4464,BDMAP_00007226
test,4465,BDMAP_00007593
test,4466,BDMAP_00008903
test,4467,BDMAP_00008870
test,4468,BDMAP_00007891
test,4469,BDMAP_00005375
test,4470,BDMAP_00005752
test,4471,BDMAP_00007024
test,4472,BDMAP_00005718
test,4473,BDMAP_00007362
test,4474,BDMAP_00007041
test,4475,BDMAP_00006735
test,4476,BDMAP_00007333
test,4477,BDMAP_00006690
test,4478,BDMAP_00008168
test,4479,BDMAP_00005323
test,4480,BDMAP_00007251
test,4481,BDMAP_00006143
test,4482,BDMAP_00006933
test,4483,BDMAP_00005949
test,4484,BDMAP_00008498
test,4485,BDMAP_00008443
test,4486,BDMAP_00009015
test,4487,BDMAP_00006136
test,4488,BDMAP_00007138
test,4489,BDMAP_00008532
test,4490,BDMAP_00005495
test,4491,BDMAP_00005756
test,4492,BDMAP_00006419
test,4493,BDMAP_00005395
test,4494,BDMAP_00006310
test,4495,BDMAP_00006854
test,4496,BDMAP_00008645
test,4497,BDMAP_00008318
test,4498,BDMAP_00008110
test,4499,BDMAP_00008878
test,4500,BDMAP_00007679
test,4501,BDMAP_00005662
test,4502,BDMAP_00005779
test,4503,BDMAP_00006361
test,4504,BDMAP_00008063
test,4505,BDMAP_00009165
test,4506,BDMAP_00006687
test,4507,BDMAP_00006714
test,4508,BDMAP_00008838
test,4509,BDMAP_00005926
test,4510,BDMAP_00005935
test,4511,BDMAP_00006041
test,4512,BDMAP_00009095
test,4513,BDMAP_00008701
test,4514,BDMAP_00006787
test,4515,BDMAP_00008374
test,4516,BDMAP_00007178
test,4517,BDMAP_00006608
test,4518,BDMAP_00006050
test,4519,BDMAP_00006670
test,4520,BDMAP_00007704
test,4521,BDMAP_00006438
test,4522,BDMAP_00007607
test,4523,BDMAP_00008559
test,4524,BDMAP_00008976
test,4525,BDMAP_00008845
test,4526,BDMAP_00009235
test,4527,BDMAP_00007016
test,4528,BDMAP_00008817
test,4529,BDMAP_00009035
test,4530,BDMAP_00008263
test,4531,BDMAP_00007211
test,4532,BDMAP_00008821
test,4533,BDMAP_00009231
test,4534,BDMAP_00005484
test,4535,BDMAP_00006581
test,4536,BDMAP_00007179
test,4537,BDMAP_00005515
test,4538,BDMAP_00008990
test,4539,BDMAP_00005554
test,4540,BDMAP_00006858
test,4541,BDMAP_00007335
test,4542,BDMAP_00008394
test,4543,BDMAP_00007504
test,4544,BDMAP_00008968
test,4545,BDMAP_00008894
test,4546,BDMAP_00006410
test,4547,BDMAP_00008558
test,4548,BDMAP_00005249
test,4549,BDMAP_00006027
test,4550,BDMAP_00005644
test,4551,BDMAP_00005907
test,4552,BDMAP_00006181
test,4553,BDMAP_00006012
test,4554,BDMAP_00008329
test,4555,BDMAP_00009058
test,4556,BDMAP_00007950
test,4557,BDMAP_00008828
test,4558,BDMAP_00007774
test,4559,BDMAP_00005330
test,4560,BDMAP_00005224
test,4561,BDMAP_00006064
test,4562,BDMAP_00005417
test,4563,BDMAP_00006420
test,4564,BDMAP_00008480
test,4565,BDMAP_00005547
test,4566,BDMAP_00005298
test,4567,BDMAP_00008913
test,4568,BDMAP_00007026
test,4569,BDMAP_00008395
test,4570,BDMAP_00005880
test,4571,BDMAP_00007389
test,4572,BDMAP_00008635
test,4573,BDMAP_00008721
test,4574,BDMAP_00007725
test,4575,BDMAP_00005775
test,4576,BDMAP_00006445
test,4577,BDMAP_00007175
test,4578,BDMAP_00008302
test,4579,BDMAP_00008344
test,4580,BDMAP_00006844
test,4581,BDMAP_00007296
test,4582,BDMAP_00007261
test,4583,BDMAP_00008085
test,4584,BDMAP_00007433
test,4585,BDMAP_00008617
test,4586,BDMAP_00006000
test,4587,BDMAP_00006510
test,4588,BDMAP_00006166
test,4589,BDMAP_00006292
test,4590,BDMAP_00006411
test,4591,BDMAP_00008657
test,4592,BDMAP_00005801
test,4593,BDMAP_00006172
test,4594,BDMAP_00008854
test,4595,BDMAP_00007855
test,4596,BDMAP_00008396
test,4597,BDMAP_00006568
test,4598,BDMAP_00007517
test,4599,BDMAP_00009175
test,4600,BDMAP_00006713
test,4601,BDMAP_00006947
test,4602,BDMAP_00005977
test,4603,BDMAP_00007347
test,4604,BDMAP_00005202
test,4605,BDMAP_00006873
test,4606,BDMAP_00005433
test,4607,BDMAP_00006286
test,4608,BDMAP_00008804
test,4609,BDMAP_00008763
test,4610,BDMAP_00006379
test,4611,BDMAP_00007164
test,4612,BDMAP_00007210
test,4613,BDMAP_00005592
test,4614,BDMAP_00007202
test,4615,BDMAP_00006869
test,4616,BDMAP_00008746
test,4617,BDMAP_00006909
test,4618,BDMAP_00008658
test,4619,BDMAP_00006816
test,4620,BDMAP_00008479
test,4621,BDMAP_00006388
test,4622,BDMAP_00005348
test,4623,BDMAP_00005933
test,4624,BDMAP_00009204
test,4625,BDMAP_00009195
test,4626,BDMAP_00007372
test,4627,BDMAP_00006649
test,4628,BDMAP_00008241
test,4629,BDMAP_00008752
test,4630,BDMAP_00006963
test,4631,BDMAP_00005784
test,4632,BDMAP_00008456
test,4633,BDMAP_00008475
test,4634,BDMAP_00008853
test,4635,BDMAP_00006592
test,4636,BDMAP_00008740
test,4637,BDMAP_00008859
test,4638,BDMAP_00009053
test,4639,BDMAP_00006871
test,4640,BDMAP_00007243
test,4641,BDMAP_00008332
test,4642,BDMAP_00007799
test,4643,BDMAP_00008765
test,4644,BDMAP_00008582
test,4645,BDMAP_00008038
test,4646,BDMAP_00007054
test,4647,BDMAP_00007204
test,4648,BDMAP_00009094
test,4649,BDMAP_00006125
test,4650,BDMAP_00009098
test,4651,BDMAP_00005739
test,4652,BDMAP_00007856
test,4653,BDMAP_00005891
test,4654,BDMAP_00008599
test,4655,BDMAP_00005693
test,4656,BDMAP_00005625
test,4657,BDMAP_00006281
test,4658,BDMAP_00008220
test,4659,BDMAP_00008543
test,4660,BDMAP_00005679
test,4661,BDMAP_00008497
test,4662,BDMAP_00005872
test,4663,BDMAP_00009068
test,4664,BDMAP_00007323
test,4665,BDMAP_00008825
test,4666,BDMAP_00008888
test,4667,BDMAP_00007511
test,4668,BDMAP_00007379
test,4669,BDMAP_00007788
test,4670,BDMAP_00008900
test,4671,BDMAP_00006257
test,4672,BDMAP_00008070
test,4673,BDMAP_00005470
test,4674,BDMAP_00008690
test,4675,BDMAP_00007978
test,4676,BDMAP_00007221
test,4677,BDMAP_00005237
test,4678,BDMAP_00005434
test,4679,BDMAP_00009112
test,4680,BDMAP_00008177
test,4681,BDMAP_00006355
test,4682,BDMAP_00008642
test,4683,BDMAP_00007469
test,4684,BDMAP_00007108
test,4685,BDMAP_00006035
test,4686,BDMAP_00006730
test,4687,BDMAP_00009203
test,4688,BDMAP_00008041
test,4689,BDMAP_00007152
test,4690,BDMAP_00008540
test,4691,BDMAP_00006790
test,4692,BDMAP_00006609
test,4693,BDMAP_00006797
test,4694,BDMAP_00006346
test,4695,BDMAP_00008154
test,4696,BDMAP_00008316
test,4697,BDMAP_00007966
test,4698,BDMAP_00008033
test,4699,BDMAP_00005252
test,4700,BDMAP_00007780
test,4701,BDMAP_00006616
test,4702,BDMAP_00007076
test,4703,BDMAP_00006094
test,4704,BDMAP_00008858
test,4705,BDMAP_00007441
test,4706,BDMAP_00005513
test,4707,BDMAP_00008401
test,4708,BDMAP_00005851
test,4709,BDMAP_00009136
test,4710,BDMAP_00006446
test,4711,BDMAP_00007375
test,4712,BDMAP_00006779
test,4713,BDMAP_00007823
test,4714,BDMAP_00007670
test,4715,BDMAP_00007792
test,4716,BDMAP_00005603
test,4717,BDMAP_00009139
test,4718,BDMAP_00006544
test,4719,BDMAP_00005996
test,4720,BDMAP_00006712
test,4721,BDMAP_00006280
test,4722,BDMAP_00005231
test,4723,BDMAP_00008275
test,4724,BDMAP_00009214
test,4725,BDMAP_00006252
test,4726,BDMAP_00005927
test,4727,BDMAP_00007516
test,4728,BDMAP_00005527
test,4729,BDMAP_00007304
test,4730,BDMAP_00008770
test,4731,BDMAP_00008909
test,4732,BDMAP_00006347
test,4733,BDMAP_00008306
test,4734,BDMAP_00006380
test,4735,BDMAP_00006382
test,4736,BDMAP_00008982
test,4737,BDMAP_00006024
test,4738,BDMAP_00006762
test,4739,BDMAP_00006780
test,4740,BDMAP_00008713
test,4741,BDMAP_00007888
test,4742,BDMAP_00005342
test,4743,BDMAP_00007602
test,4744,BDMAP_00009257
test,4745,BDMAP_00006614
test,4746,BDMAP_00007467
test,4747,BDMAP_00008557
test,4748,BDMAP_00008022
test,4749,BDMAP_00006268
test,4750,BDMAP_00005947
test,4751,BDMAP_00005785
test,4752,BDMAP_00008726
test,4753,BDMAP_00005346
test,4754,BDMAP_00008093
test,4755,BDMAP_00006495
test,4756,BDMAP_00008856
test,4757,BDMAP_00007822
test,4758,BDMAP_00008108
test,4759,BDMAP_00007032
test,4760,BDMAP_00005608
test,4761,BDMAP_00005979
test,4762,BDMAP_00007736
test,4763,BDMAP_00007368
test,4764,BDMAP_00006803
test,4765,BDMAP_00007305
test,4766,BDMAP_00009196
test,4767,BDMAP_00006607
test,4768,BDMAP_00008958
test,4769,BDMAP_00007899
test,4770,BDMAP_00007033
test,4771,BDMAP_00006946
test,4772,BDMAP_00007245
test,4773,BDMAP_00006512
test,4774,BDMAP_00006282
test,4775,BDMAP_00007608
test,4776,BDMAP_00008554
test,4777,BDMAP_00005381
test,4778,BDMAP_00008861
test,4779,BDMAP_00005511
test,4780,BDMAP_00005331
test,4781,BDMAP_00006875
test,4782,BDMAP_00006954
test,4783,BDMAP_00006706
test,4784,BDMAP_00009246
test,4785,BDMAP_00008179
test,4786,BDMAP_00008876
test,4787,BDMAP_00006187
test,4788,BDMAP_00006794
test,4789,BDMAP_00006231
test,4790,BDMAP_00006593
test,4791,BDMAP_00009086
test,4792,BDMAP_00006824
test,4793,BDMAP_00007927
test,4794,BDMAP_00009215
test,4795,BDMAP_00008864
test,4796,BDMAP_00008020
test,4797,BDMAP_00007145
test,4798,BDMAP_00006754
test,4799,BDMAP_00008398
test,4800,BDMAP_00008754
test,4801,BDMAP_00007766
test,4802,BDMAP_00006273
test,4803,BDMAP_00007744
test,4804,BDMAP_00007753
test,4805,BDMAP_00006698
test,4806,BDMAP_00007427
test,4807,BDMAP_00007014
test,4808,BDMAP_00006045
test,4809,BDMAP_00007494
test,4810,BDMAP_00007570
test,4811,BDMAP_00007008
test,4812,BDMAP_00006887
test,4813,BDMAP_00008623
test,4814,BDMAP_00005684
test,4815,BDMAP_00008023
test,4816,BDMAP_00005828
test,4817,BDMAP_00009027
test,4818,BDMAP_00008046
test,4819,BDMAP_00005888
test,4820,BDMAP_00006037
test,4821,BDMAP_00007020
test,4822,BDMAP_00008065
test,4823,BDMAP_00009188
test,4824,BDMAP_00008737
test,4825,BDMAP_00007349
test,4826,BDMAP_00009054
test,4827,BDMAP_00006637
test,4828,BDMAP_00006357
test,4829,BDMAP_00006209
test,4830,BDMAP_00005543
test,4831,BDMAP_00007929
test,4832,BDMAP_00008112
test,4833,BDMAP_00006549
test,4834,BDMAP_00006783
test,4835,BDMAP_00005303
test,4836,BDMAP_00009236
test,4837,BDMAP_00006141
test,4838,BDMAP_00007633
test,4839,BDMAP_00007832
test,4840,BDMAP_00006299
test,4841,BDMAP_00006663
test,4842,BDMAP_00006627
test,4843,BDMAP_00005694
test,4844,BDMAP_00008400
test,4845,BDMAP_00006791
test,4846,BDMAP_00005672
test,4847,BDMAP_00005892
test,4848,BDMAP_00006407
test,4849,BDMAP_00005449
test,4850,BDMAP_00005219
test,4851,BDMAP_00007083
test,4852,BDMAP_00007880
test,4853,BDMAP_00005373
test,4854,BDMAP_00008193
test,4855,BDMAP_00006526
test,4856,BDMAP_00009096
test,4857,BDMAP_00006489
test,4858,BDMAP_00005637
test,4859,BDMAP_00007377
test,4860,BDMAP_00006611
test,4861,BDMAP_00007660
test,4862,BDMAP_00007701
test,4863,BDMAP_00008889
test,4864,BDMAP_00007430
test,4865,BDMAP_00005778
test,4866,BDMAP_00008234
test,4867,BDMAP_00006076
test,4868,BDMAP_00007017
test,4869,BDMAP_00008333
test,4870,BDMAP_00007134
test,4871,BDMAP_00005773
test,4872,BDMAP_00007639
test,4873,BDMAP_00006525
test,4874,BDMAP_00006480
test,4875,BDMAP_00005902
test,4876,BDMAP_00008379
test,4877,BDMAP_00008235
test,4878,BDMAP_00009242
test,4879,BDMAP_00008405
test,4880,BDMAP_00007793
test,4881,BDMAP_00005657
test,4882,BDMAP_00008994
test,4883,BDMAP_00006098
test,4884,BDMAP_00005908
test,4885,BDMAP_00008201
test,4886,BDMAP_00006722
test,4887,BDMAP_00005525
test,4888,BDMAP_00007973
test,4889,BDMAP_00007004
test,4890,BDMAP_00007733
test,4891,BDMAP_00008722
test,4892,BDMAP_00005790
test,4893,BDMAP_00005549
test,4894,BDMAP_00008119
test,4895,BDMAP_00007909
test,4896,BDMAP_00005436
test,4897,BDMAP_00007206
test,4898,BDMAP_00006958
test,4899,BDMAP_00008831
test,4900,BDMAP_00009253
test,4901,BDMAP_00005963
test,4902,BDMAP_00006905
test,4903,BDMAP_00006107
test,4904,BDMAP_00006975
test,4905,BDMAP_00007247
test,4906,BDMAP_00009135
test,4907,BDMAP_00007712
test,4908,BDMAP_00005783
test,4909,BDMAP_00008603
test,4910,BDMAP_00007318
test,4911,BDMAP_00006550
test,4912,BDMAP_00007624
test,4913,BDMAP_00008937
test,4914,BDMAP_00005368
test,4915,BDMAP_00009211
test,4916,BDMAP_00007355
test,4917,BDMAP_00009001
test,4918,BDMAP_00006771
test,4919,BDMAP_00008877
test,4920,BDMAP_00007265
test,4921,BDMAP_00008893
test,4922,BDMAP_00005520
test,4923,BDMAP_00009117
test,4924,BDMAP_00008923
test,4925,BDMAP_00007523
test,4926,BDMAP_00007625
test,4927,BDMAP_00007378
test,4928,BDMAP_00007953
test,4929,BDMAP_00006597
test,4930,BDMAP_00005562
test,4931,BDMAP_00007045
test,4932,BDMAP_00008805
test,4933,BDMAP_00007094
test,4934,BDMAP_00009090
test,4935,BDMAP_00008212
test,4936,BDMAP_00007732
test,4937,BDMAP_00009212
test,4938,BDMAP_00006293
test,4939,BDMAP_00007906
test,4940,BDMAP_00008047
test,4941,BDMAP_00009247
test,4942,BDMAP_00008942
test,4943,BDMAP_00008308
test,4944,BDMAP_00008019
test,4945,BDMAP_00008504
test,4946,BDMAP_00007915
test,4947,BDMAP_00005473
test,4948,BDMAP_00006792
test,4949,BDMAP_00006019
test,4950,BDMAP_00005861
test,4951,BDMAP_00006765
test,4952,BDMAP_00006432
test,4953,BDMAP_00007066
test,4954,BDMAP_00007782
test,4955,BDMAP_00006603
test,4956,BDMAP_00006781
test,4957,BDMAP_00005923
test,4958,BDMAP_00009251
test,4959,BDMAP_00007885
test,4960,BDMAP_00006653
test,4961,BDMAP_00007332
test,4962,BDMAP_00007889
test,4963,BDMAP_00007913
test,4964,BDMAP_00007485
test,4965,BDMAP_00006805
test,4966,BDMAP_00007111
test,4967,BDMAP_00006831
test,4968,BDMAP_00006386
test,4969,BDMAP_00007982
test,4970,BDMAP_00007001
test,4971,BDMAP_00006675
test,4972,BDMAP_00006808
test,4973,BDMAP_00009017
test,4974,BDMAP_00007330
test,4975,BDMAP_00007454
test,4976,BDMAP_00006826
test,4977,BDMAP_00005753
test,4978,BDMAP_00008463
test,4979,BDMAP_00005903
test,4980,BDMAP_00007881
test,4981,BDMAP_00007623
test,4982,BDMAP_00007031
test,4983,BDMAP_00006285
test,4984,BDMAP_00009092
test,4985,BDMAP_00006703
test,4986,BDMAP_00005482
test,4987,BDMAP_00005496
test,4988,BDMAP_00005292
test,4989,BDMAP_00007524
test,4990,BDMAP_00008683
test,4991,BDMAP_00006442
test,4992,BDMAP_00008687
test,4993,BDMAP_00006303
test,4994,BDMAP_00007053
test,4995,BDMAP_00008144
test,4996,BDMAP_00007696
test,4997,BDMAP_00006788
test,4998,BDMAP_00006814
test,4999,BDMAP_00009030
test,5000,BDMAP_00009101
test,5001,BDMAP_00005768
test,5002,BDMAP_00007196
test,5003,BDMAP_00005276
test,5004,BDMAP_00006895
test,5005,BDMAP_00007662
test,5006,BDMAP_00008223
test,5007,BDMAP_00007970
test,5008,BDMAP_00006013
test,5009,BDMAP_00005454
test,5010,BDMAP_00005922
test,5011,BDMAP_00008921
test,5012,BDMAP_00008356
test,5013,BDMAP_00005924
test,5014,BDMAP_00006937
test,5015,BDMAP_00006543
test,5016,BDMAP_00005244
test,5017,BDMAP_00008673
test,5018,BDMAP_00009100
test,5019,BDMAP_00006763
test,5020,BDMAP_00007299
test,5021,BDMAP_00007776
test,5022,BDMAP_00008260
test,5023,BDMAP_00005860
test,5024,BDMAP_00005253
test,5025,BDMAP_00006773
test,5026,BDMAP_00008590
test,5027,BDMAP_00007869
test,5028,BDMAP_00006229
test,5029,BDMAP_00007118
test,5030,BDMAP_00007011
test,5031,BDMAP_00006106
test,5032,BDMAP_00006246
test,5033,BDMAP_00008204
test,5034,BDMAP_00006435
test,5035,BDMAP_00007346
test,5036,BDMAP_00009026
test,5037,BDMAP_00008836
test,5038,BDMAP_00008419
test,5039,BDMAP_00008090
test,5040,BDMAP_00008879
test,5041,BDMAP_00008100
test,5042,BDMAP_00009125
test,5043,BDMAP_00007711
test,5044,BDMAP_00007718
test,5045,BDMAP_00007895
test,5046,BDMAP_00008750
test,5047,BDMAP_00008953
test,5048,BDMAP_00007567
test,5049,BDMAP_00007951
test,5050,BDMAP_00008331
test,5051,BDMAP_00007826
test,5052,BDMAP_00008102
test,5053,BDMAP_00005705
test,5054,BDMAP_00008927
test,5055,BDMAP_00008228
test,5056,BDMAP_00008873
test,5057,BDMAP_00008919
test,5058,BDMAP_00005774
test,5059,BDMAP_00006096
test,5060,BDMAP_00005407
test,5061,BDMAP_00008345
test,5062,BDMAP_00007598
test,5063,BDMAP_00006084
test,5064,BDMAP_00008185
test,5065,BDMAP_00008547
test,5066,BDMAP_00008384
test,5067,BDMAP_00006258
test,5068,BDMAP_00006090
test,5069,BDMAP_00005239
test,5070,BDMAP_00006455
test,5071,BDMAP_00008392
test,5072,BDMAP_00005478
test,5073,BDMAP_00006813
test,5074,BDMAP_00007984
test,5075,BDMAP_00007176
test,5076,BDMAP_00005456
test,5077,BDMAP_00005758
test,5078,BDMAP_00006528
test,5079,BDMAP_00006295
test,5080,BDMAP_00005414
test,5081,BDMAP_00008536
test,5082,BDMAP_00006571
test,5083,BDMAP_00006639
test,5084,BDMAP_00008486
test,5085,BDMAP_00008012
test,5086,BDMAP_00008748
test,5087,BDMAP_00008517
test,5088,BDMAP_00007868
test,5089,BDMAP_00006835
test,5090,BDMAP_00005281
test,5091,BDMAP_00007941
test,5092,BDMAP_00006263
test,5093,BDMAP_00007169
test,5094,BDMAP_00007706
test,5095,BDMAP_00006655
test,5096,BDMAP_00007464
test,5097,BDMAP_00007546
test,5098,BDMAP_00005944
test,5099,BDMAP_00006117
test,5100,BDMAP_00009234
test,5101,BDMAP_00006053
test,5102,BDMAP_00006100
test,5103,BDMAP_00007030
test,5104,BDMAP_00006657
test,5105,BDMAP_00007116
test,5106,BDMAP_00005803
test,5107,BDMAP_00008114
test,5108,BDMAP_00007814
test,5109,BDMAP_00008313
test,5110,BDMAP_00008382
test,5111,BDMAP_00005898
test,5112,BDMAP_00005725
test,5113,BDMAP_00008304
test,5114,BDMAP_00006431
test,5115,BDMAP_00008621
test,5116,BDMAP_00007063
test,5117,BDMAP_00009008
test,5118,BDMAP_00005544
test,5119,BDMAP_00005569
test,5120,BDMAP_00008140
test,5121,BDMAP_00007671
test,5122,BDMAP_00007698
test,5123,BDMAP_00006105
test,5124,BDMAP_00008537
test,5125,BDMAP_00005948
test,5126,BDMAP_00006981
test,5127,BDMAP_00007573
test,5128,BDMAP_00006478
test,5129,BDMAP_00005719
test,5130,BDMAP_00006896
test,5131,BDMAP_00008807
test,5132,BDMAP_00006165
test,5133,BDMAP_00008885
test,5134,BDMAP_00008101
test,5135,BDMAP_00007765
test,5136,BDMAP_00005632
test,5137,BDMAP_00007783
test,5138,BDMAP_00007285
test,5139,BDMAP_00006564
test,5140,BDMAP_00007091
test,5141,BDMAP_00009033
test,5142,BDMAP_00006676
test,5143,BDMAP_00007692
test,5144,BDMAP_00008238
test,5145,BDMAP_00008682
test,5146,BDMAP_00008860
test,5147,BDMAP_00008050
test,5148,BDMAP_00009019
test,5149,BDMAP_00005845
test,5150,BDMAP_00007006
test,5151,BDMAP_00005452
test,5152,BDMAP_00005327
test,5153,BDMAP_00006079
test,5154,BDMAP_00006237
test,5155,BDMAP_00005834
test,5156,BDMAP_00007058
test,5157,BDMAP_00008640
test,5158,BDMAP_00007835
test,5159,BDMAP_00007558
test,5160,BDMAP_00007600
test,5161,BDMAP_00007878
test,5162,BDMAP_00007180
test,5163,BDMAP_00007158
test,5164,BDMAP_00007122
test,5165,BDMAP_00007295
test,5166,BDMAP_00007746
test,5167,BDMAP_00009243
test,5168,BDMAP_00005204
test,5169,BDMAP_00008508
test,5170,BDMAP_00005438
test,5171,BDMAP_00005980
test,5172,BDMAP_00005384
test,5173,BDMAP_00007538
test,5174,BDMAP_00009118
test,5175,BDMAP_00006918
test,5176,BDMAP_00006083
test,5177,BDMAP_00008580
test,5178,BDMAP_00008964
test,5179,BDMAP_00005425
test,5180,BDMAP_00007707
test,5181,BDMAP_00007015
test,5182,BDMAP_00007334
test,5183,BDMAP_00007750
test,5184,BDMAP_00006260
test,5185,BDMAP_00006733
test,5186,BDMAP_00009119
test,5187,BDMAP_00006369
test,5188,BDMAP_00006140
test,5189,BDMAP_00006048
test,5190,BDMAP_00009218
test,5191,BDMAP_00005206
test,5192,BDMAP_00007943
test,5193,BDMAP_00009087
test,5194,BDMAP_00007790
test,5195,BDMAP_00008766
test,5196,BDMAP_00008267
test,5197,BDMAP_00005512
test,5198,BDMAP_00008135
test,5199,BDMAP_00009016
test,5200,BDMAP_00008803
test,5201,BDMAP_00005421
test,5202,BDMAP_00006155
test,5203,BDMAP_00007939
test,5204,BDMAP_00009021
test,5205,BDMAP_00005440
test,5206,BDMAP_00008232
test,5207,BDMAP_00009180
test,5208,BDMAP_00009249
test,5209,BDMAP_00006645
test,5210,BDMAP_00008357
test,5211,BDMAP_00006870
test,5212,BDMAP_00009216
test,5213,BDMAP_00009199
test,5214,BDMAP_00008291
test,5215,BDMAP_00005356
test,5216,BDMAP_00006599
test,5217,BDMAP_00006878
test,5218,BDMAP_00007759
test,5219,BDMAP_00005656
test,5220,BDMAP_00006060
test,5221,BDMAP_00008730
test,5222,BDMAP_00006343
test,5223,BDMAP_00006132
test,5224,BDMAP_00005806
test,5225,BDMAP_00005777
test,5226,BDMAP_00008368
test,5227,BDMAP_00006574
test,5228,BDMAP_00009036
test,5229,BDMAP_00006636
test,5230,BDMAP_00009260
test,5231,BDMAP_00008772
test,5232,BDMAP_00007721
test,5233,BDMAP_00007425
test,5234,BDMAP_00005627
test,5235,BDMAP_00005507
test,5236,BDMAP_00007621
test,5237,BDMAP_00006073
test,5238,BDMAP_00008691
test,5239,BDMAP_00006447
test,5240,BDMAP_00008001
test,5241,BDMAP_00008506
test,5242,BDMAP_00005659
test,5243,BDMAP_00009028
test,5244,BDMAP_00005807
test,5245,BDMAP_00008911
test,5246,BDMAP_00008399
test,5247,BDMAP_00008043
test,5248,BDMAP_00007657
test,5249,BDMAP_00006541
test,5250,BDMAP_00008656
test,5251,BDMAP_00006097
test,5252,BDMAP_00008974
test,5253,BDMAP_00006223
test,5254,BDMAP_00008996
test,5255,BDMAP_00009167
test,5256,BDMAP_00008539
test,5257,BDMAP_00005347
test,5258,BDMAP_00007438
test,5259,BDMAP_00006354
test,5260,BDMAP_00008624
test,5261,BDMAP_00008133
test,5262,BDMAP_00006336
test,5263,BDMAP_00007492
test,5264,BDMAP_00008576
test,5265,BDMAP_00007060
test,5266,BDMAP_00008914
test,5267,BDMAP_00007787
test,5268,BDMAP_00006558
test,5269,BDMAP_00005446
test,5270,BDMAP_00006509
test,5271,BDMAP_00007000
test,5272,BDMAP_00007816
test,5273,BDMAP_00008134
test,5274,BDMAP_00008863
test,5275,BDMAP_00005353
test,5276,BDMAP_00008188
test,5277,BDMAP_00008808
test,5278,BDMAP_00005344
test,5279,BDMAP_00008534
test,5280,BDMAP_00008512
test,5281,BDMAP_00006679
test,5282,BDMAP_00008830
test,5283,BDMAP_00006277
test,5284,BDMAP_00008511
test,5285,BDMAP_00008363
test,5286,BDMAP_00005290
test,5287,BDMAP_00007513
test,5288,BDMAP_00006925
test,5289,BDMAP_00006960
test,5290,BDMAP_00007739
test,5291,BDMAP_00006715
test,5292,BDMAP_00006497
test,5293,BDMAP_00007315
test,5294,BDMAP_00005869
test,5295,BDMAP_00006184
test,5296,BDMAP_00005986
test,5297,BDMAP_00007853
test,5298,BDMAP_00008965
test,5299,BDMAP_00008694
test,5300,BDMAP_00006368
test,5301,BDMAP_00008747
test,5302,BDMAP_00005234
test,5303,BDMAP_00005722
test,5304,BDMAP_00005296
test,5305,BDMAP_00005371
test,5306,BDMAP_00006472
test,5307,BDMAP_00007292
test,5308,BDMAP_00007394
test,5309,BDMAP_00007429
test,5310,BDMAP_00005583
test,5311,BDMAP_00008616
test,5312,BDMAP_00009011
test,5313,BDMAP_00007817
test,5314,BDMAP_00007709
test,5315,BDMAP_00007491
test,5316,BDMAP_00007288
test,5317,BDMAP_00008387
test,5318,BDMAP_00008686
test,5319,BDMAP_00007658
test,5320,BDMAP_00005873
test,5321,BDMAP_00008980
test,5322,BDMAP_00005641
test,5323,BDMAP_00007215
test,5324,BDMAP_00007685
test,5325,BDMAP_00006008
test,5326,BDMAP_00006403
test,5327,BDMAP_00007275
test,5328,BDMAP_00007411
test,5329,BDMAP_00005430
test,5330,BDMAP_00007743
test,5331,BDMAP_00007828
test,5332,BDMAP_00005704
test,5333,BDMAP_00005691
test,5334,BDMAP_00006708
test,5335,BDMAP_00007879
test,5336,BDMAP_00007321
test,5337,BDMAP_00006370
test,5338,BDMAP_00005422
test,5339,BDMAP_00007487
test,5340,BDMAP_00007548
test,5341,BDMAP_00008148
test,5342,BDMAP_00008469
test,5343,BDMAP_00007308
test,5344,BDMAP_00007512
test,5345,BDMAP_00008127
test,5346,BDMAP_00006095
test,5347,BDMAP_00007093
test,5348,BDMAP_00007833
test,5349,BDMAP_00006078
test,5350,BDMAP_00006468
test,5351,BDMAP_00007838
test,5352,BDMAP_00008036
test,5353,BDMAP_00007070
test,5354,BDMAP_00009114
test,5355,BDMAP_00008194
test,5356,BDMAP_00008950
test,5357,BDMAP_00006011
test,5358,BDMAP_00005728
test,5359,BDMAP_00007584
test,5360,BDMAP_00009224
test,5361,BDMAP_00008605
test,5362,BDMAP_00007038
test,5363,BDMAP_00005546
test,5364,BDMAP_00007329
test,5365,BDMAP_00007565
test,5366,BDMAP_00009074
test,5367,BDMAP_00008438
test,5368,BDMAP_00006641
test,5369,BDMAP_00007695
test,5370,BDMAP_00007127
test,5371,BDMAP_00007130
test,5372,BDMAP_00005291
test,5373,BDMAP_00006949
test,5374,BDMAP_00005218
test,5375,BDMAP_00007981
test,5376,BDMAP_00009189
test,5377,BDMAP_00007139
test,5378,BDMAP_00007694
test,5379,BDMAP_00005393
test,5380,BDMAP_00009172
test,5381,BDMAP_00006738
test,5382,BDMAP_00008437
test,5383,BDMAP_00006832
test,5384,BDMAP_00007687
test,5385,BDMAP_00009129
test,5386,BDMAP_00007125
test,5387,BDMAP_00005914
test,5388,BDMAP_00008286
test,5389,BDMAP_00005658
test,5390,BDMAP_00008045
test,5391,BDMAP_00008847
test,5392,BDMAP_00005209
test,5393,BDMAP_00006610
test,5394,BDMAP_00007705
test,5395,BDMAP_00005320
test,5396,BDMAP_00007120
test,5397,BDMAP_00005605
test,5398,BDMAP_00009213
test,5399,BDMAP_00009154
test,5400,BDMAP_00009000
test,5401,BDMAP_00008840
test,5402,BDMAP_00007983
test,5403,BDMAP_00005617
test,5404,BDMAP_00008152
test,5405,BDMAP_00006961
test,5406,BDMAP_00008123
test,5407,BDMAP_00009099
test,5408,BDMAP_00006668
test,5409,BDMAP_00007010
test,5410,BDMAP_00008620
test,5411,BDMAP_00008269
test,5412,BDMAP_00006186
test,5413,BDMAP_00005761
test,5414,BDMAP_00006857
test,5415,BDMAP_00007618
test,5416,BDMAP_00006345
test,5417,BDMAP_00006123
test,5418,BDMAP_00007675
test,5419,BDMAP_00007102
test,5420,BDMAP_00007659
test,5421,BDMAP_00007412
test,5422,BDMAP_00007635
test,5423,BDMAP_00007316
test,5424,BDMAP_00007716
test,5425,BDMAP_00008402
test,5426,BDMAP_00007480
test,5427,BDMAP_00006213
test,5428,BDMAP_00006767
test,5429,BDMAP_00006888
test,5430,BDMAP_00008696
test,5431,BDMAP_00008991
test,5432,BDMAP_00008441
test,5433,BDMAP_00008295
test,5434,BDMAP_00005942
test,5435,BDMAP_00008380
test,5436,BDMAP_00009141
test,5437,BDMAP_00008281
test,5438,BDMAP_00006137
test,5439,BDMAP_00008939
test,5440,BDMAP_00008042
test,5441,BDMAP_00007142
test,5442,BDMAP_00005797
test,5443,BDMAP_00007185
test,5444,BDMAP_00005476
test,5445,BDMAP_00008563
test,5446,BDMAP_00008541
test,5447,BDMAP_00005878
test,5448,BDMAP_00007369
test,5449,BDMAP_00008415
test,5450,BDMAP_00008935
test,5451,BDMAP_00008264
test,5452,BDMAP_00008945
test,5453,BDMAP_00007084
test,5454,BDMAP_00008785
test,5455,BDMAP_00008955
test,5456,BDMAP_00006036
test,5457,BDMAP_00006853
test,5458,BDMAP_00006151
test,5459,BDMAP_00006613
test,5460,BDMAP_00005620
test,5461,BDMAP_00005208
test,5462,BDMAP_00008813
test,5463,BDMAP_00008334
test,5464,BDMAP_00007777
test,5465,BDMAP_00007219
test,5466,BDMAP_00006723
test,5467,BDMAP_00007222
test,5468,BDMAP_00005955
test,5469,BDMAP_00007644
test,5470,BDMAP_00006306
test,5471,BDMAP_00008039
test,5472,BDMAP_00006017
test,5473,BDMAP_00005798
test,5474,BDMAP_00009106
test,5475,BDMAP_00006646
test,5476,BDMAP_00005491
test,5477,BDMAP_00008799
test,5478,BDMAP_00007312
test,5479,BDMAP_00008059
test,5480,BDMAP_00006705
test,5481,BDMAP_00008783
test,5482,BDMAP_00008841
test,5483,BDMAP_00006321
test,5484,BDMAP_00005976
test,5485,BDMAP_00005300
test,5486,BDMAP_00006784
test,5487,BDMAP_00006491
test,5488,BDMAP_00008071
test,5489,BDMAP_00007974
test,5490,BDMAP_00007971
test,5491,BDMAP_00006457
